Date,Open,High,Low,Close,Volume,Dividends,Stock Splits
2020-01-02,30.181851831998554,30.446531207394713,30.13062587720583,30.429454803466797,37614200,0.0,0.0
2020-01-03,29.86594028395375,30.011088058626886,29.67810313684393,29.797637939453125,50357900,0.0,0.0
2020-01-06,29.37928412849453,29.797647935496926,29.345131316292,29.754955291748047,42185000,0.0,0.0
2020-01-07,29.626876461621816,29.814710347106164,29.48172869053045,29.558570861816406,34149000,0.0,0.0
2020-01-08,29.515890746114945,30.045246282642722,29.498814340808725,29.857412338256836,45311600,0.0,0.0
2020-01-09,30.139162662298638,30.164778896865887,29.83179390341999,29.90863609313965,39861600,0.0,0.0
2020-01-10,29.883026113325492,29.942791904992834,29.592733729373535,29.661039352416992,39730400,0.0,0.0
2020-01-13,29.746414601147094,29.94278835865202,29.592730224492634,29.93425178527832,37956100,0.0,0.0
2020-01-14,30.13915643334372,30.455061700461613,29.97693551390272,30.156232833862305,66719300,0.0,0.0
2020-01-15,29.68664505413543,29.703721455709584,29.319510562767512,29.60126304626465,74745500,0.0,0.0
2020-01-16,29.79764533727816,29.874487529537845,29.541502525085107,29.64396095275879,50368500,0.0,0.0
2020-01-17,29.814711444136194,29.8403276735009,29.54149554884212,29.635414123535156,54156100,0.0,0.0
2020-01-21,29.38781723472955,29.473199255159177,29.217059707852403,29.251209259033203,50811000,0.0,0.0
2020-01-22,29.345130202160497,29.413435823972232,29.225598620981277,29.336593627929688,38879700,0.0,0.0
2020-01-23,29.106062744311078,29.251207283753523,28.79869400550257,29.131675720214844,45717100,0.0,0.0
2020-01-24,29.13168117386512,29.148757579994726,28.405951826809723,28.636478424072266,47797200,0.0,0.0
2020-01-27,27.808288682159855,28.28641824914776,27.72290991451508,28.047351837158203,57096200,0.0,0.0
2020-01-28,28.19249767011296,28.593785015234957,28.13273188556172,28.380334854125977,38834600,0.0,0.0
2020-01-29,28.45717918415175,28.55109452623554,28.15834698191385,28.1839599609375,37414700,0.0,0.0
2020-01-30,27.919285399069384,28.619401759093872,27.89366916161094,28.585248947143555,50542800,0.0,0.0
2020-01-31,28.235193350711995,28.320572131408724,27.876598563395685,28.030282974243164,54845300,0.0,0.0
2020-02-03,28.175421861303768,28.51694342908569,28.107116244950962,28.149808883666992,48485500,0.0,0.0
2020-02-04,28.653550809706356,28.94384315919471,28.627934575610542,28.704776763916016,45061600,0.0,0.0
2020-02-05,29.114595305321338,29.72079612643354,29.088982332947012,29.635414123535156,54604800,0.0,0.0
2020-02-06,29.831789582029895,29.891555359044155,29.541497269250392,29.60126304626465,39511500,0.0,0.0
2020-02-07,29.302440118401826,29.59273249019799,29.234137755209854,29.5500431060791,31263000,0.0,0.0
2020-02-10,29.40488372292033,29.61833381652832,29.353657784927982,29.61833381652832,24373800,0.0,0.0
2020-02-11,29.754957416847443,29.917181657899796,29.678115212399398,29.686655044555664,32476300,0.0,0.0
2020-02-12,29.951327566177557,30.267232886290913,29.6951847724193,29.814716339111328,36656700,0.0,0.0
2020-02-13,29.67811335030173,29.908639949181904,29.49881597016986,29.806184768676758,31775100,0.0,0.0
2020-02-14,29.78057152939566,29.848873896809284,29.626887131475716,29.754955291748047,26447700,0.0,0.0
2020-02-18,29.686648780835217,29.73787799198872,29.037758467521442,29.259748458862305,40318000,0.0,0.0
2020-02-19,29.413434375979733,29.75495269725188,29.379281566755175,29.64396095275879,29632100,0.0,0.0
2020-02-20,29.421973515251974,29.951332333416875,29.421973515251974,29.754955291748047,42604100,0.0,0.0
2020-02-21,29.481738188792654,29.575656790288136,29.14875642493873,29.336593627929688,46675500,0.0,0.0
2020-02-24,28.329103799696274,28.354716775125716,27.765595541313143,27.94489288330078,79159600,0.0,0.0
2020-02-25,27.910743176425875,27.970508963722992,26.33121321444582,26.53612518310547,91586800,0.0,0.0
2020-02-26,26.800801366129182,26.980100345993083,26.092146905419504,26.151912689208984,80012800,0.0,0.0
2020-02-27,25.229808340693413,25.870158822726196,24.68337645047733,24.871212005615234,121148300,0.0,0.0
2020-02-28,23.906414634303044,24.546765026293304,23.650275128905044,24.333314895629883,171198800,0.0,0.0
2020-03-02,24.205249034667002,25.08466267215604,23.42829056441187,25.076126098632812,147776300,0.0,0.0
2020-03-03,25.076126157393315,25.40056969238831,23.581974999017532,23.692968368530273,138698500,0.0,0.0
2020-03-04,24.119869289173675,24.265015470389944,23.394138383092347,24.23940086364746,111239800,0.0,0.0
2020-03-05,23.405927013698165,23.50044486534957,22.68415820209144,23.01067352294922,110878700,0.18,0.0
2020-03-06,21.885056743968118,22.520900380326328,21.567135745232164,22.091276168823242,119121200,0.0,0.0
2020-03-09,19.101090887518435,20.183744031277556,18.48243265060731,18.84331703186035,145196000,0.0,0.0
2020-03-10,19.977531377136376,20.347008563752606,18.55117873035285,20.286861419677734,134863600,0.0,0.0
2020-03-11,19.625236438312342,20.587593868349632,19.126872359464265,19.479164123535156,127347000,0.0,0.0
2020-03-12,17.691924007907147,19.651010874695665,17.313854267533323,17.623184204101562,139552600,0.0,0.0
2020-03-13,19.066720852629295,20.836771948996105,18.456653687675015,20.75943946838379,128357400,0.0,0.0
2020-03-16,17.056081181814044,18.671467463504545,16.824083718930208,17.563037872314453,121688800,0.0,0.0
2020-03-17,18.09577144026012,19.49634729609969,17.21074660803992,18.886280059814453,120065700,0.0,0.0
2020-03-18,17.416967545836595,18.018440514490546,16.9271961614414,17.86377716064453,148272500,0.0,0.0
2020-03-19,17.40837242221643,18.68865231518827,16.325719263842625,18.216066360473633,122461300,0.0,0.0
2020-03-20,18.69725035848074,18.765990183226062,16.806902719654392,16.90142059326172,150910400,0.0,0.0
2020-03-23,16.54912598957958,16.901417736718635,15.423510935034946,15.535212516784668,181898500,0.0,0.0
2020-03-24,16.686607082911245,18.173106696788846,16.334315304798903,18.069997787475586,147882400,0.0,0.0
2020-03-25,18.654280677603456,18.989388644697573,17.537258490986133,18.13014030456543,146991300,0.0,0.0
2020-03-26,18.310583206601162,19.719751717167835,18.19028895332687,19.522123336791992,116111400,0.0,0.0
2020-03-27,18.628508493976355,19.075318125340132,18.1301444094203,18.559768676757812,91522800,0.0,0.0
2020-03-30,18.60273519428745,19.204209977576422,18.276221388913424,18.937843322753906,80449100,0.0,0.0
2020-03-31,18.748804813931024,19.32450146065159,18.009850468887304,18.24184799194336,95213700,0.0,0.0
2020-04-01,17.124822460093274,17.485706887069004,16.763938033117547,16.987342834472656,83961300,0.0,0.0
2020-04-02,16.884231221197556,17.86377554000825,16.83267677459267,17.674739837646484,70007400,0.0,0.0
2020-04-03,17.528671653881645,17.820816318020228,16.91001323276348,17.210750579833984,68293500,0.0,0.0
2020-04-06,18.0699993799608,18.559770839578114,17.880963631416076,18.37932777404785,97766200,0.0,0.0
2020-04-07,19.590861714161733,19.659601516570202,18.774576765421923,19.023757934570312,94560300,0.0,0.0
2020-04-08,19.255760425961743,20.27826668863921,19.255760425961743,20.14937973022461,81212300,0.0,0.0
2020-04-09,20.682109102660267,21.756169622232456,20.6649237410144,21.360916137695312,125275700,0.0,0.0
2020-04-13,21.292180787558085,21.352327927024245,20.43293219201495,20.553226470947266,83164700,0.0,0.0
2020-04-14,21.05158871775532,21.18047566784183,19.84864111880374,20.38996696472168,88991100,0.0,0.0
2020-04-15,19.040942922543024,19.461974408922284,18.826130839356495,19.066720962524414,99082200,0.0,0.0
2020-04-16,19.032348803573313,19.083903240752097,18.12154609861347,18.40509796142578,89213300,0.0,0.0
2020-04-17,19.195613226107618,20.106416253374096,19.169835178953125,20.003307342529297,92800300,0.0,0.0
2020-04-20,19.393236956846927,19.87441562257898,19.058130590930038,19.33308982849121,74446300,0.0,0.0
2020-04-21,18.817540070290995,19.22138787657969,18.473841030067007,18.594135284423828,78871300,0.0,0.0
2020-04-22,19.040950841453157,19.101097987538104,18.68865900962406,18.73162078857422,49669500,0.0,0.0
2020-04-23,18.869096069401383,19.238573182629988,18.77457984986568,18.791765213012695,50614800,0.0,0.0
2020-04-24,18.99798884094463,19.16124491016075,18.619918962822478,19.058135986328125,47633500,0.0,0.0
2020-04-27,19.350274228303885,20.321224192518866,19.290127102939184,20.16655921936035,66916700,0.0,0.0
2020-04-28,21.00862514897742,21.31795347492866,20.493075753876887,20.52744483947754,65504900,0.0,0.0
2020-04-29,21.403886447228075,21.575736854515803,21.06018727153956,21.292184829711914,73493900,0.0,0.0
2020-04-30,20.802402322796766,20.948474611756122,20.493074022972294,20.6649227142334,55244100,0.0,0.0
2020-05-01,20.08922912406995,20.157968938224258,19.599457743359675,19.83145523071289,51772600,0.0,0.0
2020-05-04,19.504939407454785,19.754120592152475,19.27294194526688,19.702566146850586,45886100,0.0,0.0
2020-05-05,20.17515109610796,20.209521817167605,19.436198621073608,19.47056770324707,45691900,0.0,0.0
2020-05-06,19.76271968964921,19.831459518666428,19.101097811054206,19.204208374023438,53874600,0.0,0.0
2020-05-07,19.470571513963904,20.080638821083525,19.427609743117195,19.62523651123047,51884300,0.0,0.0
2020-05-08,20.166556305798785,20.29544485740055,19.97752227640808,20.25248146057129,45181000,0.0,0.0
2020-05-11,19.857231006915804,19.865823687564184,19.384643404572376,19.40182876586914,68951800,0.0,0.0
2020-05-12,19.513532437436453,19.60805029585859,18.77457984986568,18.791765213012695,69588700,0.0,0.0
2020-05-13,18.611325488930426,18.688657997963972,17.803631305072663,17.932519912719727,112113400,0.0,0.0
2020-05-14,17.434154050349175,18.72302688896551,17.2708963652362,18.654285430908203,88359100,0.0,0.0
2020-05-15,18.387918166876297,18.645693708544464,18.241845851596953,18.42228889465332,64484000,0.0,0.0
2020-05-18,19.264349264568853,19.814267718152394,18.963611995683006,19.702566146850586,86589400,0.0,0.0
2020-05-19,19.470570555180807,19.762715171434667,19.066724356894078,19.083908081054688,62179000,0.0,0.0
2020-05-20,19.487754194765103,19.76271342365502,19.453383471710723,19.685380935668945,59789500,0.0,0.0
2020-05-21,19.599455841796612,19.9947109640006,19.57367943829363,19.676788330078125,57726000,0.0,0.0
2020-05-22,19.702565153741123,19.719750514270945,19.29871737572121,19.47056770324707,48107000,0.0,0.0
2020-05-26,20.407148515445712,21.13750994798627,20.364186753072932,20.862550735473633,119485500,0.0,0.0
2020-05-27,22.40060901894558,22.486534200122065,21.455435303777247,22.32327651977539,117672700,0.0,0.0
2020-05-28,22.409198614798704,22.460753060850006,21.300769010821075,21.360916137695312,84340800,0.0,0.0
2020-05-29,20.982846734262846,21.403878268459167,20.673516774899703,20.725072860717773,113811100,0.0,0.0
2020-06-01,20.862554772339493,21.369511533087184,20.664926366079897,21.146106719970703,58375500,0.0,0.0
2020-06-02,21.44684173590595,21.816318852482976,21.103142664283055,21.343732833862305,71118100,0.0,0.0
2020-06-03,21.91083941320591,22.46075799560343,21.816321542273844,22.331871032714844,86744600,0.0,0.0
2020-06-04,22.2453429568623,23.21441350015017,22.124209757819838,23.171152114868164,94545300,0.18,0.0
2020-06-05,25.04872675686209,25.100640753005134,24.122917532133386,24.321924209594727,118767900,0.0,0.0
2020-06-08,24.7372387430692,25.005462973860137,24.34787965779515,24.69397735595703,79598500,0.0,0.0
2020-06-09,23.984476650750132,24.693975560132046,23.8373856348231,24.417097091674805,77773400,0.0,0.0
2020-06-10,24.20078864020834,24.313270887247796,22.937537652520604,23.015409469604492,90415300,0.0,0.0
2020-06-11,21.613711785736577,22.228033526570307,20.488899562101576,20.705209732055664,149875500,0.0,0.0
2020-06-12,21.65698987055081,21.674293441940456,20.800401199884373,21.4406795501709,73729700,0.0,0.0
2020-06-15,20.558128190309677,21.77811797701766,20.49756157896219,21.760812759399414,76538900,0.0,0.0
2020-06-16,22.65200796441645,22.70392195847851,21.50989019315446,22.32321548461914,96796500,0.0,0.0
2020-06-17,22.409741895583718,22.409741895583718,21.561806099337844,21.631025314331055,58349500,0.0,0.0
2020-06-18,21.37145021913583,22.05498965051068,21.267620588256666,21.665632247924805,53419000,0.0,0.0
2020-06-19,22.011728228370963,22.054989611810374,21.189748740494238,21.847332000732422,127563600,0.0,0.0
2020-06-22,21.535842686142285,21.656977518682247,21.293576321694033,21.302228927612305,55484300,0.0,0.0
2020-06-23,21.639674142225466,21.985770156731444,21.423363926869733,21.449321746826172,46108300,0.0,0.0
2020-06-24,21.233014185969118,21.233014185969118,20.48890642401778,20.60138702392578,75437100,0.0,0.0
2020-06-25,20.506211279105088,21.432018836248897,20.376423815694075,21.388755798339844,65031900,0.0,0.0
2020-06-26,20.84365773468001,20.86096295234387,19.91785004377669,20.030330657958984,118139200,0.0,0.0
2020-06-29,20.25528891733061,20.627342760673056,19.987064705976106,20.23798370361328,66269200,0.0,0.0
2020-06-30,20.07359466711672,20.687915070868392,19.98707022495433,20.549476623535156,61716200,0.0,0.0
2020-07-01,20.79174337035902,20.82635215476837,20.099549528692044,20.125507354736328,57379900,0.0,0.0
2020-07-02,20.62734637057671,20.757132195537892,20.09089620366984,20.151464462280273,56000200,0.0,0.0
2020-07-06,20.610037990946307,20.835000823169757,20.29855073858829,20.471599578857422,59589000,0.0,0.0
2020-07-07,20.2293331814711,20.23798578922145,19.814017911351392,19.909194946289062,60645800,0.0,0.0
2020-07-08,19.926493961783653,20.06493234208264,19.64096459612754,19.987060546875,52922600,0.0,0.0
2020-07-09,19.848627201256196,20.038979609871998,19.372743704242556,19.701536178588867,79385900,0.0,0.0
2020-07-10,19.64962181486819,20.809044857215227,19.623665641734995,20.78308868408203,81142900,0.0,0.0
2020-07-13,21.085919392032622,21.207052578056494,20.644646378253817,20.93017578125,73598100,0.0,0.0
2020-07-14,20.670606865269008,20.895569722255313,20.289902015276397,20.886917114257812,67423100,0.0,0.0
2020-07-15,21.423363866225937,21.51854088881415,21.00804864999441,21.28492546081543,57384400,0.0,0.0
2020-07-16,20.54946614563822,20.956128671038275,20.36776639502829,20.705209732055664,78067100,0.0,0.0
2020-07-17,20.66195556797595,20.74848000312345,20.07359303966888,20.090896606445312,66659100,0.0,0.0
2020-07-20,20.064938448586798,20.506211538953938,19.995719237371336,20.402381896972656,61114000,0.0,0.0
2020-07-21,20.5148609192149,21.181096807393335,20.497557355478403,21.129182815551758,75499300,0.0,0.0
2020-07-22,20.973443322668775,21.051315150934332,20.739827837872102,21.03400993347168,52193700,0.0,0.0
2020-07-23,21.21571175003848,21.319539755815438,20.860963038053814,21.233016967773438,61047600,0.0,0.0
2020-07-24,21.250318593075967,21.483934060198056,20.999399560116732,21.068618774414062,50217600,0.0,0.0
2020-07-27,20.95613632792158,20.99939936790908,20.66195425727151,20.886917114257812,54721300,0.0,0.0
2020-07-28,20.87826383093946,21.250317711216482,20.83500244266751,21.0772705078125,48406500,0.0,0.0
2020-07-29,21.077266469557625,21.88194067964899,20.930175467171935,21.864635467529297,71393500,0.0,0.0
2020-07-30,21.38875459369786,21.587761256238903,21.068616382782206,21.492584228515625,61755900,0.0,0.0
2020-07-31,21.57045801623862,21.587763232011415,21.163793697159058,21.52719497680664,61955800,0.0,0.0
2020-08-03,21.656982104585886,21.899248520334474,21.362800042334445,21.622371673583984,58284000,0.0,0.0
2020-08-04,21.596410201589197,21.682934614159354,21.509887439334946,21.639673233032227,37985300,0.0,0.0
2020-08-05,21.907901108519287,22.141516566624944,21.847334504636233,21.968467712402344,51322600,0.0,0.0
2020-08-06,22.0203799244679,22.210732314171658,21.873288916414474,22.037683486938477,51999700,0.0,0.0
2020-08-07,21.92520431840341,22.66065940609966,21.855985113109412,22.591440200805664,63354500,0.0,0.0
2020-08-10,22.76448470924512,23.1971051039873,22.67796030023352,22.98079490661621,64051100,0.0,0.0
2020-08-11,23.60377318232566,24.01043582561874,23.171152716999195,23.292285919189453,81441000,0.0,0.0
2020-08-12,23.77682229071262,23.854694112760154,22.851014684498892,23.127891540527344,61971300,0.0,0.0
2020-08-13,22.920230253828528,23.075973873157906,22.617395621834294,22.799097061157227,55955500,0.0,0.0
2020-08-14,22.54817874048985,23.067323641602467,22.42704553534616,22.90292739868164,50931900,0.0,0.0
2020-08-17,22.764491045754507,22.851015478850236,22.357828355615762,22.40974235534668,57518700,0.0,0.0
2020-08-18,22.383779699178554,22.487607668575905,22.029029461176126,22.089597702026367,45850100,0.0,0.0
2020-08-19,22.202080910993732,22.565482147624767,21.96846547666321,22.063642501831055,59856000,0.0,0.0
2020-08-20,21.76945854192367,21.916549544922443,21.64832535721263,21.717544555664062,49403700,0.0,0.0
2020-08-21,21.61372184753418,22.003080994835457,21.544502626937994,21.61372184753418,55010700,0.0,0.0
2020-08-24,21.82137826077759,22.23669521090806,21.6656362610845,22.228042602539062,54579500,0.0,0.0
2020-08-25,22.530877752906235,22.660663580451,22.262651838955207,22.496267318725586,57304700,0.0,0.0
2020-08-26,22.44434917975096,22.44434917975096,22.09825315333518,22.115556716918945,39478000,0.0,0.0
2020-08-27,22.054987785299264,22.686613172975367,22.011726405442598,22.539522171020508,52934800,0.0,0.0
2020-08-28,22.842362827096327,22.902929435053338,22.487614137362712,22.75583839416504,46466400,0.0,0.0
2020-08-31,22.574133990850207,22.617395373381594,22.22803797965123,22.271299362182617,49416200,0.0,0.0
2020-09-01,22.132861666266525,22.40973848408967,21.977118043662006,22.245342254638672,46109200,0.0,0.0
2020-09-02,22.08959915880826,22.634700159882627,22.054988733182746,22.513566970825195,57300900,0.0,0.0
2020-09-03,22.82722850517661,23.193161231686876,22.18248854652477,22.35674285888672,86192500,0.18,0.0
2020-09-04,22.87950316766579,23.31513726835597,22.478718930888473,23.123458862304688,99621400,0.0,0.0
2020-09-08,22.774947939114888,22.931776465324674,22.121496854448818,22.19991111755371,74978600,0.0,0.0
2020-09-09,22.339313544983796,22.409014926488737,21.98209375704447,22.226049423217773,53822700,0.0,0.0
2020-09-10,22.39159606250655,22.557135843650588,21.851408983191405,21.903684616088867,56609600,0.0,0.0
2020-09-11,21.973384760071806,22.28704186318389,21.86012061828817,22.21734046936035,47708300,0.0,0.0
2020-09-14,22.36545447987723,22.644260034489402,22.252190346495606,22.435155868530273,47802400,0.0,0.0
2020-09-15,22.452582702095672,22.504858330625865,21.947247194804437,22.02566146850586,63820200,0.0,0.0
2020-09-16,22.0256550389882,22.574553132856828,21.825262141463412,22.304460525512695,64598600,0.0,0.0
2020-09-17,21.894968875748123,22.199913074502557,21.86883189361718,22.08664894104004,48862000,0.0,0.0
2020-09-18,21.9123945553983,22.287040141436844,21.86883181080357,21.964670181274414,94055800,0.0,0.0
2020-09-21,21.40705626248449,21.590023421741023,20.93657236776134,21.319929122924805,75218600,0.0,0.0
2020-09-22,21.145680376176216,21.433198826082904,20.744896125565894,20.85816192626953,68665300,0.0,0.0
2020-09-23,20.997566814654853,21.13696961271263,20.265701293945312,20.265701293945312,59950300,0.0,0.0
2020-09-24,20.37025140165798,20.753609905393855,19.995607441843486,20.33540153503418,53570700,0.0,0.0
2020-09-25,20.283125619719243,20.518366786114562,20.152434051729006,20.46609115600586,42111300,0.0,0.0
2020-09-28,20.80588435694682,21.18052995733854,20.72747174603465,20.98885154724121,47996900,0.0,0.0
2020-09-29,20.893012303609197,20.9017251855548,20.50094258693095,20.710046768188477,45695200,0.0,0.0
2020-09-30,20.718758864419463,21.189242838953724,20.710045982804278,20.98885154724121,56226100,0.0,0.0
2020-10-01,21.145676137226097,21.26765313339744,20.788456366885498,20.997560501098633,44782200,0.0,0.0
2020-10-02,20.596778379324913,21.285081010318446,20.53578987517351,21.093400955200195,51682100,0.0,0.0
2020-10-05,21.36349351173387,21.529033248812077,21.24151485169334,21.450620651245117,44396800,0.0,0.0
2020-10-06,21.712004013596122,21.947246830798772,21.154392887022944,21.232807159423828,67541100,0.0,0.0
2020-10-07,21.459335578151876,21.877545587718213,21.433198595049905,21.677152633666992,47648000,0.0,0.0
2020-10-08,21.738141580912682,22.043084112010682,21.616162906661327,21.990808486938477,52080600,0.0,0.0
2020-10-09,22.0779359470549,22.208625842479226,21.816556156206257,22.095361709594727,44511500,0.0,0.0
2020-10-12,22.04308741734688,22.504860216528122,21.990811784436,22.374170303344727,48362900,0.0,0.0
2020-10-13,22.339315868375255,22.374167393658453,21.6423019808332,21.738142013549805,61186900,0.0,0.0
2020-10-14,21.21537864913618,21.42448279452472,20.553214691166453,20.57935333251953,127409500,0.0,0.0
2020-10-15,20.55321653487981,21.08469065738375,20.457376503133283,21.041126251220703,66832400,0.0,0.0
2020-10-16,21.084687495623285,21.215377370890437,20.858157602981322,21.119537353515625,58357700,0.0,0.0
2020-10-19,21.171814551462944,21.189240312615684,20.64034213080071,20.666479110717773,51377900,0.0,0.0
2020-10-20,20.8145926609291,21.328640930487623,20.80587978123009,21.03240966796875,62476400,0.0,0.0
2020-10-21,21.10211229839096,21.20666519918349,20.919146799269008,20.953996658325195,41564900,0.0,0.0
2020-10-22,20.953996733703907,21.703287816945227,20.910433994273966,21.668437957763672,55402000,0.0,0.0
2020-10-23,21.99080756274092,22.008233324303365,21.529034852208696,21.694576263427734,51007400,0.0,0.0
2020-10-26,21.31993595170682,21.415776002101268,21.04113034526388,21.38092613220215,59450200,0.0,0.0
2020-10-27,21.163101599483884,21.250227074488095,20.744891675128862,20.779743194580078,55009300,0.0,0.0
2020-10-28,20.396388085735193,20.61420513206881,20.143721176130526,20.44866371154785,81942500,0.0,0.0
2020-10-29,20.352824558213754,20.692618605642316,20.143720401195242,20.509653091430664,57490400,0.0,0.0
2020-10-30,20.46608641786849,20.77103056956038,20.2482694040617,20.6490535736084,66453400,0.0,0.0
2020-11-02,20.814597350730413,21.136967324980496,20.44866462998189,20.980138778686523,59756400,0.0,0.0
2020-11-03,21.41577380526206,21.729430911241536,21.35478529283546,21.511613845825195,65106200,0.0,0.0
2020-11-04,20.81460122945666,21.03241832616278,20.274415760240526,20.631635665893555,88845500,0.0,0.0
2020-11-05,20.82331224153662,21.59874216616196,20.788462373337822,21.441913604736328,74722600,0.0,0.0
2020-11-06,21.72071172263745,21.746848699338695,21.11082345182674,21.180524826049805,55454500,0.0,0.0
2020-11-09,23.175734213256902,24.630752158717875,22.914352758866265,24.186405181884766,178378800,0.0,0.0
2020-11-10,23.951165631927932,24.186408474359247,23.68107292125443,24.099281311035156,77694600,0.0,0.0
2020-11-11,24.177692546285297,24.19511830911755,23.628794311567002,23.820472717285156,48360900,0.0,0.0
2020-11-12,23.384836461496874,23.437112083362116,22.923063759886393,23.254146575927734,67912600,0.0,0.0
2020-11-13,23.419691380347675,23.70720985542317,23.31514011403609,23.52424430847168,52421000,0.0,0.0
2020-11-16,24.273529099789084,24.395506098501762,23.681066542935554,24.029573440551758,57396700,0.0,0.0
2020-11-17,23.74205914664043,24.047003357950555,23.53295497192235,24.00343894958496,46402300,0.0,0.0
2020-11-18,24.073136984607757,24.334518412919785,23.489387288399865,23.506813049316406,54416700,0.0,0.0
2020-11-19,23.463250308837083,23.532951690691217,23.219294641441596,23.506813049316406,46423000,0.0,0.0
2020-11-20,23.29771129093897,23.480678475686208,23.201871257889838,23.358699798583984,40538000,0.0,0.0
2020-11-23,23.620080628586017,23.977300445463637,23.576516222983773,23.86403465270996,45421200,0.0,0.0
2020-11-24,24.334524252082836,25.25806819871107,24.325811369533877,25.24935531616211,80387800,0.0,0.0
2020-11-25,25.014110022765298,25.301630133282487,24.813718729203863,25.292917251586914,57249900,0.0,0.0
2020-11-27,25.240634695566577,25.353900472166632,25.10123194114491,25.258060455322266,25971600,0.0,0.0
2020-11-30,25.022819885425807,25.144798552634715,24.482634579972302,24.534910202026367,63567900,0.0,0.0
2020-12-01,25.040247773185325,25.301629229276852,24.97925926530763,24.996685028076172,50255100,0.0,0.0
2020-12-02,24.99667969448379,25.423600820346834,24.85727694570451,25.319047927856445,45257500,0.0,0.0
2020-12-03,25.371655637782098,25.5119272672128,25.099877892611598,25.345354080200195,54013700,0.18,0.0
2020-12-04,25.599600027988416,25.801240306551126,25.42425963748265,25.678503036499023,66188200,0.0,0.0
2020-12-07,25.336585392199023,25.55576000921142,25.15247951655003,25.503158569335938,42197800,0.0,0.0
2020-12-08,25.301521610340536,25.55576332957942,25.222618604190924,25.362890243530273,33869100,0.0,0.0
2020-12-09,25.643431627576394,25.643431627576394,25.205082368985344,25.248916625976562,54886300,0.0,0.0
2020-12-10,25.09987629169599,25.53822552375066,24.959604671212062,25.520692825317383,58859600,0.0,0.0
2020-12-11,25.143712912020295,25.20508153865422,24.810566550050897,25.04727554321289,40538400,0.0,0.0
2020-12-14,25.35411653559899,25.389183600329144,24.670291215582196,24.740427017211914,40267100,0.0,0.0
2020-12-15,24.85440279019863,25.266450482898655,24.766732605832544,25.108644485473633,43672700,0.0,0.0
2020-12-16,25.248917325831233,25.266451697981626,24.933306987972934,25.178781509399414,42463200,0.0,0.0
2020-12-17,25.170012503149692,25.354120053075544,25.012208181717078,25.275217056274414,43182700,0.0,0.0
2020-12-18,25.32781797499568,25.51192552112889,25.047274735335172,25.134944915771484,82817200,0.0,0.0
2020-12-21,25.511928664557917,26.29218985502407,25.187549458626364,26.073015213012695,93397400,0.0,0.0
2020-12-22,26.108079799330053,26.108079799330053,25.573293222920054,25.608360290527344,39054300,0.0,0.0
2020-12-23,25.766168623312367,26.60780006079129,25.713567181022967,26.344789505004883,52537200,0.0,0.0
2020-12-24,26.53766597332037,26.53766597332037,26.073015131723782,26.265888214111328,22632300,0.0,0.0
2020-12-28,26.502594804530187,26.78313805222857,26.2921873687564,26.41492462158203,32861200,0.0,0.0
2020-12-29,26.449990695392152,26.52012650024155,26.239583280843963,26.30971908569336,33291900,0.0,0.0
2020-12-30,26.30095493402088,26.493828001555947,26.248353492360348,26.28342056274414,26370100,0.0,0.0
2020-12-31,26.309722137416557,26.64286683105101,26.213284767499093,26.572731018066406,28716000,0.0,0.0
2021-01-04,26.704238049992075,26.80067542926862,26.081782858366697,26.327259063720703,51483900,0.0,0.0
2021-01-05,26.4499971377893,26.774376359332383,26.22205529846684,26.528900146484375,48507000,0.0,0.0
2021-01-06,27.966679585783748,28.59790185347533,27.493263303057446,28.185855865478516,107002800,0.0,0.0
2021-01-07,29.20282836532596,29.47460276112476,28.79077899835438,28.808313369750977,74358500,0.0,0.0
2021-01-08,28.860916745885763,28.931054240236108,28.150793009457445,28.519004821777344,44641400,0.0,0.0
2021-01-11,28.133248632868376,29.045015669197976,27.966675487352525,28.992412567138672,51868200,0.0,0.0
2021-01-12,29.299255472788552,29.781442211483217,29.106384121649278,29.50966453552246,68166200,0.0,0.0
2021-01-13,29.308031627186924,29.527206255960778,29.009953998280906,29.334331512451172,43172800,0.0,0.0
2021-01-14,29.35186452540714,30.13212563263029,29.29926141297416,29.798982620239258,48483500,0.0,0.0
2021-01-15,29.18529529474301,29.483372933091974,28.66804302067685,28.939817428588867,57684300,0.0,0.0
2021-01-19,28.49270117580446,29.457068185557482,28.229692295357214,28.72941017150879,78130200,0.0,0.0
2021-01-20,28.72064018557446,28.746943413623566,28.194622445341587,28.352428436279297,53920000,0.0,0.0
2021-01-21,28.352428582985688,28.475165833385834,27.817641982522844,27.852710723876953,49626600,0.0,0.0
2021-01-22,27.49326431156244,27.8351761767495,27.396826945619587,27.659835815429688,45314500,0.0,0.0
2021-01-25,27.414365695557457,27.440665583438037,26.800676005072436,27.317928314208984,48078400,0.0,0.0
2021-01-26,27.528330061742864,27.554631616331708,27.09874803647561,27.125049591064453,36373000,0.0,0.0
2021-01-27,26.572731387667005,26.677935944692045,26.011644875985997,26.15191650390625,63809200,0.0,0.0
2021-01-28,26.669169286959846,26.95847973429476,26.230820022987576,26.581499099731445,51223300,0.0,0.0
2021-01-29,26.651639847104413,26.73931005055664,25.941514376264458,25.994115829467773,64019100,0.0,0.0
2021-02-01,26.18698688162946,26.33602570461932,25.92397630873392,26.265888214111328,40985300,0.0,0.0
2021-02-02,26.809445347076995,27.352999259962527,26.774378269693745,27.203960418701172,53527000,0.0,0.0
2021-02-03,27.098750099888715,27.81764259169463,27.07244854329716,27.686138153076172,49404900,0.0,0.0
2021-02-04,27.87901097241444,28.519000460972222,27.861478273677662,28.492700576782227,51751900,0.0,0.0
2021-02-05,28.834612477584486,28.852146848508532,28.33489461143668,28.37872886657715,42008800,0.0,0.0
2021-02-08,28.431335426570712,29.176527887329126,28.4050355391655,29.00995635986328,46014100,0.0,0.0
2021-02-09,28.904754756523396,28.948589018935884,28.57160834237675,28.88722038269043,35868600,0.0,0.0
2021-02-10,29.036250425997626,29.29925928034008,28.808310310724575,28.91351318359375,45031900,0.0,0.0
2021-02-11,28.904748711962014,29.202826316108737,28.53653362715058,28.82584571838379,29479900,0.0,0.0
2021-02-12,28.931052688435706,29.325567712145936,28.85214968369366,29.255430221557617,37468300,0.0,0.0
2021-02-16,29.790211235899058,30.298697913270868,29.54473675404452,30.04445457458496,52802600,0.0,0.0
2021-02-17,29.84281498054418,30.298698559670665,29.62364037582985,30.167192459106445,45455300,0.0,0.0
2021-02-18,29.86035486512901,30.377607161559332,29.825286119256525,29.974323272705078,37541700,0.0,0.0
2021-02-19,29.98309223904986,30.447741418340588,29.965557866050627,30.281169891357422,54514100,0.0,0.0
2021-02-22,30.202272055101847,30.903630373432257,30.16720330310026,30.815961837768555,56783400,0.0,0.0
2021-02-23,31.052659411293092,31.46470877842666,30.80718490032299,31.140331268310547,67440700,0.0,0.0
2021-02-24,31.333204444540353,32.01702817342747,31.21046385084593,31.894290924072266,58139500,0.0,0.0
2021-02-25,32.4027653996297,32.46413400746573,31.35072686705195,31.499767303466797,74762000,0.0,0.0
2021-02-26,31.324433343617514,31.58744219401872,30.4039006950438,30.430200576782227,70933300,0.0,0.0
2021-03-01,31.140333754052662,31.604982928147418,30.894859223487835,31.377042770385742,45901700,0.0,0.0
2021-03-02,31.254299845698277,31.50853984445808,31.122793745657066,31.149093627929688,41167400,0.0,0.0
2021-03-03,31.534851533420003,32.411550184051954,31.420879772422666,31.929363250732422,66047000,0.0,0.0
2021-03-04,31.841256190746805,32.484424503863394,31.647423447277205,32.1584358215332,96512800,0.18,0.0
2021-03-05,32.62538497433525,33.127584814787056,31.86767900847467,32.53728103637695,74292300,0.0,0.0
2021-03-08,32.93376424100834,33.24213146685224,32.44037331870741,32.7135009765625,65335500,0.0,0.0
2021-03-09,32.202475780036615,32.73991846924837,31.550498658757917,31.999834060668945,63946000,0.0,0.0
2021-03-10,32.19368486414336,33.06592565351969,32.04390407184615,32.924957275390625,53365600,0.0,0.0
2021-03-11,32.83684005584056,33.29498794022012,32.46679611190135,32.81040954589844,45834000,0.0,0.0
2021-03-12,33.40952163704324,33.63859725454111,33.10996690192263,33.42714309692383,46069600,0.0,0.0
2021-03-15,33.5064325988854,33.54167551298037,32.79278207368323,33.25973892211914,50131600,0.0,0.0
2021-03-16,32.96900143323161,33.23332002028022,32.57253027455959,33.16283416748047,50300400,0.0,0.0
2021-03-17,33.48000701622829,33.79718656781821,32.889703242619106,33.43595504760742,63796000,0.0,0.0
2021-03-18,33.92934779689387,35.215687664707126,33.85005289655573,34.30820083618164,95439700,0.0,0.0
2021-03-19,33.735521049968796,34.290582034453806,33.06591887050196,33.94697189331055,106252700,0.0,0.0
2021-03-22,33.55049824409647,33.8148134592292,32.95138196395544,33.18045425415039,54701300,0.0,0.0
2021-03-23,32.91614792110775,33.321431584403,32.40513545446931,32.5108642578125,49838000,0.0,0.0
2021-03-24,32.78398859740437,33.29500106404281,32.502051843724956,32.5108642578125,43896800,0.0,0.0
2021-03-25,32.48442161090562,33.25974915478525,32.27297078317956,33.18045425415039,47517900,0.0,0.0
2021-03-26,33.788371615255215,34.149603108286605,33.55049033041096,34.07912063598633,66846000,0.0,0.0
2021-03-29,33.524056270653475,34.03506847594206,33.35665745906729,33.75313186645508,45680000,0.0,0.0
2021-03-30,34.035077167989215,34.76634938530528,34.035077167989215,34.352256774902344,56705900,0.0,0.0
2021-03-31,34.02625915780068,34.35225112290931,33.88529084024958,34.08793258666992,49270000,0.0,0.0
2021-04-01,34.21129077898521,34.81921615993543,34.11437440790244,34.79278564453125,65587000,0.0,0.0
2021-04-05,35.24212161964381,35.48881539547712,34.88969905906713,35.06591033935547,50328500,0.0,0.0
2021-04-06,34.82801818924651,35.37427337776553,34.76634475843789,34.96898651123047,42590100,0.0,0.0
2021-04-07,35.0394734140684,35.37427444927789,34.8808836269139,35.28616714477539,43136400,0.0,0.0
2021-04-08,35.06591005025107,35.10996202972231,34.55490103867363,34.977806091308594,45285900,0.0,0.0
2021-04-09,35.16282484670551,35.400709558336,34.81040230481951,35.23331069946289,45872900,0.0,0.0
2021-04-12,35.23330566358645,35.57691574429056,35.10995543889141,35.294979095458984,45544600,0.0,0.0
2021-04-13,35.07472284084756,35.08353189245654,34.53727994703286,34.64300537109375,46770400,0.0,0.0
2021-04-14,34.343445458165185,35.532869022016044,34.29058106834388,35.13639450073242,52023800,0.0,0.0
2021-04-15,35.00422895549688,35.10114530571976,33.524059914337926,34.131988525390625,118128900,0.0,0.0
2021-04-16,34.63419726861474,34.731110282771866,34.28177469748632,34.493228912353516,60633400,0.0,0.0
2021-04-19,34.70466641588545,34.73990933163099,34.3874868960744,34.510833740234375,42321100,0.0,0.0
2021-04-20,34.36105827390567,34.36105827390567,33.3830891545118,33.55049133300781,50834100,0.0,0.0
2021-04-21,33.25974235425137,34.16722563967144,32.96018427543073,34.11436462402344,37851800,0.0,0.0
2021-04-22,34.140813292250755,34.15843476048996,33.629800796168134,33.797203063964844,48093400,0.0,0.0
2021-04-23,33.76194727913436,34.66062165162819,33.67384333241835,34.5196533203125,48674100,0.0,0.0
2021-04-26,34.66943327992637,35.10995976816407,34.60775984044913,34.72229766845703,34699800,0.0,0.0
2021-04-27,34.95137081683309,35.171634066329496,34.81040247159341,35.13639450073242,34304800,0.0,0.0
2021-04-28,35.18044311112003,35.43594926270801,35.13639113762731,35.26854705810547,34084400,0.0,0.0
2021-04-29,35.726690548902894,36.23770278874899,35.64739566206297,36.2200813293457,44008700,0.0,0.0
2021-04-30,35.98221509098834,36.0350794962637,35.65622632750226,35.70908737182617,39203400,0.0,0.0
2021-05-03,36.008624534019596,36.167214296057175,35.61215012892565,35.73550033569336,41940500,0.0,0.0
2021-05-04,35.453570219290604,36.193654790656964,35.04828333046015,36.1231689453125,53880000,0.0,0.0
2021-05-05,36.299378965926294,36.61655853731288,35.91171355158715,36.46677780151367,37471100,0.0,0.0
2021-05-06,36.54609287525431,37.057105435993584,36.334641951532554,37.0130500793457,39044400,0.0,0.0
2021-05-07,36.237713853716876,37.22449235495966,36.22009238893298,37.162818908691406,39249200,0.0,0.0
2021-05-10,37.44475333967453,37.83241545842544,37.030657344884546,37.04827880859375,41271500,0.0,0.0
2021-05-11,36.60775237658534,37.303785070302105,36.42273204867093,36.62537384033203,42964700,0.0,0.0
2021-05-12,37.33902539384972,37.49761519555965,36.158414292759275,36.281761169433594,47533000,0.0,0.0
2021-05-13,35.99983053390918,37.083525453533724,35.929344672006344,36.86326217651367,42026100,0.0,0.0
2021-05-14,37.057092078263125,37.427132741865954,36.9337418294449,37.321407318115234,30932600,0.0,0.0
2021-05-17,37.21568529273009,37.75312487309396,37.145199429826086,37.656211853027344,32656400,0.0,0.0
2021-05-18,37.620960578871106,37.84122381017486,37.12756973080863,37.14519119262695,37880300,0.0,0.0
2021-05-19,36.69585796248435,37.00422516111347,36.39629981483731,36.9777946472168,42672800,0.0,0.0
2021-05-20,36.916124276214354,37.11876607515139,36.528458781769004,36.88969039916992,36871100,0.0,0.0
2021-05-21,37.021846419825565,37.53285539772815,36.90730859198777,37.35664749145508,40243800,0.0,0.0
2021-05-24,37.51523223957412,37.691440122097966,37.22448318369991,37.55928421020508,31390800,0.0,0.0
2021-05-25,37.61216663147707,38.11436677650604,36.9425675584224,37.0130500793457,52657700,0.0,0.0
2021-05-26,37.021845395580286,37.224487170948336,36.70466579554324,37.039466857910156,41332800,0.0,0.0
2021-05-27,37.427130423411995,37.75311908700428,37.10995081085717,37.48880386352539,52981100,0.0,0.0
2021-05-28,37.58572408931291,37.62977607092463,37.04828117517804,37.34783935546875,38509700,0.0,0.0
2021-06-01,37.841226508143876,38.131972246500055,37.68263670142217,37.81479263305664,42890700,0.0,0.0
2021-06-02,37.97338105824493,38.03505449628732,37.53285458025624,37.83241271972656,34180500,0.0,0.0
2021-06-03,37.84126020238918,38.47828973820999,37.761631510411576,38.26594543457031,46981200,0.18,0.0
2021-06-04,38.25709623032632,38.38980845623408,37.89434407935507,38.28363800048828,37192600,0.0,0.0
2021-06-07,38.28364411953268,38.38981459224817,38.097844948505944,38.15092849731445,28401900,0.0,0.0
2021-06-08,37.92088773466978,38.25709813219302,37.540439926311464,37.93858337402344,41871400,0.0,0.0
2021-06-09,37.57584232534649,37.80587895482565,37.257327472914504,37.4431266784668,42366300,0.0,0.0
2021-06-10,37.83241418283111,38.00936722299522,36.82378624152375,36.885719299316406,40123600,0.0,0.0
2021-06-11,36.99189539354879,37.06267458885098,36.72646412964408,37.0361328125,31203600,0.0,0.0
2021-06-14,37.027285268563396,37.08037219918123,36.32832591180591,36.593753814697266,36050700,0.0,0.0
2021-06-15,36.52297592855981,36.77071159480966,36.18676878345534,36.62030029296875,39247900,0.0,0.0
2021-06-16,36.522964738098764,37.151148159057016,35.983259519084505,36.82378387451172,63859100,0.0,0.0
2021-06-17,37.177688359127295,37.24846754258956,35.14273705188929,35.21351623535156,80728200,0.0,0.0
2021-06-18,34.51455283278508,34.771134538788374,34.05447971352838,34.311058044433594,102774200,0.0,0.0
2021-06-21,34.61187638121814,35.19581896184106,34.53224769408329,35.16927719116211,48119400,0.0,0.0
2021-06-22,35.28429724649865,35.62050425962164,34.75343820587107,35.36392593383789,44113200,0.0,0.0
2021-06-23,35.53203349240586,35.76207007367548,35.45240479598591,35.56742477416992,32039900,0.0,0.0
2021-06-24,35.77976837838112,36.28408236822109,35.54973177998515,36.12482833862305,37161800,0.0,0.0
2021-06-25,36.51411860545352,37.009586411044936,36.133670774840134,36.82378387451172,53178800,0.0,0.0
2021-06-28,36.68222034970496,36.78839418689495,36.36370558833127,36.77069854736328,34416500,0.0,0.0
2021-06-29,36.8326389588923,37.11576249778271,36.05404753939428,36.177913665771484,38519600,0.0,0.0
2021-06-30,36.0628863435188,36.593745402364156,36.027498439674275,36.47872543334961,29159800,0.0,0.0
2021-07-01,36.77069398938895,36.89456007565843,36.46102539861752,36.75299835205078,28045100,0.0,0.0
2021-07-02,36.60258899607515,36.6910671872956,36.36370294242677,36.40794372558594,28980800,0.0,0.0
2021-07-06,36.10713310531467,36.16906616616488,35.27545478801401,35.45240783691406,47578700,0.0,0.0
2021-07-07,35.0100198168924,35.39046761374804,34.82422067194375,35.16927719116211,43499900,0.0,0.0
2021-07-08,34.169496305793515,34.71805099623464,34.04563020637071,34.311058044433594,52793100,0.0,0.0
2021-07-09,35.080816148016076,35.60282588531024,34.859625638571075,35.425872802734375,43887200,0.0,0.0
2021-07-12,35.204672129688184,36.107129552695916,35.0719565122965,35.947872161865234,42624500,0.0,0.0
2021-07-13,35.815156740224225,35.815156740224225,35.01887315681703,35.266605377197266,54338100,0.0,0.0
2021-07-14,34.603041692019076,34.99233574946822,33.43515614457254,34.38185119628906,105651700,0.0,0.0
2021-07-15,33.966003567242986,34.79768178515489,33.90407051379401,34.35530090332031,54697300,0.0,0.0
2021-07-16,34.70035622112089,34.762289272374545,33.258193652432624,33.55016326904297,60469700,0.0,0.0
2021-07-19,32.51499417207641,32.95737504516589,32.30264986795025,32.674251556396484,83251500,0.0,0.0
2021-07-20,32.61231403506691,33.72711219744019,32.39112362883352,33.34666442871094,59462900,0.0,0.0
2021-07-21,33.66519417904665,34.30222391334721,33.60326110766734,34.02794647216797,49907400,0.0,0.0
2021-07-22,33.93945823395675,33.974849510814394,33.33782002776852,33.58555221557617,52715600,0.0,0.0
2021-07-23,33.797903077256976,33.85983613625842,33.231656037758825,33.35552215576172,48659400,0.0,0.0
2021-07-26,33.32012663539622,33.8332900591298,33.32012663539622,33.735965728759766,32258000,0.0,0.0
2021-07-27,33.37321961889808,33.83329620737256,33.14317963711145,33.60325622558594,39121400,0.0,0.0
2021-07-28,33.78904927252658,34.063326624015026,33.3997553261446,33.735965728759766,43331100,0.0,0.0
2021-07-29,34.10755999967297,34.48800776877594,33.948302637020674,34.22257995605469,43039100,0.0,0.0
2021-07-30,34.07217298981938,34.355299850608375,33.66518340102609,33.93946075439453,46210100,0.0,0.0
2021-08-02,33.974849510814394,34.46146775476424,33.54131480705308,33.58555221557617,49894000,0.0,0.0
2021-08-03,33.67403167383503,34.17834557517548,33.222801314679025,34.10756301879883,39680600,0.0,0.0
2021-08-04,33.647492248235444,34.3022175056406,33.49708435301049,33.85983657836914,42289800,0.0,0.0
2021-08-05,34.1252634842388,34.5587982656156,34.10756784264194,34.523406982421875,34754500,0.0,0.0
2021-08-06,34.921547467983565,35.75322230069776,34.921547467983565,35.52318572998047,58022300,0.0,0.0
2021-08-09,35.43471348905406,36.23984668461958,35.21352301362289,35.9832649230957,56340100,0.0,0.0
2021-08-10,36.018652034665074,36.82378513691653,35.90363543084231,36.65568161010742,44987300,0.0,0.0
2021-08-11,36.80609969205915,37.32810943318904,36.69992919177322,37.11576843261719,58458200,0.0,0.0
2021-08-12,37.36349617986129,37.41658311109612,36.95650649902447,37.29271697998047,37400100,0.0,0.0
2021-08-13,37.23961201178816,37.36347808290944,36.655669551432645,36.83262252807617,41344900,0.0,0.0
2021-08-16,36.416798401867055,36.5406645235413,35.93018004881879,36.53181838989258,38599100,0.0,0.0
2021-08-17,36.31947474237117,36.77955132806617,35.939026861413744,36.35486602783203,43526900,0.0,0.0
2021-08-18,36.07173993591723,36.74415743648802,35.97441559535205,36.08943557739258,50342500,0.0,0.0
2021-08-19,35.49663781394966,35.983256065087524,35.39931348870249,35.558570861816406,51883900,0.0,0.0
2021-08-20,35.47010223792556,35.80631268155905,35.31084483699909,35.71783447265625,40415000,0.0,0.0
2021-08-23,35.94786642281892,36.363702099068234,35.921321278519486,36.19559860229492,35364500,0.0,0.0
2021-08-24,36.363706430904024,36.876869863918245,36.31062288617718,36.69991683959961,35579300,0.0,0.0
2021-08-25,36.85918214597677,37.5581448859567,36.75301165860606,37.29271697998047,51219900,0.0,0.0
2021-08-26,37.602378432841824,37.9031975953085,37.17769315202391,37.19538879394531,41184500,0.0,0.0
2021-08-27,37.2661644655902,37.735090494456344,37.106907078442944,37.593528747558594,46468600,0.0,0.0
2021-08-30,37.7173966660287,37.7173966660287,36.83263486164209,36.85917663574219,44855600,0.0,0.0
2021-08-31,36.86801444864581,37.22192044057298,36.593740511245045,36.93879699707031,54654600,0.0,0.0
2021-09-01,36.93880816498979,36.965349941124664,36.30177853696317,36.44334030151367,52361900,0.0,0.0
2021-09-02,36.55894146119501,36.89687472799526,36.140971457320845,36.478904724121094,44538900,0.21,0.0
2021-09-03,36.47890693362084,36.63008556147647,36.176546285516,36.505584716796875,41812400,0.0,0.0
2021-09-07,36.683450403857535,37.21702650731963,36.62119997153343,36.74570083618164,43748600,0.0,0.0
2021-09-08,36.5322714836713,36.896882609920084,36.17655182237751,36.265480041503906,36064400,0.0,0.0
2021-09-09,36.15875834578448,36.772371078094444,36.06983014425322,36.398868560791016,36266400,0.0,0.0
2021-09-10,36.65677085641616,36.77237685809945,35.78526145332796,35.81193923950195,40514700,0.0,0.0
2021-09-13,36.105407546642944,36.425554572315086,35.8830836001922,36.40776824951172,42036300,0.0,0.0
2021-09-14,36.57673880251569,36.736812324903504,35.26947283381336,35.42954635620117,53820400,0.0,0.0
2021-09-15,35.33171612497845,35.87418701975138,35.27835716417672,35.696327209472656,52358200,0.0,0.0
2021-09-16,35.99868935146457,36.29215855936703,35.74968764225801,35.97201156616211,42922000,0.0,0.0
2021-09-17,35.87419230149438,36.16765814812647,35.642976888765894,36.0164794921875,92746000,0.0,0.0
2021-09-20,35.02047146170508,35.091613365535714,34.11338928920202,34.78036117553711,67566200,0.0,0.0
2021-09-21,34.9226423339529,35.21610814912545,34.62917312638649,34.79814147949219,38271100,0.0,0.0
2021-09-22,35.3495024452457,36.03426050976286,35.3495024452457,35.696327209472656,46261400,0.0,0.0
2021-09-23,36.24769598290256,37.24370973976952,36.14987629271224,37.07474136352539,49779800,0.0,0.0
2021-09-24,37.10142337201648,37.65278584059282,37.03917293487372,37.47492599487305,39042300,0.0,0.0
2021-09-27,37.955138480982754,38.62211021615598,37.919565840932364,38.47092819213867,49755400,0.0,0.0
2021-09-28,38.62211403969992,39.16458498079446,38.293075567643605,38.38200378417969,60781200,0.0,0.0
2021-09-29,38.39979069597876,38.52429155799984,38.008501787856225,38.30196762084961,44260200,0.0,0.0
2021-09-30,38.55097459894735,38.55097459894735,37.55496417463987,37.7506103515625,47410800,0.0,0.0
2021-10-01,37.77728023454692,38.62211181249726,37.69724348732228,38.31085968017578,40987100,0.0,0.0
2021-10-04,38.33754609404429,39.19126932833192,38.301973444516996,38.542083740234375,48273400,0.0,0.0
2021-10-05,38.924477467489616,39.795986942038,38.835545852294324,39.32466125488281,54070700,0.0,0.0
2021-10-06,38.99561718229793,39.386909482444324,38.72882913644888,39.342445373535156,47031700,0.0,0.0
2021-10-07,39.83155915954704,39.90270105854357,39.155692460911816,39.2357292175293,46258800,0.0,0.0
2021-10-08,39.19125954571123,39.84933982812295,39.05786383947837,39.43136978149414,39389400,0.0,0.0
2021-10-11,39.662590960809915,39.849345655323944,38.90669089467114,38.93336868286133,36283500,0.0,0.0
2021-10-12,38.83553854556411,39.12900773190231,38.47982232889208,38.719932556152344,36898300,0.0,0.0
2021-10-13,38.728830802094144,38.80886755853048,37.64389224999456,38.364219665527344,43908000,0.0,0.0
2021-10-14,39.458047324205644,40.10723274628395,38.666574732800505,40.0805549621582,82201000,0.0,0.0
2021-10-15,40.703068628963656,41.50343280282774,40.338457491533596,41.23664474487305,64264900,0.0,0.0
2021-10-18,41.16550343929307,41.699079562894255,40.93428463131009,41.15660858154297,49542500,0.0,0.0
2021-10-19,41.35225134850124,41.46786074300177,41.08546330860261,41.33446502685547,32515500,0.0,0.0
2021-10-20,41.343357996080236,42.01032976156895,40.95206572252814,41.87693405151367,40411000,0.0,0.0
2021-10-21,41.88582446509629,42.22375776767101,41.450071488981024,41.64571762084961,36848600,0.0,0.0
2021-10-22,41.78800513493938,42.34825896597705,41.78800513493938,42.303794860839844,36225600,0.0,0.0
2021-10-25,42.50834294233293,42.66841647422128,41.974766764301506,42.25044631958008,31679500,0.0,0.0
2021-10-26,42.3838390660621,43.06859726134401,42.1881928981546,42.65062713623047,35674800,0.0,0.0
2021-10-27,42.22375882129292,42.83737162420095,41.823575083572976,41.83246994018555,45790800,0.0,0.0
2021-10-28,42.32158601908004,42.686197150713284,42.063689430453216,42.49055099487305,37209600,0.0,0.0
2021-10-29,42.46387320721998,42.80180655120016,42.259335586293446,42.49055099487305,31756200,0.0,0.0
2021-11-01,42.77512699146566,42.83737742661029,42.04590470057639,42.55280303955078,36937200,0.0,0.0
2021-11-02,42.30380390828323,43.05970403446025,42.10815773296445,42.57948684692383,36283400,0.0,0.0
2021-11-03,42.50833757799864,43.29981027890312,42.33937260116994,43.015235900878906,42553000,0.0,0.0
2021-11-04,42.81959243399986,42.81959243399986,41.69018640556587,42.090370178222656,47646300,0.0,0.0
2021-11-05,42.33047558008341,42.52612172712321,41.63682599315176,41.77022171020508,38271200,0.0,0.0
2021-11-08,42.1081498871664,42.50833362921129,42.01922167444258,42.09925842285156,33815500,0.0,0.0
2021-11-09,41.485644136280115,42.11704324436326,41.27221168399048,41.690181732177734,36900300,0.0,0.0
2021-11-10,41.57457280922855,42.25933088611486,41.485644598679684,42.001434326171875,39385600,0.0,0.0
2021-11-11,42.072581073058124,42.58837081850478,41.80578964733707,42.2326545715332,31194800,0.0,0.0
2021-11-12,42.250445522209574,42.26823184679423,41.583473616060395,41.71686935424805,44268500,0.0,0.0
2021-11-15,42.028109450582434,42.143718830893185,41.70796587743457,41.84135818481445,35335500,0.0,0.0
2021-11-16,41.95697020269779,42.04589841320807,41.52121382945232,41.8680419921875,35120800,0.0,0.0
2021-11-17,41.86804673249142,41.97476127566475,41.30778944414167,41.36114501953125,32963700,0.0,0.0
2021-11-18,41.53900160130628,41.627933207317405,41.09435374843237,41.192176818847656,30639000,0.0,0.0
2021-11-19,40.64081913099235,40.70306956620203,39.86713272739039,40.37403106689453,48429500,0.0,0.0
2021-11-22,41.54790090508514,41.68129323978831,40.82757008506871,41.15660858154297,53697100,0.0,0.0
2021-11-23,41.68129314240834,42.37494617234242,41.503433304158726,42.24155044555664,49362900,0.0,0.0
2021-11-24,42.17040776802749,42.668414667525916,41.9836564528635,42.35716247558594,40060000,0.0,0.0
2021-11-26,40.4807466205875,40.94318085963924,39.795988423860564,40.694175720214844,55110100,0.0,0.0
2021-11-29,41.281105314960534,41.530110421101774,40.1694856751687,40.542991638183594,50231100,0.0,0.0
2021-11-30,39.80487115290576,40.21394972346087,39.449154934136764,39.54697799682617,77193600,0.0,0.0
2021-12-01,40.21396177765192,40.64082340356325,38.96005469141403,38.986732482910156,60601600,0.0,0.0
2021-12-02,39.61222852289396,40.657710880784634,39.31734678581371,40.11262893676758,57821400,0.21,0.0
2021-12-03,40.21092137332235,40.27347142276087,38.959913567107954,39.20117950439453,74605300,0.0,0.0
2021-12-06,39.81774770625652,40.103691752977916,39.28160006211246,39.45138168334961,48193100,0.0,0.0
2021-12-07,39.81775167341097,40.13050194044708,39.70158582763087,39.951786041259766,40740800,0.0,0.0
2021-12-08,39.92497948924914,40.03220766430526,39.39776946620004,39.46031951904297,50560300,0.0,0.0
2021-12-09,39.23691616418891,39.96964810206831,39.0045879387214,39.755191802978516,37316700,0.0,0.0
2021-12-10,39.95178735978977,40.05901894807448,39.37989919049411,39.78200912475586,37700200,0.0,0.0
2021-12-13,39.55860951078437,39.674775343998256,38.77226168465646,38.94204330444336,38653900,0.0,0.0
2021-12-14,38.950977968662116,40.05007603939859,38.897362181532806,39.433509826660156,47099400,0.0,0.0
2021-12-15,39.647967056793924,39.7194547745874,38.97778504172908,39.263729095458984,60057100,0.0,0.0
2021-12-16,39.94285010801396,40.532610164536166,39.397768172237555,40.21092224121094,69487200,0.0,0.0
2021-12-17,39.76413739551638,39.94285330151037,38.97778945437626,39.210121154785156,124242400,0.0,0.0
2021-12-20,38.66503585364759,38.745457833999566,38.15569778099239,38.566741943359375,56455200,0.0,0.0
2021-12-21,38.906306753715924,39.74626711544777,38.906306753715924,39.48712921142578,47845600,0.0,0.0
2021-12-22,39.3888305619994,39.83561854890744,39.21011468549182,39.567543029785156,35715700,0.0,0.0
2021-12-23,39.92498537974809,40.2734795566387,39.67478513146205,39.69265365600586,34053500,0.0,0.0
2021-12-27,39.80880685105233,40.050072760297695,39.594350537537544,39.88922882080078,33879200,0.0,0.0
2021-12-28,39.73731854280863,40.282400348508304,39.69263702400337,39.942840576171875,32492400,0.0,0.0
2021-12-29,40.07688302041624,40.31814895418204,39.85348901604665,39.88029861450195,25294900,0.0,0.0
2021-12-30,39.987527147487015,40.300277392972966,39.74626121151699,39.79093933105469,23852200,0.0,0.0
2021-12-31,39.781997988184386,39.960713843240164,39.56753828037318,39.755191802978516,24253900,0.0,0.0
2022-01-03,40.29134839557319,41.54235635837276,40.19305447451748,41.26534652709961,58587900,0.0,0.0
2022-01-04,42.05169111412273,43.27588937653488,42.03381918366213,42.88271713256836,74606700,0.0,0.0
2022-01-05,43.016748625890216,43.22227069938192,42.141044544121314,42.15891647338867,57791600,0.0,0.0
2022-01-06,42.87377854347856,43.03462250545216,42.16785264467464,43.007816314697266,52040900,0.0,0.0
2022-01-07,43.025689358641316,44.06223746890462,42.94526737557252,43.94607162475586,59082600,0.0,0.0
2022-01-10,44.598387204095324,44.750296927900884,43.19547286800737,43.72268295288086,66839500,0.0,0.0
2022-01-11,43.77629308534876,44.008621363266315,43.46353941621407,43.972877502441406,40454400,0.0,0.0
2022-01-12,43.93713980023166,44.124793391504525,43.49928937428118,43.660133361816406,41378000,0.0,0.0
2022-01-13,43.7137499614522,44.22309157684477,43.454615431,43.570777893066406,46337500,0.0,0.0
2022-01-14,42.46273558123236,43.097173777706615,42.16785383968329,42.81122970581055,72953300,0.0,0.0
2022-01-18,42.75762026338782,42.82017032535837,41.14918376794577,41.33683395385742,65877400,0.0,0.0
2022-01-19,43.24014711887853,43.40992876018828,41.417251048974485,41.49767303466797,84451800,0.0,0.0
2022-01-20,41.72105986655014,42.04274775385456,40.80067772910163,40.881099700927734,46265300,0.0,0.0
2022-01-21,40.720272224250905,41.12238224599173,39.9071179174964,40.13944625854492,71303600,0.0,0.0
2022-01-24,39.22798505833344,39.93390745902449,38.05739935191694,39.808807373046875,90672700,0.0,0.0
2022-01-25,39.57648897489854,40.72026536978605,39.16544475907616,40.59516525268555,73555300,0.0,0.0
2022-01-26,40.9079051524305,41.51553706002099,40.44324525787767,41.01513671875,63735800,0.0,0.0
2022-01-27,41.435121572254786,41.77468143461473,40.291345289007246,40.63090515136719,63402400,0.0,0.0
2022-01-28,40.50580615353019,41.00620658676619,39.719458232944945,40.98833465576172,51048300,0.0,0.0
2022-01-31,40.67558655787578,41.34576866709419,40.40751439593292,41.2296028137207,44793700,0.0,0.0
2022-02-01,41.29215541968849,42.087437692982014,41.01514897903097,41.94446563720703,40326600,0.0,0.0
2022-02-02,41.74787778259194,41.96233414438445,41.37257403637143,41.899784088134766,41125600,0.0,0.0
2022-02-03,42.19466883748089,42.257218898164446,41.41725509688927,41.48874282836914,35879900,0.0,0.0
2022-02-04,42.06955729189403,43.50821170566398,41.71212554900256,43.141845703125,60297100,0.0,0.0
2022-02-07,43.3920516745667,43.57076414712552,42.88271362858584,43.34737014770508,44824800,0.0,0.0
2022-02-08,43.91926429415739,44.69667450451034,43.73161073271595,44.124786376953125,49560500,0.0,0.0
2022-02-09,43.98182233165783,44.49116050079857,43.81204066946243,44.03543472290039,33861100,0.0,0.0
2022-02-10,44.392856490183874,44.77709444753379,43.57076478769501,43.82990264892578,47082800,0.0,0.0
2022-02-11,43.454601457230716,44.178395829365726,42.444859631553726,42.820159912109375,61056000,0.0,0.0
2022-02-14,42.909526480757854,43.0614327877654,41.944462617218974,42.37337875366211,44791900,0.0,0.0
2022-02-15,42.89165637360948,43.222278603713725,42.50741834589809,42.70400619506836,42397600,0.0,0.0
2022-02-16,42.391241719310564,43.106105204238204,42.275079300423286,42.6057014465332,36664600,0.0,0.0
2022-02-17,41.998079320200574,42.25721722346117,41.05982503840868,41.16705322265625,49442400,0.0,0.0
2022-02-18,41.167046194565486,41.587028006858866,40.85429595693548,41.06875228881836,37856500,0.0,0.0
2022-02-22,40.362829071723525,41.08662690885702,40.24666663797983,40.711326599121094,51905600,0.0,0.0
2022-02-23,41.05982532918742,41.20279737877085,39.8266892710787,40.014339447021484,45704900,0.0,0.0
2022-02-24,38.42376712217303,39.03139906098887,37.57486925982251,38.95991134643555,80484800,0.0,0.0
2022-02-25,39.14757160987148,40.52367626392187,38.98672763325011,40.228797912597656,68530700,0.0,0.0
2022-02-28,39.06715467162255,39.549683255138845,38.81695100413398,39.496070861816406,69955300,0.0,0.0
2022-03-01,39.05820471495119,39.08501431190263,37.467640583852,37.950172424316406,74895600,0.0,0.0
2022-03-02,38.19144164086485,38.90630179470353,38.084210061247475,38.566741943359375,70834600,0.0,0.0
2022-03-03,38.692456049612034,39.0606134183789,37.90226337077503,38.153690338134766,48733800,0.21,0.0
2022-03-04,37.201872074680935,37.210850020032126,36.20515229662296,36.77085876464844,75572800,0.0,0.0
2022-03-07,35.8549444619458,36.01657483750015,34.31047795126572,34.42721176147461,109779000,0.0,0.0
2022-03-08,35.082712272269944,35.61249998037117,34.27456036994996,34.65169906616211,76553800,0.0,0.0
2022-03-09,36.19616977136923,37.36349776651219,36.06147663041898,36.85166931152344,78207900,0.0,0.0
2022-03-10,36.178207777355034,37.246761180024556,36.016577390344374,36.51942443847656,48804400,0.0,0.0
2022-03-11,36.85167065112152,37.156972146369775,36.17821177266706,36.21413040161133,43946600,0.0,0.0
2022-03-14,36.7259555976779,37.87532421820948,36.7259555976779,36.995338439941406,54262400,0.0,0.0
2022-03-15,37.049212589817536,37.51614444367644,36.69901455577052,37.26472091674805,41395300,0.0,0.0
2022-03-16,37.92920550907387,38.65653890492958,37.64185990315613,38.43205261230469,59477600,0.0,0.0
2022-03-17,38.081859024853834,38.64756550794253,37.56105254588456,38.63858413696289,50260200,0.0,0.0
2022-03-18,38.39613157791945,38.54878402854316,37.94715902079725,38.521846771240234,74470600,0.0,0.0
2022-03-21,38.92592233821452,38.997759597087985,38.171648246988326,38.46797180175781,47106400,0.0,0.0
2022-03-22,39.347942920309066,40.07527947949648,39.24019049778092,39.67120361328125,52360600,0.0,0.0
2022-03-23,39.25815393455021,39.51855536426402,38.63856973272922,38.692447662353516,48539300,0.0,0.0
2022-03-24,38.95285991486138,38.99775648538039,38.51286530284204,38.674495697021484,30360800,0.0,0.0
2022-03-25,39.04265315625362,39.743049249239014,38.907963444350386,39.26713943481445,38968100,0.0,0.0
2022-03-28,39.24917797036189,39.285096595056345,38.45898877941539,39.105506896972656,37428600,0.0,0.0
2022-03-29,39.73406580089545,39.85977755141243,38.71040906052773,39.00672912597656,46355800,0.0,0.0
2022-03-30,39.00673941144792,39.19531051233495,38.38715843821681,38.61164474487305,36601800,0.0,0.0
2022-03-31,38.46796020503966,38.512856765606344,36.99533109596916,37.01329040527344,67902500,0.0,0.0
2022-04-01,37.4353377656557,37.48023777029778,36.23209094458192,36.7259635925293,61929200,0.0,0.0
2022-04-04,36.348810782468725,36.94145430621703,36.061468675523365,36.66309356689453,53761700,0.0,0.0
2022-04-05,36.312893242106526,36.60023535759275,35.953717310442855,36.04351043701172,51781700,0.0,0.0
2022-04-06,35.68434468693947,35.92678688292757,35.33414317246837,35.6484260559082,54159800,0.0,0.0
2022-04-07,35.81902482921425,35.89984001471198,34.88516122466011,35.370052337646484,54585000,0.0,0.0
2022-04-08,35.45984447953059,36.007587973770754,35.307192070187575,35.6214714050293,41018900,0.0,0.0
2022-04-11,35.45086616309995,36.276977297093445,35.37005098070263,35.54964065551758,34198700,0.0,0.0
2022-04-12,35.53168765313808,35.98964157648229,34.88516607918801,35.172508239746094,42855300,0.0,0.0
2022-04-13,34.57088841568212,35.02883893687457,34.445176642232774,34.85823059082031,45484200,0.0,0.0
2022-04-14,34.56190135740553,34.99291450645543,33.601097145000196,33.73579025268555,79032000,0.0,0.0
2022-04-18,33.60111173490441,35.29823124201467,33.42152541386331,34.88517379760742,80080300,0.0,0.0
2022-04-19,35.20842033379195,35.81004522579313,35.118627209798035,35.531681060791016,53714200,0.0,0.0
2022-04-20,36.05249380255967,36.25003937703475,35.567602671288405,35.61249923706055,47064300,0.0,0.0
2022-04-21,35.91780528338025,36.106372939024666,34.678640041994754,34.93904495239258,46245900,0.0,0.0
2022-04-22,34.849249422961506,34.885164622489995,33.67294014734115,33.7268180847168,50409800,0.0,0.0
2022-04-25,33.12518802728304,33.58314186128854,32.26316171377489,33.48436737060547,64301100,0.0,0.0
2022-04-26,33.1162153813015,33.708858994791576,32.703158042805256,32.730098724365234,44809900,0.0,0.0
2022-04-27,32.568473536636006,33.1431579293065,32.47867695941301,32.550514221191406,39824900,0.0,0.0
2022-04-28,32.98151892758172,33.17906792064303,32.469690559548575,33.0533561706543,39567800,0.0,0.0
2022-04-29,32.999489859084996,33.34071003306351,31.912976865409963,32.03868865966797,47385200,0.0,0.0
2022-05-02,32.35296574091926,32.57745204980799,31.787262708799908,32.45174026489258,46652200,0.0,0.0
2022-05-03,32.63131714862307,33.789666868486485,32.62233920697381,33.340694427490234,48926000,0.0,0.0
2022-05-04,33.55621078563506,34.79537610673883,33.47539558153288,34.67864227294922,57860300,0.0,0.0
2022-05-05,34.16680509846665,34.31047615528468,33.10722976991306,33.70885467529297,48860600,0.0,0.0
2022-05-06,33.55621068395805,33.78069698074068,32.87377384891005,33.628047943115234,50440100,0.0,0.0
2022-05-09,33.10724060248567,33.277852393235044,32.37990713797074,32.658267974853516,51242000,0.0,0.0
2022-05-10,32.99948667997473,33.34070682108071,31.58971296522871,32.11051940917969,60235300,0.0,0.0
2022-05-11,32.236226752381135,33.15212763469318,31.886025326334384,31.939903259277344,54969300,0.0,0.0
2022-05-12,31.437058336912504,31.81419708282526,30.763599471358013,31.490936279296875,61231500,0.0,0.0
2022-05-13,31.903987398392328,32.08357709835616,31.212569280034185,31.580726623535156,49117900,0.0,0.0
2022-05-16,31.42807942547878,31.58072845278733,30.8982916638623,31.257471084594727,39076500,0.0,0.0
2022-05-17,31.984804950820383,32.523574090443304,31.814196607237005,32.317047119140625,42635600,0.0,0.0
2022-05-18,31.984801355257485,32.047657234005904,31.068897003709644,31.320323944091797,47396900,0.0,0.0
2022-05-19,30.79053874256401,31.2844078695673,30.754620115955724,30.9342098236084,47002700,0.0,0.0
2022-05-20,31.248495833025125,31.410126261460267,29.59627633987996,30.404428482055664,62406500,0.0,0.0
2022-05-23,31.212577342049165,32.55949530159551,31.122784181568544,32.20929718017578,69081900,0.0,0.0
2022-05-24,31.850115054448896,32.29010625265569,31.392161117095377,32.01174545288086,46146700,0.0,0.0
2022-05-25,31.877052488595023,32.56847065784502,31.688484831178354,32.18235397338867,49343400,0.0,0.0
2022-05-26,32.77499760736183,33.08029909195282,32.63132652198895,32.92764663696289,60201200,0.0,0.0
2022-05-27,33.12519047686828,33.268861539744016,32.84682971932749,33.24192428588867,43365600,0.0,0.0
2022-05-31,33.06234429423486,33.69988460857458,32.8737766111861,33.403564453125,71609200,0.0,0.0
2022-06-01,33.63702411959912,33.646005489216165,32.47867406699903,32.92764663696289,35237900,0.0,0.0
2022-06-02,32.88248916934961,33.15342357486452,32.57542925773461,33.14439392089844,35341900,0.21,0.0
2022-06-03,32.94570831973421,33.12633241190007,32.62961874228245,32.68380355834961,25235200,0.0,0.0
2022-06-06,33.14439587011673,33.60498404206743,32.60252358210158,32.647682189941406,40394000,0.0,0.0
2022-06-07,32.42190436320807,32.882492555501784,32.27740576904551,32.828304290771484,29152200,0.0,0.0
2022-06-08,32.43995708936627,32.611551503628306,32.07871239983297,32.412864685058594,33590600,0.0,0.0
2022-06-09,32.27740183988557,32.36771215832427,31.157535287609505,31.16656494140625,49419000,0.0,0.0
2022-06-10,30.41698199772282,30.742104681363355,29.82092489275454,29.956390380859375,49318200,0.0,0.0
2022-06-13,29.25195894925356,29.595144372366963,28.664933246364704,28.91780662536621,61216600,0.0,0.0
2022-06-14,28.827496431844263,29.441614581598913,28.204345182283678,28.41206169128418,49349800,0.0,0.0
2022-06-15,28.881678788986818,29.34227034906023,28.37593379433817,28.944896697998047,51540100,0.0,0.0
2022-06-16,28.448187099580306,28.899745624970468,27.8701927382998,28.764278411865234,61363400,0.0,0.0
2022-06-17,28.92683536267404,29.423552450826104,28.574620296615542,28.82749366760254,80470300,0.0,0.0
2022-06-21,29.70352014801454,30.064768357308218,29.459678123509047,29.667394638061523,53537200,0.0,0.0
2022-06-22,29.25196039926797,29.74867408266694,29.188742482023635,29.441614151000977,38305600,0.0,0.0
2022-06-23,29.242928805262384,29.270021212250818,28.231437028760016,28.971994400024414,44091500,0.0,0.0
2022-06-24,28.22240885430041,29.595147234387778,28.204346099219467,29.17971420288086,79504700,0.0,0.0
2022-06-27,29.279051578530037,29.44161291465131,28.81846342293175,29.21583366394043,47900300,0.0,0.0
2022-06-28,29.649335727620052,30.254422524452316,29.0713378959401,29.13455581665039,49863800,0.0,0.0
2022-06-29,29.107462050851474,29.297115804150202,28.592685608973138,28.7733097076416,35149700,0.0,0.0
2022-06-30,28.15016016365097,28.493343904794695,27.671507479037633,28.11403465270996,46312300,0.0,0.0
2022-07-01,27.97856680995936,28.60171807936849,27.662475486487537,28.50237464904785,40236100,0.0,0.0
2022-07-05,27.816003126162137,28.213375091552734,27.499913551764035,28.213375091552734,47411800,0.0,0.0
2022-07-06,28.00565743792883,28.22240530395614,27.671503401204063,27.97856330871582,35933700,0.0,0.0
2022-07-07,28.448187019061994,28.90877519780435,28.421092887494,28.7733097076416,40137900,0.0,0.0
2022-07-08,28.90877595770729,29.125525570830607,28.50237430885908,28.710092544555664,31153800,0.0,0.0
2022-07-11,28.493342363946827,28.710091972753265,28.258533445764826,28.41206169128418,29311900,0.0,0.0
2022-07-12,28.014690712551626,28.926837397928846,27.97856520448649,28.32175064086914,39527000,0.0,0.0
2022-07-13,28.059845483341523,28.132094775904115,27.454757012170184,27.852128982543945,44153700,0.0,0.0
2022-07-14,27.174792732151545,27.292197193144283,26.795483494434766,27.21091651916504,51707800,0.0,0.0
2022-07-15,27.680542351472482,29.468715749950373,27.644418558529974,29.125530242919922,77801700,0.0,0.0
2022-07-18,29.87511500019059,30.14604943825158,28.990057220009977,29.13455581665039,56382900,0.0,0.0
2022-07-19,29.712557531880805,30.362799579192764,29.513870643611703,30.11895751953125,46874900,0.0,0.0
2022-07-20,29.96542365782793,30.209265672001564,29.757707152076634,30.12798500061035,35514900,0.0,0.0
2022-07-21,29.884138246390595,30.407944254959077,29.757702432085015,30.38988494873047,31244000,0.0,0.0
2022-07-22,30.344736154122995,30.651796136003277,29.88414790386191,30.191207885742188,27115400,0.0,0.0
2022-07-25,30.507292385083353,30.68791648137471,30.200232454923476,30.46213722229004,30381000,0.0,0.0
2022-07-26,30.173139416405476,30.50729174824228,29.766736069513133,29.8480167388916,30645700,0.0,0.0
2022-07-27,30.019611408262485,30.49826232877831,29.75770664434634,30.33570098876953,30344800,0.0,0.0
2022-07-28,30.254428832654543,30.48020815230122,29.712559843550125,30.091867446899414,40176500,0.0,0.0
2022-07-29,30.227327664881177,30.651790320239417,30.11895114234382,30.534387588500977,48152500,0.0,0.0
2022-08-01,30.36279966599699,30.606641726355626,30.001554848706196,30.444080352783203,32336700,0.0,0.0
2022-08-02,30.34472874021079,30.453105256832263,29.802859937574745,29.838985443115234,37884100,0.0,0.0
2022-08-03,30.18217061122569,30.480200895864204,29.9563913453304,30.380857467651367,30065800,0.0,0.0
2022-08-04,30.272485176897266,30.407950672908708,29.956392129300667,30.164112091064453,28404500,0.0,0.0
2022-08-05,30.055733360477326,31.00400898874906,30.019611297922182,30.66985321044922,35874500,0.0,0.0
2022-08-08,30.85950438464787,30.967880898629765,30.209262526345228,30.24538803100586,33454300,0.0,0.0
2022-08-09,30.389887568594876,30.669851625801762,30.173137978872845,30.633726119995117,40196900,0.0,0.0
2022-08-10,31.15753538683772,31.997434442440163,31.112380227474564,31.672311782836914,61415800,0.0,0.0
2022-08-11,32.30449526346659,32.566400018349555,32.19612218890458,32.430931091308594,50420800,0.0,0.0
2022-08-12,32.656713877698074,32.79218281941589,32.23224774242597,32.78314971923828,31821700,0.0,0.0
2022-08-15,32.36771727142543,32.78315031405755,32.214185571684986,32.73799514770508,24908000,0.0,0.0
2022-08-16,32.68379904161218,33.36113670979098,32.60251838362603,33.09020233154297,31870200,0.0,0.0
2022-08-17,32.692834516682005,33.04504957852357,32.58446144652717,32.88248825073242,27125600,0.0,0.0
2022-08-18,32.737994717253954,32.87346365964854,32.51221544334186,32.76508712768555,23138300,0.0,0.0
2022-08-19,32.47608684626975,32.53930476134766,31.889062856958073,32.0425910949707,36485400,0.0,0.0
2022-08-22,31.383312650247646,31.446530558394134,31.11237826603162,31.356220245361328,31210300,0.0,0.0
2022-08-23,31.31106278047178,31.582000619641782,31.031098732835453,31.07625389099121,26588000,0.0,0.0
2022-08-24,30.931759934650653,31.428473638738183,30.75113582995021,31.175601959228516,31389400,0.0,0.0
2022-08-25,31.24784496802867,31.861964767202586,31.11237949313656,31.73552894592285,40576700,0.0,0.0
2022-08-26,32.006467190698324,32.042592699728644,30.724042626185287,30.73307228088379,36152600,0.0,0.0
2022-08-29,30.579543741804542,30.841448512084455,30.35376448020837,30.61566925048828,34931000,0.0,0.0
2022-08-30,30.86854646416297,30.95885680697139,30.290552001904082,30.78726577758789,48194900,0.0,0.0
2022-08-31,30.832406748574915,31.04012319746175,30.344722853736002,30.353755950927734,44917600,0.0,0.0
2022-09-01,30.308305336137774,30.444666824632595,29.69013926584354,30.426485061645508,32848900,0.22,0.0
2022-09-02,30.844664809436356,31.344651309878284,30.24468031534249,30.3901309967041,44000800,0.0,0.0
2022-09-06,30.581027364093547,30.662843570365826,29.644689033946214,30.053770065307617,40762400,0.0,0.0
2022-09-07,29.826503396553466,30.608298467354317,29.6628709829908,30.517393112182617,40742600,0.0,0.0
2022-09-08,30.417398704675737,31.571914883274346,30.24467712248568,31.499191284179688,44361800,0.0,0.0
2022-09-09,31.79918282482838,32.04463148210602,31.67191392131054,31.762819290161133,37295100,0.0,0.0
2022-09-12,31.999178354298582,32.39007767701137,31.84463506801289,32.06281280517578,30534000,0.0,0.0
2022-09-13,31.43556130644677,31.562830223830293,30.735578793019478,30.908300399780273,40959600,0.0,0.0
2022-09-14,31.090103519198777,31.29009597458168,30.490119217416723,30.790109634399414,32004400,0.0,0.0
2022-09-15,30.717389618812106,31.726455031699388,30.63557341052889,31.371915817260742,44863300,0.0,0.0
2022-09-16,31.08101420345812,31.117377732957813,30.599209574946872,31.017379760742188,54281800,0.0,0.0
2022-09-19,30.65375051740052,31.69917583347376,30.571934321549872,31.53554344177246,29782000,0.0,0.0
2022-09-20,31.362825789900263,31.61736355617483,30.79920496408501,31.06283187866211,33591100,0.0,0.0
2022-09-21,31.190107781454135,31.271923996761807,30.108315215961905,30.135589599609375,51667800,0.0,0.0
2022-09-22,30.28104085260129,30.381035368528682,29.444696916767864,29.544694900512695,47527500,0.0,0.0
2022-09-23,29.026527416297817,29.17197808692491,28.37199766456714,28.84471321105957,55316100,0.0,0.0
2022-09-26,28.471995079044408,28.926528849102993,27.890192408220212,28.20836639404297,40360200,0.0,0.0
2022-09-27,28.426539558526216,28.517446650246807,27.54474302291759,27.790191650390625,43396600,0.0,0.0
2022-09-28,27.75383252018414,28.462904089121995,27.626561885985797,28.244728088378906,38372900,0.0,0.0
2022-09-29,27.899285744849735,28.090189112784113,27.462931969454658,27.872013092041016,35220900,0.0,0.0
2022-09-30,27.9629175899388,28.353816907487865,27.426567605475025,27.453840255737305,42294100,0.0,0.0
2022-10-03,27.80837330530526,28.43563032839197,27.453837556299472,28.262907028198242,34591700,0.0,0.0
2022-10-04,28.83561800174091,29.562872979688738,28.781074441915088,29.435604095458984,39758700,0.0,0.0
2022-10-05,28.671986412672624,29.117427493345584,28.590170208575177,29.017431259155273,35791100,0.0,0.0
2022-10-06,28.726532864469867,28.981070650494697,28.50835687620203,28.599262237548828,40891900,0.0,0.0
2022-10-07,28.33563147432609,28.399265916129085,27.753828881946117,27.95382308959961,52304600,0.0,0.0
2022-10-10,28.090189112784113,28.226548909009935,27.590202615319793,27.872013092041016,37669100,0.0,0.0
2022-10-11,27.608375621181942,27.699280967207276,26.88112071562095,27.06293487548828,58124000,0.0,0.0
2022-10-12,26.944760355873047,27.553835654992717,26.79930969344823,27.144756317138672,36137900,0.0,0.0
2022-10-13,26.735675081651074,28.881074940142053,26.6447679847151,28.808349609375,67671000,0.0,0.0
2022-10-14,28.917438191443424,29.662875036643808,28.699262188180654,28.817441940307617,58108500,0.0,0.0
2022-10-17,30.32649112289232,30.79011400321887,29.88104654014808,30.562847137451172,88896800,0.0,0.0
2022-10-18,31.79918594111371,32.14463261867092,31.162837893345554,31.708280563354492,81937900,0.0,0.0
2022-10-19,31.435553400037097,31.66282025758109,30.699207533180427,30.8355655670166,43139900,0.0,0.0
2022-10-20,30.89011019876059,31.481005402829226,30.535574463446192,30.63557243347168,39549100,0.0,0.0
2022-10-21,30.508306447764625,31.85372592718789,30.508306447764625,31.771909713745117,54870300,0.0,0.0
2022-10-24,31.917358326575854,32.0537163616862,31.55372996398078,31.88099479675293,33765600,0.0,0.0
2022-10-25,31.581009845523273,32.34462676571365,31.39010301461242,32.17190170288086,37132300,0.0,0.0
2022-10-26,32.19916740464351,32.80824439922295,32.13553296058825,32.45370864868164,41104600,0.0,0.0
2022-10-27,32.862790917819154,33.062783406086616,32.51734430307754,32.60824966430664,35261900,0.0,0.0
2022-10-28,32.762791537404645,32.999147547173706,32.39916317241845,32.89006042480469,31659100,0.0,0.0
2022-10-31,32.726430961284635,33.02642490964877,32.55370937962545,32.762794494628906,32565500,0.0,0.0
2022-11-01,33.12641551062547,33.41731680737389,32.8264250655236,32.908241271972656,29913200,0.0,0.0
2022-11-02,32.7900610336065,33.89003176180585,32.680973915953054,32.80824279785156,57380600,0.0,0.0
2022-11-03,32.453705148373054,32.85369353469618,32.19007478411119,32.626426696777344,30046500,0.0,0.0
2022-11-04,33.18096113571176,33.635494849899594,32.92642336546803,33.4445915222168,39369400,0.0,0.0
2022-11-07,33.644588470458984,33.94458242625101,33.390050666381505,33.644588470458984,37533700,0.0,0.0
2022-11-08,33.717318566938225,34.017309081853455,33.40823543373652,33.73550033569336,32664300,0.0,0.0
2022-11-09,33.52640342843915,33.59912701011477,33.08095891984089,33.19913864135742,30164400,0.0,0.0
2022-11-10,33.908214971586006,34.74455882342831,33.76276431924175,34.662742614746094,45702800,0.0,0.0
2022-11-11,34.71728235441605,35.089999845375026,34.51728988685406,34.91727828979492,35688700,0.0,0.0
2022-11-14,34.626375574041276,34.78091535931874,34.317292535669594,34.32638168334961,35541400,0.0,0.0
2022-11-15,34.71728792151874,34.81728590524339,33.9082183700265,34.271846771240234,46082800,0.0,0.0
2022-11-16,34.19002779072687,34.3082075317413,33.81731027012796,33.96276092529297,23813000,0.0,0.0
2022-11-17,33.52641589430712,33.81731726480636,33.23551452380788,33.790042877197266,23689700,0.0,0.0
2022-11-18,34.35366250379883,34.40820433573974,33.56277126248169,33.80821990966797,32041800,0.0,0.0
2022-11-21,33.71731664498181,34.10821598139065,33.6900457273125,33.91731262207031,27935700,0.0,0.0
2022-11-22,34.17184177963683,34.3627450906062,34.02639114254349,34.080936431884766,23499300,0.0,0.0
2022-11-23,34.080942015548956,34.2354818256099,33.9718514189935,34.19002914428711,18934700,0.0,0.0
2022-11-25,34.290028538082666,34.426386587674735,34.14457787116066,34.271846771240234,16118500,0.0,0.0
2022-11-28,33.999125579841355,34.235481601865544,33.48095738694997,33.50822830200195,35428300,0.0,0.0
2022-11-29,33.617308655170866,33.771851900894184,33.38095268077922,33.63549041748047,27048800,0.0,0.0
2022-11-30,33.54459922126598,34.40821075439453,32.90825114331492,34.40821075439453,51747900,0.0,0.0
2022-12-01,34.28933727904892,34.463068665549734,33.28351811410019,33.42067337036133,46213200,0.22,0.0
2022-12-02,32.972629140049094,33.182936664167954,32.74403355016879,32.99091720581055,42295300,0.0,0.0
2022-12-05,32.74403316813904,32.81718194223952,31.217012831746768,31.518760681152344,71386600,0.0,0.0
2022-12-06,31.610195790034293,31.710778400995576,29.6351301641771,30.17461585998535,84085700,0.0,0.0
2022-12-07,29.7997175647313,30.101461892387952,29.580264290724365,29.93687629699707,49234100,0.0,0.0
2022-12-08,30.14718642158447,30.1654744866859,29.42482354649091,29.662561416625977,45491100,0.0,0.0
2022-12-09,29.360811029850552,29.808856324453558,29.33338068188046,29.607694625854492,36985500,0.0,0.0
2022-12-12,29.54368792465683,29.973445154562544,29.315092391780443,29.92772674560547,41060500,0.0,0.0
2022-12-13,30.67752330993144,30.787248201549183,29.781429137521823,29.94601821899414,54804800,0.0,0.0
2022-12-14,29.99173937164181,30.174616533097108,29.40653524545824,29.516260147094727,48819500,0.0,0.0
2022-12-15,29.031634880525054,29.251086399470317,28.793895298989607,29.049922943115234,49027600,0.0,0.0
2022-12-16,28.912767534749182,29.19622554413568,28.6658839084872,28.985918045043945,61795200,0.0,0.0
2022-12-19,29.040783961769495,29.47054304309644,29.01335186311401,29.315099716186523,38374100,0.0,0.0
2022-12-20,29.625980942343226,29.7905699966522,29.38823964696767,29.433958053588867,35561100,0.0,0.0
2022-12-21,29.73571039699248,30.05574278073648,29.6351277940754,29.88201141357422,32544000,0.0,0.0
2022-12-22,29.735707201076877,29.79057138443264,29.14135916708681,29.616836547851562,30234400,0.0,0.0
2022-12-23,29.625986425928044,29.790575510701427,29.433963501631442,29.689992904663086,21378600,0.0,0.0
2022-12-27,29.717425527209244,29.872868847990606,29.516260299758773,29.744855880737305,22776100,0.0,0.0
2022-12-28,29.781430631105437,30.147184938962923,29.744854502701372,29.96430778503418,30541000,0.0,0.0
2022-12-29,30.074031998286674,30.320915627262732,29.946019039874983,30.302627563476562,22252900,0.0,0.0
2022-12-30,30.26605565314801,30.448932828400153,30.04660583331903,30.284343719482422,28198900,0.0,0.0
2023-01-03,30.38492332220033,31.171292656011616,30.366635257682432,30.640949249267578,35221500,0.0,0.0
2023-01-04,30.99756259799939,31.838792673170833,30.933556113501208,31.217012405395508,41998500,0.0,0.0
2023-01-05,31.015843057794978,31.217008261279528,30.704956453269887,31.15300178527832,34177000,0.0,0.0
2023-01-06,31.171289952308598,31.619338773905536,30.668380430008074,31.463891983032227,34068700,0.0,0.0
2023-01-09,31.77478016807631,31.78392245494731,30.82382188129992,30.98841094970703,43818800,0.0,0.0
2023-01-10,30.851256307464205,31.335877746981396,30.759815996551673,31.198719024658203,35096000,0.0,0.0
2023-01-11,31.198717280654815,31.491319283036095,31.088992401784587,31.436458587646484,36783700,0.0,0.0
2023-01-12,31.637627875077108,31.884511527838438,31.41817806468382,31.518760681152344,44230400,0.0,0.0
2023-01-13,31.271871544072837,32.359985092666456,30.256906756751203,32.21368408203125,89667800,0.0,0.0
2023-01-17,31.719919322998283,31.847935769311654,31.226155553869877,31.564476013183594,56458400,0.0,0.0
2023-01-18,31.390745321319944,31.39988760935226,30.64094864328153,30.832971572875977,54517800,0.0,0.0
2023-01-19,30.430638532670372,30.677522145507915,30.074030032379902,30.384920120239258,42707100,0.0,0.0
2023-01-20,30.44893175620463,30.988417485750993,30.25691229859284,30.951841354370117,45004400,0.0,0.0
2023-01-23,30.915267879379147,31.555332720865685,30.860403683783826,31.381601333618164,33683300,0.0,0.0
2023-01-24,31.290164644990725,31.811362297311494,31.043280995771656,31.610197067260742,26716700,0.0,0.0
2023-01-25,31.363310528630233,31.966802675092698,31.317592113673822,31.88450813293457,28859700,0.0,0.0
2023-01-26,32.049098320329215,32.323412307600606,31.81136046151844,32.31427001953125,30035500,0.0,0.0
2023-01-27,32.40570636631028,32.71659647737705,32.25026305482266,32.414852142333984,29964900,0.0,0.0
2023-01-30,32.195400155089956,32.51543605502481,32.16796980210102,32.27769470214844,27353500,0.0,0.0
2023-01-31,32.158820079898526,32.44227981567383,32.00337678124485,32.44227981567383,38917400,0.0,0.0
2023-02-01,32.186251729349436,33.155494556449455,32.1039571979833,32.8446044921875,44438700,0.0,0.0
2023-02-02,33.00919869771825,33.265228106352566,32.40570653637348,33.0366325378418,33729100,0.0,0.0
2023-02-03,32.9360470435325,33.612687913701436,32.826322156927766,33.310943603515625,37411700,0.0,0.0
2023-02-06,33.14635953895129,33.320090926338956,32.899475890710846,33.25608444213867,29463200,0.0,0.0
2023-02-07,33.07319863778082,33.83213744944385,33.03662600500075,33.621829986572266,44100200,0.0,0.0
2023-02-08,33.29265967643443,33.68584434770539,33.228653193956994,33.37495422363281,28032800,0.0,0.0
2023-02-09,33.16463733458689,33.23778608469705,32.515426916962426,32.66172790527344,35257100,0.0,0.0
2023-02-10,32.50628808459918,32.54286421151014,32.03080889903092,32.533721923828125,32898900,0.0,0.0
2023-02-13,32.44228193236104,32.71659591076528,32.35998739003062,32.59772872924805,29163900,0.0,0.0
2023-02-14,32.57943920196811,32.90861735650137,32.42399241206459,32.57029342651367,33625200,0.0,0.0
2023-02-15,32.29597720007942,32.56114886023789,32.149676195869766,32.51543045043945,23500100,0.0,0.0
2023-02-16,32.38741617997051,32.60686944496844,32.20454252857877,32.259403228759766,22681100,0.0,0.0
2023-02-17,32.076529904663516,32.35998616006777,31.765639810797527,32.32341003417969,28562700,0.0,0.0
2023-02-21,31.92108453625636,32.049097494478225,31.33588044833269,31.564476013183594,37068900,0.0,0.0
2023-02-22,31.418174416171876,31.591905786565906,31.153002728656173,31.354167938232422,38550400,0.0,0.0
2023-02-23,31.4547509886306,31.637624649281793,30.960983733452807,31.32673454284668,28488000,0.0,0.0
2023-02-24,30.960984897206423,31.35416956095009,30.942696832835598,31.281017303466797,27046600,0.0,0.0
2023-02-27,31.500470587825067,31.719920384091715,31.244441174725146,31.281017303466797,30137500,0.0,0.0
2023-02-28,31.409028274211572,31.537044716689362,31.253584969054216,31.363309860229492,32620600,0.0,0.0
2023-03-01,31.22615818209056,31.537048315978225,31.07071137110083,31.217012405395508,29281600,0.0,0.0
2023-03-02,30.977729111304168,31.01454246635549,30.37032279581643,30.821277618408203,44607200,0.22,0.0
2023-03-03,30.968527298497953,31.557526932096987,30.968527298497953,31.437885284423828,39109100,0.0,0.0
2023-03-06,31.511509081958557,31.806008871542936,31.281430901926107,31.37346076965332,36646700,0.0,0.0
2023-03-07,31.152585720509787,31.198604167375102,30.186258018486225,30.37032127380371,52855300,0.0,0.0
2023-03-08,30.05741148448595,30.342709674360318,29.854941574851612,29.965381622314453,40045600,0.0,0.0
2023-03-09,29.707694050042658,29.808929012905732,27.894678588670818,28.106351852416992,112457900,0.0,0.0
2023-03-10,27.90388313130946,28.566509454499354,26.61544559395634,27.857868194580078,165330900,0.0,0.0
2023-03-13,26.615447247127605,27.351696812672415,25.649119472930362,26.23811912536621,218403300,0.0,0.0
2023-03-14,27.600179225366876,27.6922108516501,26.20130342086223,26.46819496154785,154255800,0.0,0.0
2023-03-15,25.65831993737195,26.284132918466423,25.474258431693038,26.219711303710938,131104400,0.0,0.0
2023-03-16,26.11847432179718,27.12161533088778,25.869991220512013,26.66145896911621,108348800,0.0,0.0
2023-03-17,26.376162655275596,26.376162655275596,25.419038330534054,25.603099822998047,130665500,0.0,0.0
2023-03-20,25.989632165263306,26.164492081388776,25.446647495734698,25.538679122924805,81441200,0.0,0.0
2023-03-21,26.348554381373468,26.670664208651914,26.238117829674042,26.311742782592773,84854800,0.0,0.0
2023-03-22,26.422179080996525,26.449789096335365,25.43744468688965,25.43744468688965,76925900,0.0,0.0
2023-03-23,25.768757911483604,25.85158620234196,24.655180287166008,24.82083511352539,105335900,0.0,0.0
2023-03-24,24.480317454465183,25.11533369037652,24.222629274079846,24.977285385131836,96872700,0.0,0.0
2023-03-27,25.70433663030969,26.366961210397008,25.685929953134597,26.219711303710938,102469800,0.0,0.0
2023-03-28,26.118475945272234,26.366960817359963,25.750351184044483,25.879196166992188,63416500,0.0,0.0
2023-03-29,26.2197117604213,26.477399979289164,25.98963355779701,26.38536834716797,62666400,0.0,0.0
2023-03-30,26.615444057179616,26.74428727686832,25.869991241990775,26.044849395751953,67427100,0.0,0.0
2023-03-31,26.339352416548405,26.394570691598023,26.00803925553606,26.320945739746094,56482100,0.0,0.0
2023-04-03,26.357757719907976,26.670664208651914,26.072461246767567,26.311742782592773,51996800,0.0,0.0
2023-04-04,26.274928951593537,26.366960579911012,25.455851145818368,25.750350952148438,56233300,0.0,0.0
2023-04-05,25.45585136378221,25.68592955886727,25.271788105571236,25.43744468688965,47799400,0.0,0.0
2023-04-06,25.51106933995031,25.777960885690824,25.419039467281323,25.62150764465332,41216600,0.0,0.0
2023-04-10,25.465056144829447,25.860790943651377,25.44664946689414,25.71354103088379,40572700,0.0,0.0
2023-04-11,25.78716745640095,26.4589954410978,25.73194741944907,26.422182083129883,58761200,0.0,0.0
2023-04-12,26.39456776878653,26.69827088096474,26.109271331372362,26.21050453186035,44313300,0.0,0.0
2023-04-13,26.28413200378418,26.35775695456508,25.98963220066057,26.28413200378418,52261400,0.0,0.0
2023-04-14,26.965163126308912,27.489742873239663,26.919148190519316,27.167633056640625,81110800,0.0,0.0
2023-04-17,27.397709789218542,27.986709361715764,27.057193314270343,27.94989776611328,83704400,0.0,0.0
2023-04-18,28.34563069860812,28.4652723336243,27.42531799079153,28.124755859375,114498800,0.0,0.0
2023-04-19,27.729021983023063,27.793445349088913,27.416117267489415,27.664600372314453,65594200,0.0,0.0
2023-04-20,27.462130972936507,27.821052362451372,27.397709365111496,27.517349243164062,43193800,0.0,0.0
2023-04-21,27.37930587773059,27.590977401045766,27.066399384413653,27.489744186401367,44759000,0.0,0.0
2023-04-24,27.416117857640124,27.517351067208235,27.23205460420437,27.388507843017578,28020300,0.0,0.0
2023-04-25,27.103213827320467,27.176838784271336,26.523415755394605,26.54182243347168,49718800,0.0,0.0
2023-04-26,26.468198261834285,26.633854858728146,26.04485343028803,26.17369842529297,45848400,0.0,0.0
2023-04-27,26.24732057065182,26.762695229349706,26.24732057065182,26.58783531188965,33060100,0.0,0.0
2023-04-28,26.25652184111723,27.084802916203166,26.238115165916902,26.94675636291504,45592500,0.0,0.0
2023-05-01,27.14922844991673,27.18604180564072,26.689072035511362,26.72588539123535,34076800,0.0,0.0
2023-05-02,26.55102821962973,26.56023155951651,25.50187029218565,25.916011810302734,70797700,0.0,0.0
2023-05-03,25.916004751585103,26.22891120107918,25.59389496471095,25.639911651611328,51139500,0.0,0.0
2023-05-04,25.38222569329582,25.593897205498372,24.6919911275731,24.83924102783203,82173800,0.0,0.0
2023-05-05,25.41903695347473,25.667520042607574,25.28098864740888,25.501863479614258,50087100,0.0,0.0
2023-05-08,25.842378934210366,25.906800538335776,25.455847554100842,25.483457565307617,34245500,0.0,0.0
2023-05-09,25.23497386037532,25.612301920310205,25.06931729643178,25.455848693847656,32188800,0.0,0.0
2023-05-10,25.73194394094164,25.76875729393304,24.86685120993113,25.1429443359375,44446400,0.0,0.0
2023-05-11,24.85765073380935,25.29940048842581,24.738009078168965,25.207368850708008,34897300,0.0,0.0
2023-05-12,25.32700533195153,25.354613588876163,24.73800402410715,24.931270599365234,38142000,0.0,0.0
2023-05-15,24.940476324583248,25.6031008845708,24.876054711781897,25.44664764404297,38722800,0.0,0.0
2023-05-16,25.56628757077352,25.676724112347348,25.152146151478735,25.17975616455078,33347500,0.0,0.0
2023-05-17,25.529479153273343,26.385370414968403,25.52027581380423,26.293338775634766,61750400,0.0,0.0
2023-05-18,26.17369712819517,26.228915405970824,25.76875899533976,26.201305389404297,51146100,0.0,0.0
2023-05-19,26.192099352465277,26.38536593780752,25.796366354587764,25.869991302490234,50062500,0.0,0.0
2023-05-22,26.044851684283998,26.18290000934601,25.777961883569343,26.0816650390625,36473700,0.0,0.0
2023-05-23,26.063260176141668,26.762698167410242,26.04485349747098,26.302541732788086,51400400,0.0,0.0
2023-05-24,26.0724617772137,26.23811836349047,25.76875862082541,25.860790252685547,50606900,0.0,0.0
2023-05-25,25.759558162654805,25.989636390354857,25.65832318075236,25.925214767456055,40517800,0.0,0.0
2023-05-26,25.952822948228956,26.13688446413566,25.575494821959136,26.05405616760254,57879100,0.0,0.0
2023-05-30,26.063257750001785,26.219710993423917,25.722743003078943,26.008039474487305,41819600,0.0,0.0
2023-05-31,25.860785470375752,25.91600373713764,25.2901908626461,25.575489044189453,61905200,0.0,0.0
2023-06-01,25.751746355624388,25.95583016215196,25.36213052907941,25.770299911499023,57426100,0.22,0.0
2023-06-02,26.1228118444931,26.85566146754431,26.08570649753711,26.63302230834961,66578100,0.0,0.0
2023-06-05,26.73506353756011,26.73506353756011,26.25268166993057,26.47532081604004,34757800,0.0,0.0
2023-06-06,26.40110249481001,27.300930410189178,26.391827487077556,27.115398406982422,46297900,0.0,0.0
2023-06-07,27.180336371487474,27.505016519822195,26.911316890431475,27.347314834594727,44502600,0.0,0.0
2023-06-08,27.161782292466267,27.254546524705333,26.8927610647529,27.115398406982422,41483100,0.0,0.0
2023-06-09,27.08757020346153,27.273100439758792,26.97625064619171,27.15250587463379,32692000,0.0,0.0
2023-06-12,27.18033619040239,27.421527105576583,26.81855070232332,27.022634506225586,41011300,0.0,0.0
2023-06-13,27.02263600708589,27.644166000495424,26.929871762482758,27.273103713989258,42718800,0.0,0.0
2023-06-14,27.430805385656924,27.579230300144314,26.892764628299005,27.01336097717285,38322800,0.0,0.0
2023-06-15,26.809270126534173,27.33803400169998,26.614463128047483,27.245269775390625,42044900,0.0,0.0
2023-06-16,27.39369811750026,27.53284624388743,27.05046442100512,27.07829475402832,53050200,0.0,0.0
2023-06-20,26.91131589635132,26.939146228962656,26.512423309077494,26.781444549560547,39040900,0.0,0.0
2023-06-21,26.69795784052707,26.902041657509347,26.475320466719708,26.503149032592773,39553400,0.0,0.0
2023-06-22,26.4382141813422,26.46604451745172,25.88161984470418,25.937278747558594,50742900,0.0,0.0
2023-06-23,25.733193009584692,25.87234114105016,25.594044878119227,25.742469787597656,55181100,0.0,0.0
2023-06-26,25.788849634307265,26.234126092843777,25.779574626476634,26.057870864868164,47519300,0.0,0.0
2023-06-27,26.06715202787192,26.345448313086912,25.928003885264424,26.197023391723633,39081800,0.0,0.0
2023-06-28,26.20629654046229,26.224850095403877,25.881616406442095,26.039318084716797,37803800,0.0,0.0
2023-06-29,26.438210688685963,26.90203894638221,26.345444683273836,26.58663558959961,68376400,0.0,0.0
2023-06-30,26.846381764500947,27.004083452958437,26.595914064710023,26.61446762084961,50479000,0.0,0.0
2023-07-03,26.623741945863184,27.226718309926774,26.57735805978793,27.087570190429688,30995800,0.0,0.0
2023-07-05,27.031906675530067,27.291651102057905,26.85565323513018,26.976247787475586,37492000,0.0,0.0
2023-07-06,26.71650709076728,26.73506064583037,26.067148587838727,26.234127044677734,52098000,0.0,0.0
2023-07-07,26.25268300124421,26.735064893336073,26.243407991603505,26.466045379638672,34288000,0.0,0.0
2023-07-10,26.521699916620438,26.76289082294621,26.41038035625301,26.58663558959961,36086000,0.0,0.0
2023-07-11,26.586640107923085,26.976255981376607,26.364002718716023,26.920597076416016,40978700,0.0,0.0
2023-07-12,27.37514628885052,27.72765501589028,27.15250891871522,27.235998153686523,41855500,0.0,0.0
2023-07-13,27.384419084778408,27.70909919918805,27.28237630812742,27.52356719970703,39589000,0.0,0.0
2023-07-14,27.829697424142434,27.92246343609581,26.94842296463212,27.00408363342285,58720300,0.0,0.0
2023-07-17,27.041189563752333,27.421528628591723,27.013360998117214,27.273103713989258,49477200,0.0,0.0
2023-07-18,27.82969514356743,28.62748030387963,27.75548269395916,28.479055404663086,98253800,0.0,0.0
2023-07-19,28.65531059144177,29.406713679488657,28.46978034093589,29.249011993408203,70619800,0.0,0.0
2023-07-20,29.063482993937978,29.49948098577024,28.998547311044305,29.39743995666504,42128800,0.0,0.0
2023-07-21,29.56441520458913,29.787052565602593,29.146969046836098,29.66645622253418,70872400,0.0,0.0
2023-07-24,29.685008602638487,30.473515228154557,29.666455047614384,30.287986755371094,64548600,0.0,0.0
2023-07-25,30.390025203978986,30.417857305150594,29.74994349669105,29.82415771484375,51208800,0.0,0.0
2023-07-26,29.90764965904349,30.185945924951557,29.82416042539817,30.065349578857422,41814600,0.0,0.0
2023-07-27,30.083902733232346,30.371477542775807,29.518031661498192,29.638628005981445,45529500,0.0,0.0
2023-07-28,29.824162942930013,29.833437952460635,29.41599174899635,29.592247009277344,33296500,0.0,0.0
2023-07-31,29.592244897067417,29.91692505776882,29.480927096998926,29.68501091003418,29093400,0.0,0.0
2023-08-01,29.53658617940768,29.62935219294723,29.146970338033206,29.332502365112305,32712000,0.0,0.0
2023-08-02,28.90578058014042,29.017100154764915,28.553271837664635,28.933610916137695,38855100,0.0,0.0
2023-08-03,28.70169356519432,29.267562845948984,28.646032899390715,29.137691497802734,27933400,0.0,0.0
2023-08-04,29.091310922051846,29.378883966499526,28.915055676387038,29.0356502532959,30768100,0.0,0.0
2023-08-07,29.1376943465422,29.59224587885916,29.1376943465422,29.573692321777344,31745200,0.0,0.0
2023-08-08,29.03565060209092,29.044927380328353,28.274972480267007,29.007822036743164,45951800,0.0,0.0
2023-08-09,28.961440471817554,29.017101145712946,28.599654938320857,28.627485275268555,30732100,0.0,0.0
2023-08-10,28.76663207635137,29.05420513390731,28.571823265554734,28.701696395874023,26062600,0.0,0.0
2023-08-11,28.571825297199446,29.12841966415574,28.52544317052172,29.026378631591797,35720700,0.0,0.0
2023-08-14,28.80373302429109,28.85939368708758,28.525436787765933,28.692415237426758,32563700,0.0,0.0
2023-08-15,28.29352161467443,28.339903729247865,27.68126850161094,27.77403450012207,43406100,0.0,0.0
2023-08-16,27.59777977853658,27.68126900176869,27.096844439143915,27.171058654785156,47220400,0.0,0.0
2023-08-17,27.310208118263123,27.4029741230288,27.00408154109145,27.16178321838379,37202200,0.0,0.0
2023-08-18,26.93914795586484,27.22672100049225,26.883487287074107,27.00408363342285,31430400,0.0,0.0
2023-08-21,27.10612487180503,27.18033732809075,26.71650903396385,27.041189193725586,34959000,0.0,0.0
2023-08-22,27.022638761231743,27.124681563932842,26.36400335672578,26.382556915283203,37564200,0.0,0.0
2023-08-23,26.39183235168457,26.447491255160056,26.14136463199792,26.39183235168457,44686600,0.0,0.0
2023-08-24,26.345444465206583,26.707231706382842,26.31761590236836,26.549530029296875,31934800,0.0,0.0
2023-08-25,26.56808087397612,26.70723076069752,26.25267753097241,26.438209533691406,34253200,0.0,0.0
2023-08-28,26.614465725206138,26.902038747429042,26.503146165661967,26.679401397705078,33075200,0.0,0.0
2023-08-29,26.799997499645933,27.14323120597391,26.642295813392185,27.059741973876953,30428200,0.0,0.0
2023-08-30,27.106124647456223,27.152508538103724,26.83710515915876,26.93914794921875,33366400,0.0,0.0
2023-08-31,27.060749616671345,27.09816417366482,26.686595126189875,26.817548751831055,37243000,0.24,0.0
2023-09-01,26.901734619280063,27.247826865308117,26.901734619280063,27.107519149780273,35228600,0.0,0.0
2023-09-05,27.070102679513635,27.238472639898326,26.658531863474312,26.798839569091797,46543600,0.0,0.0
2023-09-06,26.564991444064667,26.714653226974733,26.30308421602665,26.55563735961914,45022600,0.0,0.0
2023-09-07,26.574348001362665,26.705301627567447,26.246962151741357,26.31243896484375,35023600,0.0,0.0
2023-09-08,26.30308377592431,26.546282831002078,26.153420211409234,26.527576446533203,36513900,0.0,0.0
2023-09-11,26.667884259215292,26.901731015135336,26.564991115695538,26.639822006225586,34168300,0.0,0.0
2023-09-12,26.621115970347113,27.257179482866068,26.56499324398053,27.098163604736328,42284000,0.0,0.0
2023-09-13,27.238471511399474,27.30394831903429,26.845608881481382,27.01397705078125,37215700,0.0,0.0
2023-09-14,27.28524073956345,27.537795675134436,27.219763930513764,27.313302993774414,44634800,0.0,0.0
2023-09-15,27.079453731163063,27.210407337189533,26.892375621888903,26.976560592651367,61661100,0.0,0.0
2023-09-18,26.939146044961262,26.939146044961262,26.64917656204074,26.901731491088867,25752300,0.0,0.0
2023-09-19,26.901732719128944,27.070102679513635,26.667885948396716,26.798839569091797,34888100,0.0,0.0
2023-09-20,26.948498298118313,27.09816007165571,26.6865910864824,26.705297470092773,26641100,0.0,0.0
2023-09-21,26.527577318750126,26.742715912143677,26.209545578903477,26.237606048583984,39906000,0.0,0.0
2023-09-22,26.25631601837128,26.36856325711859,25.816684716838758,25.85409927368164,41284400,0.0,0.0
2023-09-25,25.72314185373138,25.835389075919288,25.582834164078296,25.816680908203125,32749200,0.0,0.0
2023-09-26,25.573480812483986,25.723142590280528,25.264803172764985,25.414464950561523,42237400,0.0,0.0
2023-09-27,25.470590708594923,25.826038811330996,25.320928912951103,25.508007049560547,38296300,0.0,0.0
2023-09-28,25.414464101889692,25.854095336472664,25.414464101889692,25.779264450073242,36734300,0.0,0.0
2023-09-29,26.087946624505694,26.181485694828538,25.508007599900925,25.610898971557617,40645900,0.0,0.0
2023-10-02,25.508002816300888,25.592187785393026,24.86258531463084,24.97483253479004,50388600,0.0,0.0
2023-10-03,24.77840240092532,24.806464654320163,24.15169301464731,24.235877990722656,62144500,0.0,0.0
2023-10-04,24.207816303055928,24.329417619832842,23.92720089898636,24.263940811157227,55696400,0.0,0.0
2023-10-05,24.114277248091565,24.404246715484454,23.908490968430915,24.376184463500977,49044100,0.0,0.0
2023-10-06,24.10492460833357,24.535201793205538,23.824307424013014,24.385540008544922,58177300,0.0,0.0
2023-10-09,24.09557086620989,24.656803458717686,24.0581545274584,24.61003303527832,39953700,0.0,0.0
2023-10-10,24.89065037090463,25.536066161204786,24.853234031931684,25.26480484008789,51960100,0.0,0.0
2023-10-11,25.41446234235723,25.667017235510915,25.161907449203543,25.274154663085938,38508200,0.0,0.0
2023-10-12,25.227387818062766,25.33028096334321,24.890649696969913,25.161911010742188,44249800,0.0,0.0
2023-10-13,25.657669538235147,25.92893088112552,24.806467383478385,25.030960083007812,55089700,0.0,0.0
2023-10-16,25.40511344274539,25.423821612894415,25.040313045385883,25.246097564697266,56817500,0.0,0.0
2023-10-17,25.302219862724986,26.069238768867436,24.993542196928484,25.835391998291016,95344200,0.0,0.0
2023-10-18,25.760560069212207,26.228253591594918,25.45188063169478,25.545419692993164,68371100,0.0,0.0
2023-10-19,25.48929978088129,25.985055611559467,25.143205751141924,25.218036651611328,58611000,0.0,0.0
2023-10-20,25.068372480328737,25.199327881849737,24.544556226572436,24.61003303527832,62058400,0.0,0.0
2023-10-23,24.44166293025351,24.51649382319151,23.871078040642207,23.9178466796875,59857200,0.0,0.0
2023-10-24,24.076863336338736,24.198464656401708,23.75883158494073,23.824308395385742,55975700,0.0,0.0
2023-10-25,23.740121633184636,23.99267655518139,23.553045300827485,23.899137496948242,45522400,0.0,0.0
2023-10-26,23.843017135403606,24.656804703230936,23.796248493712895,24.43231201171875,60921000,0.0,0.0
2023-10-27,24.385539605977492,24.385539605977492,23.347259430939317,23.543691635131836,64709300,0.0,0.0
2023-10-30,23.684002028307063,24.114281039153404,23.646587470556156,24.03009605407715,41891900,0.0,0.0
2023-10-31,24.076861386402673,24.67550850097016,24.058153218045152,24.638093948364258,50106700,0.0,0.0
2023-11-01,24.731635930372633,24.900005897280508,24.46037280944121,24.6942195892334,44046300,0.0,0.0
2023-11-02,24.984188112012312,25.87280655384642,24.871942661236822,25.835391998291016,63278300,0.0,0.0
2023-11-03,26.340501221508735,27.060749733873347,26.31243896556008,26.583702087402344,62613600,0.0,0.0
2023-11-06,26.71465413064427,26.911086342426625,26.209546042263945,26.499515533447266,45548000,0.0,0.0
2023-11-07,26.23760862870704,26.434040856333176,26.14407134176157,26.34050178527832,33081900,0.0,0.0
2023-11-08,26.34050281191779,26.377919155441816,25.882163308405215,26.087947845458984,31896000,0.0,0.0
2023-11-09,26.25631545493498,26.265669539972304,25.629606030308658,25.75120735168457,32267900,0.0,0.0
2023-11-10,25.966344717084088,25.97569880167539,25.573482084795504,25.89151382446289,32858500,0.0,0.0
2023-11-13,25.760561216105284,26.0505307133418,25.648313980727995,25.91022300720215,28521800,0.0,0.0
2023-11-14,26.658532203154174,27.50973431673667,26.630469948029404,27.33201026916504,66676300,0.0,0.0
2023-11-15,27.31330079952584,27.809054761994567,27.31330079952584,27.70616340637207,46968900,0.0,0.0
2023-11-16,27.52843925818043,27.780994172354895,27.33200706356393,27.631332397460938,36952800,0.0,0.0
2023-11-17,27.790350853503867,28.06161397833359,27.640689055014835,28.042905807495117,38493300,0.0,0.0
2023-11-20,28.04290065478235,28.29545556236817,27.827762081998447,28.07096290588379,46783400,0.0,0.0
2023-11-21,28.052259449367238,28.052259449367238,27.640688617975258,27.743581771850586,41611900,0.0,0.0
2023-11-22,27.81841018876559,27.865180610950766,27.612625683478356,27.715517044067383,41422700,0.0,0.0
2023-11-24,27.57521046760556,27.958719024580848,27.57521046760556,27.809057235717773,15815600,0.0,0.0
2023-11-27,27.687456009836133,27.771640983942273,27.603271035729993,27.650039672851562,42039500,0.0,0.0
2023-11-28,27.621980667114258,27.73422611579433,27.42554845576027,27.621980667114258,29705800,0.0,0.0
2023-11-29,27.949366728483177,28.632200690994267,27.883889914678814,28.35158348083496,57954900,0.0,0.0
2023-11-30,28.48357827246277,28.804148323848967,28.323295045118417,28.747577667236328,52547700,0.24,0.0
2023-12-01,28.66272258019034,29.275576493905735,28.61558066311564,29.190719604492188,46133300,0.0,0.0
2023-12-04,28.785295179293232,29.2284353255328,28.775866435967,29.0587215423584,37811300,0.0,0.0
2023-12-05,28.9267212379522,29.030435610833333,28.596722431979448,28.832435607910156,45723100,0.0,0.0
2023-12-06,29.021008677074537,29.718719505520717,28.700438593957518,28.785295486450195,49803100,0.0,0.0
2023-12-07,28.841864215727544,29.16243427736048,28.794722300101622,28.90786361694336,32699600,0.0,0.0
2023-12-08,28.917293248430983,29.360433383319283,28.86072258827157,29.190719604492188,34794300,0.0,0.0
2023-12-11,29.15300501527457,29.303861300608947,28.955005016805213,29.087005615234375,32254000,0.0,0.0
2023-12-12,29.011577854229667,29.096434740640188,28.709865279591725,28.983291625976562,34566700,0.0,0.0
2023-12-13,28.992720688088504,30.293858428482935,28.87957757217858,30.209001541137695,60311100,0.0,0.0
2023-12-14,30.755850663462155,32.12298764651341,30.70870875301843,32.00041580200195,107190000,0.0,0.0
2023-12-15,31.88728029166222,32.07585156439858,31.38756947610403,31.679851531982422,83771800,0.0,0.0
2023-12-18,31.783563183425233,31.858993124723796,31.50070809695075,31.51956558227539,40694700,0.0,0.0
2023-12-19,31.142422829740827,31.745847968699675,30.92556714522109,31.59499168395996,44534800,0.0,0.0
2023-12-20,31.472426049950254,31.78356558961791,31.066999076521313,31.09528350830078,44711400,0.0,0.0
2023-12-21,31.340420730442183,31.53841890517285,31.01042017586065,31.302705764770508,32325700,0.0,0.0
2023-12-22,31.31213684040191,31.745848212775954,31.30270989608837,31.51956558227539,37265900,0.0,0.0
2023-12-26,31.538425929868954,32.01927926084565,31.46299598172475,31.92499542236328,24845400,0.0,0.0
2023-12-27,31.868428208194924,32.009857585901834,31.73642937390766,31.906143188476562,24498600,0.0,0.0
2023-12-28,31.88727710841588,32.028706448024,31.840135194112342,31.943849563598633,21799600,0.0,0.0
2023-12-29,32.00042027741066,32.047565791145125,31.632708289147278,31.745849609375,28060700,0.0,0.0
2024-01-02,31.48185251379159,32.122992666777456,31.368711191705195,31.962709426879883,36668600,0.0,0.0
2024-01-03,31.726996466830293,31.84013778972157,31.340426983312113,31.61385154724121,45988700,0.0,0.0
2024-01-04,31.651567752639462,32.349280397143,31.623283319989977,31.868423461914062,39834600,0.0,0.0
2024-01-05,31.86843065012437,32.70756924384852,31.783573736337726,32.46242904663086,49242400,0.0,0.0
2024-01-08,32.33984639572308,32.33984639572308,31.71756376711456,32.207847595214844,40253900,0.0,0.0
2024-01-09,31.88728206779824,31.906139555792034,31.59499639894153,31.708141326904297,39268800,0.0,0.0
2024-01-10,31.585567693963174,31.708139560746496,31.340427557094404,31.679851531982422,34904000,0.0,0.0
2024-01-11,31.453571507088633,31.585570330011,30.906715130183766,31.255573272705078,48790600,0.0,0.0
2024-01-12,30.40700311560754,31.293283461995355,30.133574937561992,30.92557144165039,74344300,0.0,0.0
2024-01-16,30.557855788360648,30.6521396194509,30.0015725528539,30.284427642822266,58420800,0.0,0.0
2024-01-17,29.907285558900732,30.161856207266805,29.483002943305998,29.98271369934082,48811300,0.0,0.0
2024-01-18,29.935573107477925,29.954430593007608,29.605574304103683,29.916715621948242,35484400,0.0,0.0
2024-01-19,29.982711741057326,30.388138643823623,29.765856076249317,30.378711700439453,49493600,0.0,0.0
2024-01-22,30.510712955846266,31.10471114461613,30.47299798586461,30.68985366821289,43903400,0.0,0.0
2024-01-23,30.68042786367388,30.94442546995653,30.538998519338097,30.89728355407715,30003400,0.0,0.0
2024-01-24,31.142425426832506,31.43471107644574,31.0292841030168,31.09528350830078,36403900,0.0,0.0
2024-01-25,31.31214159545914,31.538427857021063,30.953860109975086,31.481855392456055,46204000,0.0,0.0
2024-01-26,31.49128115263721,31.745848212775954,31.415851211338648,31.51956558227539,30839800,0.0,0.0
2024-01-29,31.491277563282466,31.726990707927705,31.340421294577403,31.68927574157715,30269300,0.0,0.0
2024-01-30,31.9627072420845,32.89612937971475,31.906134786559395,32.80184555053711,60315700,0.0,0.0
2024-01-31,32.59442423862643,33.094135121208325,32.05699837709916,32.06642532348633,54716000,0.0,0.0
2024-02-01,31.99099263150747,32.29270520996697,31.04813992464712,31.632707595825195,57084800,0.0,0.0
2024-02-02,31.462999769654704,31.783569894466247,31.274428473289387,31.557287216186523,40416000,0.0,0.0
2024-02-05,31.21785476153797,31.387568542281706,30.982141576804764,31.104713439941406,43573000,0.0,0.0
2024-02-06,31.038714350893898,31.45357191019315,31.001002970074325,31.151859283447266,27188000,0.0,0.0
2024-02-07,31.170708410681463,31.359276054290813,30.7652815028663,31.283849716186523,29660100,0.0,0.0
2024-02-08,31.161284070049835,31.378139780702043,30.925570871945528,31.227283477783203,36852200,0.0,0.0
2024-02-09,31.20842397262648,31.349853321024483,30.963283844994045,31.180139541625977,36176000,0.0,0.0
2024-02-12,31.114141770811575,32.02871011926059,31.095284283589148,31.69870948791504,34160400,0.0,0.0
2024-02-13,31.22728008637649,31.406424399366678,30.501283083457626,30.87842559814453,43801500,0.0,0.0
2024-02-14,31.0952802572203,31.283851508329494,30.99156588927537,31.236709594726562,27833900,0.0,0.0
2024-02-15,31.41585016358981,32.28327647610596,31.41585016358981,32.122989654541016,41683100,0.0,0.0
2024-02-16,31.981562684395655,32.198421976095965,30.633286597500852,32.141849517822266,33290700,0.0,0.0
2024-02-20,31.849561897714413,32.14184751890455,31.84013495360392,32.0192756652832,30372900,0.0,0.0
2024-02-21,31.453569315239477,31.81185437870314,31.274424985158685,31.774139404296875,37847100,0.0,0.0
2024-02-22,31.462989540170973,32.12298706451707,31.462989540170973,31.68927574157715,42756900,0.0,0.0
2024-02-23,31.802424737009915,32.10413734740501,31.576142077562608,31.981565475463867,30586000,0.0,0.0
2024-02-26,31.858989493457493,32.26441638998307,31.61384580887604,31.68927574157715,31129200,0.0,0.0
2024-02-27,31.802419463089294,32.462417037640314,31.783561978479558,32.320987701416016,40536300,0.0,0.0
2024-02-28,32.26442060930072,32.6227020463931,32.160706236622225,32.34927749633789,39548600,0.0,0.0
2024-02-29,32.59614384975025,32.899981762014235,32.42523457134756,32.776546478271484,43863400,0.24,0.0
2024-03-01,32.78604449560335,32.89998644544762,32.311297237354665,32.615135192871094,38432300,0.0,0.0
2024-03-04,32.5581671254001,33.63109329762909,32.52018647628561,33.374732971191406,49136400,0.0,0.0
2024-03-05,33.16584115296436,33.91594263152616,33.108870182505065,33.60260772705078,47591600,0.0,0.0
2024-03-06,33.84947898496273,33.982407629983186,33.298770458982055,33.6310920715332,49149700,0.0,0.0
2024-03-07,33.80199900278329,34.08685021882256,33.46967741344904,33.83048629760742,35900700,0.0,0.0
2024-03-08,34.05836205308736,34.305232617737474,33.707050150198356,33.801998138427734,42769900,0.0,0.0
2024-03-11,33.60260721729503,34.11533507754904,33.48866890013874,34.077354431152344,34131500,0.0,0.0
2024-03-12,34.08685817213304,34.32423182619515,33.972916210318374,34.14382553100586,29260400,0.0,0.0
2024-03-13,34.143820962366966,34.60907485577026,34.143820962366966,34.25776290893555,38289600,0.0,0.0
2024-03-14,34.10583827136828,34.390689498699764,33.688062025067275,33.887454986572266,40178100,0.0,0.0
2024-03-15,33.49816580187853,34.19129637294527,33.46018877348966,33.62160110473633,69646400,0.0,0.0
2024-03-18,33.85897399494462,34.267256922960996,33.602610043257535,34.1912956237793,50617900,0.0,0.0
2024-03-19,34.07736033806856,34.55210763421782,34.039379685088356,34.210289001464844,46113800,0.0,0.0
2024-03-20,34.02987365678609,35.01734853423197,33.92542871101332,34.89391326904297,40519000,0.0,0.0
2024-03-21,35.064830830651424,35.70099038268968,35.01735683187802,35.615535736083984,43219500,0.0,0.0
2024-03-22,35.52058288295875,35.710482474127474,35.1312903509779,35.17876434326172,29001100,0.0,0.0
2024-03-25,35.22624011818054,35.397149396677975,34.97937317259182,34.99836349487305,30480200,0.0,0.0
2024-03-26,35.13129264343503,35.359172892114294,34.9413930398746,35.21674728393555,33673400,0.0,0.0
2024-03-27,35.36867236735705,35.93836765466183,35.35917901545017,35.900390625,36350200,0.0,0.0
2024-03-28,35.8149296113419,36.08078688194759,35.53007839622592,36.004825592041016,42262500,0.0,0.0
2024-04-01,36.02382414398187,36.41311678860088,35.549076839713095,35.625038146972656,33908000,0.0,0.0
2024-04-02,35.3117003466453,35.68200625669168,35.28321666973181,35.41614532470703,34806800,0.0,0.0
2024-04-03,35.5110952389162,36.09978080629383,35.38765994151905,35.549072265625,33338500,0.0,0.0
2024-04-04,35.79594029306904,36.04280724812357,35.0078581873313,35.05533218383789,42888200,0.0,0.0
2024-04-05,34.950889258740425,35.454120118598894,34.87492797014026,35.23573684692383,30823500,0.0,0.0
2024-04-08,35.32119335135988,35.68200224720252,35.25472903134069,35.606040954589844,29470300,0.0,0.0
2024-04-09,35.61553480805168,35.86240539049498,35.32119385010584,35.824424743652344,30967300,0.0,0.0
2024-04-10,35.30220011369333,35.34967410663995,34.70401766087209,34.79896926879883,37610700,0.0,0.0
2024-04-11,34.89392509697307,34.89392509697307,34.229278180242915,34.51412582397461,38604000,0.0,0.0
2024-04-12,34.00140075633835,34.26725806829197,33.73553982235051,33.9824104309082,47126100,0.0,0.0
2024-04-15,34.4951397027506,34.903419038373144,33.9539244618751,34.13433074951172,44392000,0.0,0.0
2024-04-16,34.27674316468677,34.343207476667736,32.42523215659807,32.928462982177734,95566100,0.0,0.0
2024-04-17,33.12785916630077,33.94442493302624,32.99493052930522,33.450687408447266,65951400,0.0,0.0
2024-04-18,33.74503755362209,34.17231083030667,33.40321893227443,33.96342086791992,44506200,0.0,0.0
2024-04-19,34.27674715181071,35.245231895946084,34.23877012771358,35.10280990600586,56273700,0.0,0.0
2024-04-22,35.131294237926504,35.99533403241037,35.00785894670485,35.824424743652344,43867100,0.0,0.0
2024-04-23,36.02381928698298,36.479576202988326,35.919377936634376,36.43210220336914,39180300,0.0,0.0
2024-04-24,36.09978067542793,36.54604424145326,36.080790351125366,36.38462829589844,28670600,0.0,0.0
2024-04-25,36.01432876568804,36.33715705931222,35.49210748477565,35.995338439941406,41116000,0.0,0.0
2024-04-26,36.01432436839689,36.37513326946014,35.87189875370424,35.919376373291016,28668700,0.0,0.0
2024-04-29,35.92886911404042,36.13775904616773,35.55856686856656,35.65351486206055,26438800,0.0,0.0
2024-04-30,35.463613449595115,35.767451359765246,35.1123015450922,35.140785217285156,30283800,0.0,0.0
2024-05-01,35.33069114568852,35.6155387847456,34.912914849873744,35.083824157714844,32272000,0.0,0.0
2024-05-02,35.48260713192595,35.59654907555521,34.79897358032009,35.017356872558594,34860300,0.0,0.0
2024-05-03,35.36866760253906,35.63452488452746,35.2072552876272,35.36866760253906,34082700,0.0,0.0
2024-05-06,35.757961942350214,35.88139723881766,35.47311432299255,35.78644561767578,28422300,0.0,0.0
2024-05-07,35.79594630811352,36.223219592538115,35.79594630811352,35.92887496948242,29119500,0.0,0.0
2024-05-08,35.7959418297687,35.90988015068259,35.62503253738092,35.80543518066406,32803300,0.0,0.0
2024-05-09,35.63453201785444,36.479581652223025,35.5680676840525,36.34665298461914,26855400,0.0,0.0
2024-05-10,36.53655176365821,36.82139941917572,36.39412974691669,36.5080680847168,27359100,0.0,0.0
2024-05-13,36.66947831807767,36.82139730041431,36.25170202216047,36.28018569946289,24060600,0.0,0.0
2024-05-14,36.46058874962845,36.83089100987693,36.432101452816624,36.546043395996094,27594800,0.0,0.0
2024-05-15,36.84037926297178,37.258159086084675,36.82138894173634,36.94482421875,34084400,0.0,0.0
2024-05-16,36.95431886794712,37.37209870575235,36.754925921012926,37.23917007446289,32554200,0.0,0.0
2024-05-17,37.45756015513635,37.495540805849885,37.182205870514515,37.305641174316406,25537300,0.0,0.0
2024-05-20,37.27714740452955,37.47654397514637,36.83088751322901,36.859371185302734,28369800,0.0,0.0
2024-05-21,36.81190097639841,37.74240512083402,36.81190097639841,37.647457122802734,31799200,0.0,0.0
2024-05-22,37.41958187423145,37.79938116135136,37.353117542290626,37.75190353393555,42837600,0.0,0.0
2024-05-23,37.76139501479362,37.82785933706537,36.97331287638018,37.19169616699219,39033900,0.0,0.0
2024-05-24,37.18220314926821,37.7708887041072,37.096748502434004,37.69493103027344,22166300,0.0,0.0
2024-05-28,37.64746430644901,37.73291896979665,37.13473632636314,37.334129333496094,31217900,0.0,0.0
2024-05-29,36.87836168122698,36.935332647676596,36.612504415195936,36.76442337036133,26677500,0.0,0.0
2024-05-30,36.77391068064097,37.14421284666077,35.691487850111386,36.67896270751953,50989100,0.0,0.0
2024-05-31,36.74543852695814,38.05574197439697,36.70745787699548,37.97028732299805,58188400,0.0,0.0
2024-06-03,38.01776371392744,38.16018572718773,37.37210711211787,37.8658447265625,31898600,0.0,0.0
2024-06-04,37.61897049423367,38.112708061244476,37.42907087276274,37.675941467285156,26974200,0.0,0.0
2024-06-05,37.80887051399859,37.97028646166121,37.524022889808506,37.94179916381836,34140300,0.0,0.0
2024-06-06,37.894323998875265,37.979778645709466,37.42907011677039,37.69493103027344,38676400,0.0,0.0
2024-06-07,37.52298325060186,38.17256677541,37.52298325060186,38.00061798095703,25928700,0.24,0.0
2024-06-10,37.809559963529566,38.05792837367738,37.456107705157315,37.895530700683594,37176200,0.0,0.0
2024-06-11,37.570746729279904,37.58984891023863,36.73965973909822,37.121768951416016,44629000,0.0,0.0
2024-06-12,38.01971783925782,38.09614113326862,37.3510285929163,37.64716339111328,38964700,0.0,0.0
2024-06-13,37.53253629291379,37.58985012577033,37.18863871951996,37.503875732421875,40018700,0.0,0.0
2024-06-14,37.35102715445011,37.7140304988949,37.16952730425926,37.48476791381836,32347900,0.0,0.0
2024-06-17,37.34147588140004,37.7617930480147,37.2363956787306,37.7426872253418,26135400,0.0,0.0
2024-06-18,37.79045914324337,38.22988219693997,37.69493001587654,38.20122528076172,30804500,0.0,0.0
2024-06-20,38.00061593532318,38.506911200208364,37.97195901914493,38.20122528076172,29383300,0.0,0.0
2024-06-21,38.06748862913678,38.124806111770354,37.60895970026019,37.723594665527344,72244900,0.0,0.0
2024-06-24,37.9910677308534,38.5355710439884,37.876436413368104,38.22988510131836,31064900,0.0,0.0
2024-06-25,38.00061678577922,38.277645795247544,37.5898506390679,37.61851119995117,30596000,0.0,0.0
2024-06-26,37.417898648321476,37.58984742265341,36.74921301932325,37.2555046081543,44310200,0.0,0.0
2024-06-27,36.96893005360067,37.589853036700106,36.62503245357568,37.494327545166016,29464200,0.0,0.0
2024-06-28,37.962409061969986,38.268094990544185,37.561194003176524,37.991065979003906,52028200,0.0,0.0
2024-07-01,38.12480760197276,38.53557380007585,37.895541306541034,38.220333099365234,26770500,0.0,0.0
2024-07-02,38.21077744704021,39.12783523119388,38.172565795017874,39.099178314208984,35626100,0.0,0.0
2024-07-03,39.185153623026096,39.357102417072724,38.927230431956154,39.07052230834961,17100700,0.0,0.0
2024-07-05,39.0991727240549,39.12782963694261,38.487800955362545,38.60243225097656,23489000,0.0,0.0
2024-07-08,38.78392991388436,39.204250714150284,38.62153589128196,38.803035736083984,26728500,0.0,0.0
2024-07-09,38.93677551329035,39.95891702860687,38.78393256929163,39.56725311279297,34697200,0.0,0.0
2024-07-10,39.4335209846869,39.89204987473399,39.23291527855324,39.872947692871094,25333400,0.0,0.0
2024-07-11,39.901603870095364,40.02578991428438,39.53860047234632,39.939815521240234,33824600,0.0,0.0
2024-07-12,39.63413073295374,40.04489324027805,39.252021498711564,39.72965621948242,31856600,0.0,0.0
2024-07-15,39.978023700253296,40.34102709956349,39.834735473939226,40.0162353515625,36648100,0.0,0.0
2024-07-16,40.61805585455958,42.41396337029887,40.33147575963802,42.15604019165039,75953300,0.0,0.0
2024-07-17,41.69750791802078,42.452167922959056,41.69750791802078,42.01274490356445,65713600,0.0,0.0
2024-07-18,41.66884692064365,42.26111652564864,41.00971239850191,41.08613204956055,48549200,0.0,0.0
2024-07-19,40.94284837627902,41.6115377064744,40.780450678172976,40.98106002807617,43903000,0.0,0.0
2024-07-22,40.732685870202076,40.9523973908002,40.08310239884089,40.407894134521484,42838300,0.0,0.0
2024-07-23,40.33147391718964,40.86642243152172,40.26460535289813,40.51297378540039,36705100,0.0,0.0
2024-07-24,40.38878887499876,40.83776665697697,40.188183176522195,40.30281448364258,36567200,0.0,0.0
2024-07-25,40.14041594092005,40.407890175605594,39.796518414002556,39.81562423706055,41593900,0.0,0.0
2024-07-26,39.720101491541634,40.08310122236406,39.55770380643611,39.80607223510742,52049300,0.0,0.0
2024-07-29,39.911152518480414,40.00668164049668,39.14693776266733,39.252017974853516,37133100,0.0,0.0
2024-07-30,39.21380973709784,40.01623621151727,38.98454711244298,39.43352127075195,44163200,0.0,0.0
2024-07-31,39.38575836237451,39.52905023523039,38.420937836544525,38.50691223144531,50851600,0.0,0.0
2024-08-01,38.63109481387257,38.64064954894137,37.23640230705386,37.7331428527832,60107800,0.0,0.0
2024-08-02,36.30023635286537,36.80652795694976,35.51691575467072,35.899024963378906,76728000,0.0,0.0
2024-08-05,34.055350849532324,35.306751257960244,33.56816148235286,35.0106201171875,76075200,0.0,0.0
2024-08-06,35.01062750816552,35.641105212153484,34.90554728349022,35.26854705810547,40614100,0.0,0.0
2024-08-07,36.395764668087075,36.86384830301317,35.60289291774193,35.63154983520508,44952400,0.0,0.0
2024-08-08,36.12828856362843,36.701448748337526,35.97544560476843,36.5008430480957,36557800,0.0,0.0
2024-08-09,36.453087176128534,36.730116230036984,36.21426978015178,36.567718505859375,26411200,0.0,0.0
2024-08-12,36.77787572421287,36.99758727177114,36.30979206615293,36.4626350402832,33040600,0.0,0.0
2024-08-13,36.653680162611316,36.758760363334694,36.414862849717466,36.739654541015625,21553500,0.0,0.0
2024-08-14,36.79697992451805,37.17908552091706,36.71100552761711,37.07400894165039,25658900,0.0,0.0
2024-08-15,37.66627365569137,37.905091011538225,37.22685059550843,37.28416442871094,37379800,0.0,0.0
2024-08-16,37.2555076267279,37.65671903663441,37.24595653585265,37.580299377441406,26886600,0.0,0.0
2024-08-19,37.71403084880877,37.96240290301971,37.68537393642409,37.895530700683594,27268900,0.0,0.0
2024-08-20,37.37014348363356,37.48477845246393,36.62503440655673,36.95937728881836,44440800,0.0,0.0
2024-08-21,37.13131678184539,37.24595172191414,36.67278795375999,37.016685485839844,33751100,0.0,0.0
2024-08-22,37.045341278306,37.532530648704046,36.844735605348255,37.48476791381836,35421600,0.0,0.0
2024-08-23,37.51343126009875,38.3731715676898,37.51343126009875,37.991065979003906,45616600,0.0,0.0
2024-08-26,38.21077694072733,38.40183155424369,37.8859851909686,38.13435363769531,44659500,0.0,0.0
2024-08-27,38.21077131316753,38.33495734027299,37.83821687591424,37.895530700683594,32323900,0.0,0.0
2024-08-28,37.58029853815652,38.46869937632437,37.570747447494576,38.16301345825195,40700500,0.0,0.0
2024-08-29,38.25853764094687,38.53556663355532,37.761797129944526,38.3731689453125,34810800,0.0,0.0
2024-08-30,38.373165273367555,39.0323034095395,38.3349572716108,38.927223205566406,49098200,0.0,0.0
2024-09-03,38.764831894368534,39.070517794230106,38.43048543610138,38.87946319580078,48489300,0.0,0.0
2024-09-04,38.84125850465218,39.118287539793705,38.478255067020655,38.68841552734375,39629600,0.0,0.0
2024-09-05,38.97499834934948,39.10873550823406,38.220334502427285,38.344520568847656,34214500,0.0,0.0
2024-09-06,38.238745800325766,38.34451108392392,37.07533501638788,37.26763153076172,47007600,0.26,0.0
2024-09-09,37.73877153027828,38.18105943736237,37.59454545857542,37.95030212402344,37610200,0.0,0.0
2024-09-10,38.306059999392524,38.306059999392524,36.85420040897845,37.76762008666992,53983900,0.0,0.0
2024-09-11,37.488788280907336,37.527245392482605,36.54651752478803,37.4984016418457,41190000,0.0,0.0
2024-09-12,37.546473794526726,37.81569556823224,37.04649469229832,37.286869049072266,39921600,0.0,0.0
2024-09-13,37.383016807103886,37.58493036391075,36.95995563914148,37.16187286376953,31887300,0.0,0.0
2024-09-16,37.315712023910216,37.70030874827285,37.29648163751891,37.59454345703125,26336400,0.0,0.0
2024-09-17,37.767616939888285,38.267596031225125,37.70031241488348,38.0272216796875,27769400,0.0,0.0
2024-09-18,38.09452819824219,38.57527692647581,37.90222797338439,38.09452819824219,42527800,0.0,0.0
2024-09-19,38.498357218933066,39.469467990257485,38.469509802482754,39.2963981628418,57977800,0.0,0.0
2024-09-20,39.05602412481397,39.16178942773383,38.69065774650012,38.71950149536133,70725000,0.0,0.0
2024-09-23,38.66180916157162,38.88295312107555,38.21952124256376,38.33489990234375,31714800,0.0,0.0
2024-09-24,38.31566513162471,38.44066080498444,37.738768230892354,37.931068420410156,32534900,0.0,0.0
2024-09-25,37.738773345947266,37.89261278484845,37.440707828404285,37.738773345947266,28866000,0.0,0.0
2024-09-26,37.87337545686942,38.19067130461378,37.60415740507725,37.99837112426758,39601400,0.0,0.0
2024-09-27,38.12337377265991,38.3637481251538,37.83492161541,37.882999420166016,27861100,0.0,0.0
2024-09-30,37.71954329303872,38.257983167891894,37.517629715401874,38.152217864990234,35055200,0.0,0.0
2024-10-01,37.988758044481614,38.03683584542847,37.44070485764298,37.70992660522461,26291200,0.0,0.0
2024-10-02,37.73877384562621,38.017608978520755,37.54647362749819,37.71954345703125,23302700,0.0,0.0
2024-10-03,37.479168605084965,37.758003734287605,37.23879425256301,37.738773345947266,26030200,0.0,0.0
2024-10-04,38.392588756168344,38.700267608950455,38.09452326286389,38.56565856933594,34209900,0.0,0.0
2024-10-07,38.66180682804633,38.88295077420259,38.181058162188044,38.42143249511719,27177500,0.0,0.0
2024-10-08,38.50797205053412,38.6041239960064,38.27721471704401,38.39259338378906,26023600,0.0,0.0
2024-10-09,38.33489925887027,38.83487833328643,38.1906768535215,38.642578125,27421000,0.0,0.0
2024-10-10,38.469510270987286,38.58489260255063,38.23875294350377,38.431053161621094,26182300,0.0,0.0
2024-10-11,38.940640356259074,40.546339074592666,38.844492094112795,40.33481216430664,50660700,0.0,0.0
2024-10-14,40.3444341572303,40.55596478060565,40.11367681156799,40.29636001586914,28098900,0.0,0.0
2024-10-15,41.565530281663,41.6905259649989,40.43096310755893,40.51749801635742,61490000,0.0,0.0
2024-10-16,40.58480455010492,41.440536652972504,40.52711705325997,41.1520881652832,42437800,0.0,0.0
2024-10-17,41.18093307862888,41.34438586685058,40.83479344731082,40.95978546142578,31708600,0.0,0.0
2024-10-18,40.796332310544244,41.007862898429615,40.488653456068036,40.69056701660156,30593500,0.0,0.0
2024-10-21,40.62326161105378,40.77710103493901,40.13289959361374,40.15212631225586,26589500,0.0,0.0
2024-10-22,40.04636605155061,40.777102422923186,39.96944450307913,40.67133712768555,37104400,0.0,0.0
2024-10-23,40.575184064724674,40.83478875840378,40.402114268938604,40.70979309082031,28569400,0.0,0.0
2024-10-24,40.690562430302066,41.01747163481423,40.35403986734287,41.00785827636719,28392000,0.0,0.0
2024-10-25,41.26746357205209,41.32515473216848,40.180974231852495,40.277122497558594,27466900,0.0,0.0
2024-10-28,40.45019631564665,41.10401485709161,40.39250514981742,40.97901916503906,24527600,0.0,0.0
2024-10-29,40.95017392129178,41.1617045204562,40.8347952616664,40.89248275756836,22313500,0.0,0.0
2024-10-30,40.104057132511734,41.24824142753731,40.03675260548925,40.68095779418945,38100500,0.0,0.0
2024-10-31,40.661728589702,40.91171631623524,40.19059321900023,40.20982360839844,28138200,0.0,0.0
2024-11-01,40.52711334655846,40.79633142140231,40.1425129529348,40.15212631225586,31220000,0.0,0.0
2024-11-04,40.00790368117713,40.40211743181285,39.52715502587401,39.738685607910156,31110100,0.0,0.0
2024-11-05,39.91175280528219,40.39250147330343,39.78676079242798,40.26750946044922,30851400,0.0,0.0
2024-11-06,43.07508042220921,43.796203432629525,42.305883277991796,43.66159439086914,110086700,0.0,0.0
2024-11-07,43.30584267710604,43.488525858053514,42.79624657392178,43.04623794555664,48339700,0.0,0.0
2024-11-08,43.40199312113817,43.748132780538945,43.2193099310418,43.39237976074219,38331800,0.0,0.0
2024-11-11,43.8442831927225,44.72886277295173,43.82505647099344,44.30580520629883,43293500,0.0,0.0
2024-11-12,44.363486881543835,44.661552378708585,44.07503841180254,44.094268798828125,38155900,0.0,0.0
2024-11-13,44.42117771780773,44.69039579855489,44.065424729988806,44.1038818359375,36903900,0.0,0.0
2024-11-14,44.180798890375655,44.38271243040181,43.96926832397442,44.13272476196289,35733100,0.0,0.0
2024-11-15,43.863511461390424,45.03653949252043,43.863511461390424,44.95000457763672,40488900,0.0,0.0
2024-11-18,44.949997766867135,45.209602472183285,44.70001008831512,44.9211540222168,32360300,0.0,0.0
2024-11-19,44.21926551782118,44.82500621814019,44.18080474286783,44.62309265136719,28534100,0.0,0.0
2024-11-20,44.776929705225164,44.844234223908245,44.151954982800945,44.28656768798828,28021000,0.0,0.0
2024-11-21,44.60385713708969,45.23844517959438,44.517322237301734,44.67116165161133,45336500,0.0,0.0
2024-11-22,44.58462814953546,45.40190304378097,44.49809324703467,45.190372467041016,37996200,0.0,0.0
2024-11-25,45.440370120777516,45.90189214728889,45.3442218381504,45.6711311340332,42718600,0.0,0.0
2024-11-26,45.68074183830052,45.998037754594904,45.39229333937395,45.911502838134766,30301500,0.0,0.0
2024-11-27,45.9788030463549,46.1326424758521,45.81535025718595,45.930728912353516,23278400,0.0,0.0
2024-11-29,45.959571647769636,46.228793394331035,45.67112318228786,45.68073654174805,23262000,0.0,0.0
2024-12-02,45.90188880714723,45.97880669408746,45.04615301561901,45.22883987426758,35891500,0.0,0.0
2024-12-03,45.54613782880595,45.651903145953824,44.85386208825801,45.01731491088867,38123800,0.0,0.0
2024-12-04,44.89231174440032,44.97884665606999,44.35387555429701,44.584632873535156,24941300,0.0,0.0
2024-12-05,44.76731498138217,45.421133429650155,44.70962382377462,45.190372467041016,31572100,0.0,0.0
2024-12-06,45.49977010080403,45.49977010080403,44.86165194424868,45.20004653930664,28931700,0.26,0.0
2024-12-09,45.01634496659308,45.20004435385334,44.37822684089118,44.38789367675781,34660900,0.0,0.0
2024-12-10,44.38789527023165,44.755297746165795,44.07850487625272,44.23320007324219,35665800,0.0,0.0
2024-12-11,44.47491571737995,44.62961092886793,43.962488520868156,44.55226516723633,36790500,0.0,0.0
2024-12-12,44.61027356640384,44.92933451472424,44.39756626752358,44.55226516723633,24017300,0.0,0.0
2024-12-13,44.561922793450535,44.57158962857207,43.87546316487718,44.155845642089844,32902300,0.0,0.0
2024-12-16,44.07850292293718,44.16551919790171,43.66275890790939,43.96248245239258,27330400,0.0,0.0
2024-12-17,43.691758113954016,43.691758113954016,43.14065633152183,43.556400299072266,33054600,0.0,0.0
2024-12-18,43.643419199165535,43.92380536876314,41.91276431703089,42.05779266357422,41771900,0.0,0.0
2024-12-19,42.51221550553649,43.00530529290436,41.87409735752985,41.941776275634766,38583600,0.0,0.0
2024-12-20,41.76774364932043,42.92795946784519,41.67105684631246,42.70558166503906,74222200,0.0,0.0
2024-12-23,42.444534568158325,42.64757131281372,41.36166455354774,42.43486404418945,35374800,0.0,0.0
2024-12-24,42.473533790256575,42.94728613897934,42.473533790256575,42.90861511230469,12054400,0.0,0.0
2024-12-26,42.74425504462546,43.10199067219006,42.6475719328765,43.07298278808594,16077400,0.0,0.0
2024-12-27,42.773266221628205,43.29536022877999,42.599233656502754,42.86994934082031,17972500,0.0,0.0
2024-12-30,42.43486719817542,42.6765786802231,42.106139435061586,42.45420455932617,16109800,0.0,0.0
2024-12-31,42.57989041605629,42.76358979244793,42.260829527970515,42.49287414550781,16110400,0.0,0.0
2025-01-02,42.67657352069107,43.11165487342114,42.34784579731991,42.82160186767578,25610600,0.0,0.0
2025-01-03,43.26635543953594,43.3630385574071,42.686249355859914,43.32436752319336,23455700,0.0,0.0
2025-01-06,43.66275747182442,44.61993646495216,43.60474539434803,43.89480209350586,30518500,0.0,0.0
2025-01-07,44.74563141542773,45.103367088676315,44.13652109482023,44.55226516723633,41111200,0.0,0.0
2025-01-08,44.37822055234243,44.7262819175839,44.17518014567186,44.677940368652344,40246000,0.0,0.0
2025-01-10,44.47491026878267,44.52325182490822,43.25668608858689,43.614418029785156,40741300,0.0,0.0
2025-01-13,43.60474540143763,43.8367900231568,43.20833875917817,43.56607437133789,34353600,0.0,0.0
2025-01-14,44.08817066305396,44.397561049668596,43.73043872007285,44.262203216552734,36379000,0.0,0.0
2025-01-15,45.55777806505562,45.88650582067539,45.28706239156562,45.5384407043457,57154800,0.0,0.0
2025-01-16,45.44175789823918,45.93484769091195,44.30087942616161,45.093692779541016,56339300,0.0,0.0
2025-01-17,45.06468846293638,45.325737301268035,44.552261310780416,44.98733901977539,44486100,0.0,0.0
2025-01-21,45.07435475886361,45.586785593100956,44.9970090048543,45.11302947998047,52089100,0.0,0.0
2025-01-22,45.05501627192456,45.180707268299855,44.24286558989645,44.271873474121094,40296200,0.0,0.0
2025-01-23,44.523254352866786,45.335405081851356,44.523254352866786,44.85198211669922,35324100,0.0,0.0
2025-01-24,44.697282584413074,45.30639649418722,44.619936835359944,44.97766876220703,24655100,0.0,0.0
2025-01-27,45.006669040564084,45.57710818205959,44.84230703298896,45.52876663208008,44260000,0.0,0.0
2025-01-28,45.51910824511226,45.86716968249463,45.161372594780424,45.28706359863281,27156600,0.0,0.0
2025-01-29,45.20004653930664,45.81882733496947,45.09369289851001,45.20004653930664,23681500,0.0,0.0
2025-01-30,45.54810502855517,45.60611341456408,44.86164541380763,45.17103576660156,31199900,0.0,0.0
2025-01-31,45.15170105040881,45.27739204115567,44.62960341643646,44.76496124267578,30388900,0.0,0.0
2025-02-03,43.914131355572934,44.93898915875127,43.614411539263024,44.677940368652344,36497700,0.0,0.0
2025-02-04,44.813304223334015,45.56744650360109,44.73595847225939,45.16136932373047,32894000,0.0,0.0
2025-02-05,45.422416157977786,45.56744450619388,45.093688431815536,45.5481071472168,27696600,0.0,0.0
2025-02-06,45.86716604067757,46.38926368763378,45.60611721719947,46.157222747802734,39793400,0.0,0.0
2025-02-07,46.253905874290744,46.37959686820756,45.80915766593801,45.828495025634766,26504700,0.0,0.0
2025-02-10,45.90584242163208,45.98319186319161,44.8616507781491,45.12269592285156,26725200,0.0,0.0
2025-02-11,45.00667909960552,45.37408160036762,44.745630245502824,45.23872375488281,20314900,0.0,0.0
2025-02-12,45.02600542211758,45.035675944838154,44.41689157855341,44.677940368652344,29777100,0.0,0.0
2025-02-13,44.97766757704043,45.026009129952854,44.445903118555634,44.793968200683594,26815400,0.0,0.0
2025-02-14,44.938998199361315,45.5287748043565,44.938998199361315,45.40308380126953,25960500,0.0,0.0
2025-02-18,45.016346905072986,45.10336318451687,44.629607065716954,44.98733901977539,37824100,0.0,0.0
2025-02-19,44.358889870463756,44.53292242338563,43.91413796398324,44.48457717895508,38967800,0.0,0.0
2025-02-20,44.37823221024734,44.65861474299474,43.54674407259187,43.79812240600586,40001100,0.0,0.0
2025-02-21,43.74977840534081,44.001156724740554,43.063318679071784,43.32436752319336,43485900,0.0,0.0
2025-02-24,43.53707143338151,43.885136561381096,42.96663218209877,42.98596954345703,35512200,0.0,0.0
2025-02-25,43.05364306772292,43.35336659887156,41.91276470815598,42.48320388793945,38119000,0.0,0.0
2025-02-26,42.57989068261196,43.07298042665742,42.40585814042554,42.48320388793945,32251700,0.0,0.0
2025-02-27,42.62822999912668,43.29535225035457,42.483201658839626,42.65723419189453,28477700,0.0,0.0
2025-02-28,42.85060972718645,44.66828104061626,42.734589252608835,44.57159423828125,62621100,0.0,0.0
2025-03-03,44.67794325011034,45.403077595521786,43.72076797957267,44.049495697021484,46946000,0.0,0.0
2025-03-04,43.24701380884377,43.35336744093722,40.6365293135673,41.25531005859375,78278100,0.0,0.0
2025-03-05,41.235977853753866,41.3133236055203,40.32714037498419,40.88791275024414,52588900,0.0,0.0
2025-03-06,40.21112114501805,40.5011741774921,39.60200719506544,40.08543014526367,58103500,0.0,0.0
2025-03-07,40.192456257753356,40.60109236214684,39.51139237226463,40.28002166748047,50651400,0.26,0.0
2025-03-10,39.3070745057365,39.5211203993586,38.12007754860646,38.75249481201172,77498400,0.0,0.0
2025-03-11,38.62600610425595,39.560034562299116,38.20763849485135,38.5384407043457,50608400,0.0,0.0
2025-03-12,39.219506479768235,39.40436512818042,38.13953439723006,38.830326080322266,42290700,0.0,0.0
2025-03-13,38.888704171317464,39.10275005020995,38.26601850272233,38.59681701660156,37766100,0.0,0.0
2025-03-14,39.170859410083075,39.91030148834377,39.083293998486404,39.783817291259766,35979900,0.0,0.0
2025-03-17,39.81300611197639,40.64001363480668,39.491935397653904,40.318939208984375,37242800,0.0,0.0
2025-03-18,40.59136040502296,40.698385196224,40.17299279114575,40.52325439453125,37644500,0.0,0.0
2025-03-19,40.591361701612875,41.54484959045286,40.18272191411041,41.0681037902832,42471100,0.0,0.0
2025-03-20,40.6302871389872,41.564319586671026,40.523266028560144,41.330810546875,41018100,0.0,0.0
2025-03-21,41.019460422643384,41.50593410114319,40.75676419087354,41.321075439453125,65011000,0.0,0.0
2025-03-24,41.768634142841655,41.982683768586,41.593503305687186,41.90484619140625,30646100,0.0,0.0
2025-03-25,42.1772673965656,42.352398221711866,41.87565608442457,42.109161376953125,25445300,0.0,0.0
2025-03-26,42.28428768244895,42.53725605239878,41.57403661705016,41.66160202026367,30012100,0.0,0.0
2025-03-27,41.66159882483928,41.92429501433114,41.36971540701466,41.408634185791016,25619200,0.0,0.0
2025-03-28,41.291885012700085,41.46701583607602,39.88111429656009,40.13407897949219,34253000,0.0,0.0
2025-03-31,39.67679254872059,40.7664962750653,39.501661725254465,40.60109329223633,36390000,0.0,0.0
2025-04-01,40.20218506021484,40.571906100299,39.86165496507131,40.36758804321289,25578500,0.0,0.0
2025-04-02,39.77408576615584,40.83459844769703,39.715707593332716,40.71784210205078,28216100,0.0,0.0
2025-04-03,37.584956005910435,37.78927405232387,36.01851022707513,36.21310043334961,115497900,0.0,0.0
2025-04-04,34.3353136970505,34.8217873837364,32.759136279908425,33.459659576416016,107761200,0.0,0.0
2025-04-07,34.02396753879231,35.63905987368512,32.632652632719065,34.61746597290039,137329100,0.0,0.0
2025-04-08,35.862835450874194,36.32012183613411,33.40128014945199,34.082340240478516,79116300,0.0,0.0
2025-04-09,33.12885753887866,36.82605683970584,32.17536955208374,36.144996643066406,161173500,0.0,0.0
2025-04-10,35.3374477311528,35.41528530128071,33.693168032946765,34.88016128540039,90451800,0.0,0.0
2025-04-11,34.24774842093202,35.249883031803,33.86829953765076,34.97745895385742,63671900,0.0,0.0
2025-04-14,35.50284760645771,35.98932124270598,35.28879801882871,35.677974700927734,46830600,0.0,0.0
2025-04-15,36.77741026625918,37.70171102067899,36.77741026625918,36.96227264404297,84677800,0.0,0.0
2025-04-16,36.835786476619894,37.12766993307419,35.969863947489024,36.320125579833984,52872700,0.0,0.0
2025-04-17,36.49525391443895,36.84551555858813,36.2325613928267,36.3979606628418,47144400,0.0,0.0
2025-04-21,36.06715864722302,36.27147670381325,35.5028511035691,35.92121505737305,34928300,0.0,0.0
2025-04-22,36.553629974893155,37.44874342603517,36.38823071445898,37.28334045410156,42288900,0.0,0.0
2025-04-23,38.343854848744215,39.044378127212894,37.62387217792923,37.70170974731445,54428400,0.0,0.0
2025-04-24,37.61414104352203,38.62600708792028,37.55576287159547,38.509254455566406,42457100,0.0,0.0
2025-04-25,38.470339724119924,38.71357656550434,38.25629011602174,38.61627960205078,32694200,0.0,0.0
2025-04-28,38.72330155434357,38.9957293204511,38.392499325962525,38.70384216308594,37428000,0.0,0.0
2025-04-29,38.55790712918022,39.05410867820154,38.41196353220345,38.90816879272461,33792500,0.0,0.0
2025-04-30,38.29520678405651,38.917892469732315,37.76981434495526,38.80113983154297,40994600,0.0,0.0
2025-05-01,38.7427638212591,39.3459901490224,38.50925853183445,39.08329391479492,33569100,0.0,0.0
2025-05-02,39.8032786047628,40.11462148068641,39.59896053834416,39.95895004272461,41613000,0.0,0.0
2025-05-05,39.744895035704204,40.36758441463647,39.52111760593921,40.007591247558594,32829200,0.0,0.0
2025-05-06,39.55030980348867,40.15353609902186,39.46274439675809,39.73516845703125,29541800,0.0,0.0
2025-05-07,39.92975963376077,40.22164309279858,39.754628816038164,39.82273483276367,30925900,0.0,0.0
2025-05-08,40.17299427739501,41.00972953610549,40.134075495245845,40.474605560302734,41861700,0.0,0.0
2025-05-09,40.60109523806971,40.8443320921522,40.56217645065655,40.65947341918945,27222800,0.0,0.0
2025-05-12,42.14808148751373,42.77076723582605,41.778360432640845,42.1870002746582,44875100,0.0,0.0
2025-05-13,42.24537222767544,43.28642930853418,42.24537222767544,43.08210754394531,43232500,0.0,0.0
2025-05-14,42.99454287874916,43.70479401238863,42.936168411997755,43.529666900634766,42419500,0.0,0.0
2025-05-15,43.393447275842874,43.76316828207991,42.81940823122458,43.17940139770508,47379400,0.0,0.0
2025-05-16,43.14048796025004,43.57831503352216,42.47888342986102,43.48101806640625,49488100,0.0,0.0
2025-05-19,42.91671180762688,43.918846474632936,42.91671180762688,43.55885696411133,37915700,0.0,0.0
2025-05-20,43.383724810790135,43.695067682561465,43.208593981481286,43.48101806640625,33424300,0.0,0.0
2025-05-21,43.16967126549588,43.28642761540825,41.98267806671571,42.07997131347656,55594100,0.0,0.0
2025-05-22,42.011867244581815,42.3913161206258,41.79781763799305,42.13835144042969,29026200,0.0,0.0
2025-05-23,41.330799262619145,42.25509990422689,41.20431507928354,42.03132247924805,34875100,0.0,0.0
2025-05-27,42.60536736911296,43.02373504638672,42.12862151192899,43.02373504638672,36322000,0.0,0.0
2025-05-28,43.014000939532835,43.237778381982956,42.77076410493493,42.86806106567383,35673800,0.0,0.0
2025-05-29,43.16967047862522,43.25723588371368,42.71238777338492,43.043190002441406,28545100,0.0,0.0
2025-05-30,42.994543137757354,43.10156794277922,42.53726039561806,42.9361686706543,66537500,0.0,0.0
2025-06-02,42.692929629266956,42.95562585220644,42.18699657525383,42.88751983642578,28582600,0.0,0.0
2025-06-03,42.819407345191,43.519930561144804,42.751301333806516,43.44209671020508,31320200,0.0,0.0
2025-06-04,43.39345173479474,43.87019758483899,43.14048704863841,43.15994644165039,30591700,0.0,0.0
2025-06-05,43.247507410498834,43.3739915963298,42.81940823122458,43.17940139770508,32020900,0.0,0.0
2025-06-06,43.737246876642615,44.207013247745586,43.688313579659834,44.01128005981445,37013000,0.26,0.0
2025-06-09,44.1482952414346,44.432113593590636,43.825328757938856,43.91341018676758,32414000,0.0,0.0
2025-06-10,43.84490098955025,44.23637481982928,43.79596769410815,44.128719329833984,32229100,0.0,0.0
2025-06-11,44.236378938477074,44.44190103849178,43.600234838387955,43.776397705078125,47873500,0.0,0.0
2025-06-12,43.4534320664123,43.69810228360297,43.081532290938526,43.668739318847656,30165400,0.0,0.0
2025-06-13,43.06195824528771,43.51215054911572,42.729206600421094,43.15003967285156,43281700,0.0,0.0
2025-06-16,43.68831101386559,43.93298121778139,43.40449268131422,43.46321487426758,34103600,0.0,0.0
2025-06-17,43.326200283290326,43.717670370670334,43.120678207413,43.287052154541016,27489600,0.0,0.0
2025-06-18,43.31641748264692,44.23637997091595,43.26748418150681,44.099365234375,37684700,0.0,0.0
2025-06-20,44.34403548278759,44.676787157330644,44.304887348518626,44.52998352050781,64591600,0.0,0.0
2025-06-23,44.43211663096568,45.381434613935774,44.14829825940785,45.31292724609375,42683600,0.0,0.0
2025-06-24,45.75333794187353,46.183956249077305,45.577175058614756,45.66525650024414,45437600,0.0,0.0
2025-06-25,45.58695953787331,45.97842967007761,45.469515138177705,45.851200103759766,33532400,0.0,0.0
2025-06-26,45.94907077554736,46.56564081169415,45.900137475332556,46.44819641113281,40127000,0.0,0.0
2025-06-27,46.438406839503656,46.653714086700056,45.909918287222126,46.115440368652344,56705000,0.0,0.0
2025-06-30,46.604783639500916,46.604783639500916,46.0273617563555,46.311180114746094,47921200,0.0,0.0
2025-07-01,46.01757513248592,47.38772611573569,45.93927887056643,47.12348556518555,48540900,0.0,0.0
2025-07-02,47.32901010581126,47.691121002529584,47.035406575137706,47.671546936035156,48003600,0.0,0.0
2025-07-03,47.90643014483775,48.25875586134649,47.76941541805575,47.88685607910156,21620300,0.0,0.0
2025-07-07,47.70091208376709,48.16088960062034,47.33879743711826,47.622615814208984,35567900,0.0,0.0
2025-07-08,46.48734272970504,46.77116108659026,45.76311722133782,46.144805908203125,88086500,0.0,0.0
2025-07-09,46.15459300758366,46.43841137635589,45.714185837656316,45.84141540527344,46227900,0.0,0.0
2025-07-10,45.900135823966245,46.21331341411951,45.78269142763025,45.96864318847656,44225000,0.0,0.0
2025-07-11,45.64567939796503,45.81205710259445,45.26399442072969,45.733760833740234,31653000,0.0,0.0
2025-07-14,45.81205765144192,46.06651306152344,45.55759850798877,46.06651306152344,36381200,0.0,0.0
2025-07-15,45.88055900452145,46.007784826193316,44.97038552108139,45.16612243652344,55145000,0.0,0.0
2025-07-16,45.26399033836523,45.56738275275495,44.050424414177606,45.04867935180664,61296600,0.0,0.0
2025-07-17,44.66699738603085,46.2133150591562,44.47126045187465,46.017578125,56480700,0.0,0.0
2025-07-18,46.00778769025567,46.36990231304561,45.90013592676362,46.311180114746094,48314200,0.0,0.0
2025-07-21,46.52649182200281,47.01583228188915,46.193740159945236,46.467769622802734,32199700,0.0,0.0
2025-07-22,46.585213021282826,47.14306087961603,46.44819828181455,46.751590728759766,34749400,0.0,0.0
2025-07-23,46.986467492025376,47.28007474325922,46.79073430236452,47.11369705200195,31380100,0.0,0.0
2025-07-24,47.45624207204233,47.955367726099844,47.182208860629046,47.35837173461914,42967600,0.0,0.0
2025-07-25,47.358369170354564,47.514957968381374,46.91796200922559,47.417091369628906,24461200,0.0,0.0
2025-07-28,47.41708940022373,47.50517082879118,47.05497851983367,47.201778411865234,20590400,0.0,0.0
2025-07-29,47.358371733018885,47.47581240455111,46.8690312460344,46.92775344848633,26216500,0.0,0.0
2025-07-30,47.23114168955802,47.466026763649275,46.72223087354157,46.937538146972656,32265900,0.0,0.0
2025-07-31,46.74180056813007,47.006044872854076,46.183952724836566,46.26224899291992,40016300,0.0,0.0
2025-08-01,45.37165045558327,45.420583757504986,44.35382134877655,44.68657302856445,52310400,0.0,0.0
2025-08-04,44.9801721256855,45.12697575030585,44.66699454430859,44.87251663208008,31038900,0.0,0.0
2025-08-05,44.970384261890835,45.01931755603841,43.79596653549389,44.58869934082031,36798300,0.0,0.0
2025-08-06,44.735505230015264,44.96060140001518,44.42232762537438,44.45168685913086,27916800,0.0,0.0
2025-08-07,44.73550394590511,44.78443724521848,43.82533039186501,43.962345123291016,30609900,0.0,0.0
2025-08-08,44.18744371013461,45.31292449445964,44.02106601735619,45.02910614013672,37131600,0.0,0.0
2025-08-11,45.07804435141989,45.528236676935,44.83337412233063,45.17591094970703,35559400,0.0,0.0
2025-08-12,45.48908786665415,46.64393162942234,45.37164720378473,46.487342834472656,35481200,0.0,0.0
2025-08-13,46.66350936943648,46.74180190638988,45.988220838055376,46.23289108276367,29465100,0.0,0.0
2025-08-14,46.0860861347397,46.71244134607851,45.89034919785344,46.692867279052734,21073800,0.0,0.0
2025-08-15,46.73201047960921,46.80051784028135,45.90013325237824,45.93927764892578,26276900,0.0,0.0
2025-08-18,45.91970698863184,47.01583230739942,45.79248115701978,46.89838790893555,43125100,0.0,0.0
2025-08-19,46.80052209744246,47.09412563179772,46.61457406347081,47.05498123168945,33783400,0.0,0.0
2025-08-20,47.14305863042136,47.46602512950641,46.849455097944066,47.31922149658203,30822200,0.0,0.0
2025-08-21,47.24092522123912,47.45623620357299,46.79073292487845,47.231136322021484,28713200,0.0,0.0
2025-08-22,47.48559993948107,48.60129562038325,47.426877738717764,48.425132751464844,45078900,0.0,0.0
2025-08-25,48.337051317005646,48.60129562038325,48.16088844808725,48.425132751464844,34715700,0.0,0.0
2025-08-26,48.200037600389166,49.18850373387608,48.200037600389166,49.17871856689453,40609300,0.0,0.0
2025-08-27,48.963401996022384,49.5506127492256,48.92425759917245,49.30594253540039,42428200,0.0,0.0
2025-08-28,49.47231938703127,49.56040081850329,49.20807509261522,49.41360092163086,32949400,0.0,0.0
2025-08-29,49.433171891377846,49.83443092139292,49.433171891377846,49.65827178955078,32496500,0.0,0.0
2025-09-02,49.14935956590451,49.39402980869237,48.611082045073914,49.3450927734375,52719800,0.0,0.0
2025-09-03,49.32551899024272,49.49189295168621,48.64044161166714,48.992767333984375,38344200,0.0,0.0
2025-09-04,49.16892884534138,49.74635071142718,49.05148445221218,49.54082489013672,34796900,0.0,0.0
2025-09-05,49.6392429598251,49.98368881875003,48.448453107116826,48.979881286621094,40063300,0.28,0.0
2025-09-08,49.009403380491285,49.117657685057786,48.104010568003055,48.674800872802734,48033100,0.0,0.0
2025-09-09,48.71416365437827,49.75733699523411,48.67479777265455,49.49162292480469,40060100,0.0,0.0
2025-09-10,49.57035145029903,49.826225930030546,49.176703891374075,49.334163665771484,31706300,0.0,0.0
2025-09-11,49.344004105359055,50.150985932250606,49.19638767603239,49.94432067871094,28055200,0.0,0.0
2025-09-12,49.89511339073358,50.121461577459584,49.65892185659418,49.77701950073242,27851100,0.0,0.0
2025-09-15,50.042732152322124,50.27892369749462,49.65892417628692,49.786861419677734,29043600,0.0,0.0
2025-09-16,49.83606809551501,50.07225964636945,49.41289422608141,49.855751037597656,31624400,0.0,0.0
2025-09-17,50.05257528968621,50.81035164483366,49.98368687141256,50.58400344848633,38337900,0.0,0.0
2025-09-18,50.6725748278913,51.361459010894386,50.485588760387124,51.30241394042969,35246900,0.0,0.0
2025-09-19,51.32209457457344,51.823996421644566,50.938282863122495,51.42050552368164,98970700,0.0,0.0
2025-09-22,50.93828530805681,51.51891894559339,50.93828530805681,51.09574508666992,27468000,0.0,0.0
2025-09-23,51.1744747320581,52.04050535560516,50.702095415797096,50.87923812866211,28278200,0.0,0.0
2025-09-24,51.026854553291564,51.42050586057761,50.64304659346306,50.87923812866211,27010400,0.0,0.0
2025-09-25,50.66272665569107,51.49923469761102,50.62336077637173,51.026851654052734,22957900,0.0,0.0
2025-09-26,51.28273070962011,51.78463257642512,51.15479346743953,51.381141662597656,20025800,0.0,0.0
2025-09-29,51.52876163177422,51.71574394330835,51.28273049621696,51.587806701660156,23701000,0.0,0.0
2025-09-30,51.64685488064093,51.73542623850082,50.21003396792461,50.7709846496582,29945000,0.0,0.0
2025-10-01,50.48559107445999,50.85955947247245,49.75734097500866,49.87543487548828,27709100,0.0,0.0
2025-10-02,49.845911070053816,50.042732981130534,49.275117016346854,49.67860794067383,22757200,0.0,0.0
2025-10-03,49.816384257978186,50.31828988672058,49.74749583899586,49.83606719970703,24565700,0.0,0.0
2025-10-06,50.12146648783514,50.5052744835432,49.097975996522024,49.59003829956055,25386300,0.0,0.0
2025-10-07,49.74749364773463,50.10177907497386,49.334163152046926,49.49162292480469,24107300,0.0,0.0
2025-10-08,49.5998781822284,49.70812872785759,48.98971826611559,49.04876708984375,24014200,0.0,0.0
2025-10-09,49.20622656037511,49.48178022778932,48.8814636630908,48.99956130981445,21816900,0.0,0.0
2025-10-10,49.13733701365064,49.3440022594592,47.77924414065406,47.87765884399414,31831900,0.0,0.0
2025-10-13,48.41893020594255,48.61575587325423,48.03512221946033,48.084327697753906,34462800,0.0,0.0
2025-10-14,48.074479967210024,49.6982868818357,47.75956042987391,49.294795989990234,42462600,0.0,0.0
2025-10-15,50.75130373732332,52.01098198467492,50.41670123360338,51.45003128051758,69992200,0.0,0.0
2025-10-16,51.76494911336676,51.922408889026435,49.20622682036277,49.63924026489258,49027700,0.0,0.0
2025-10-17,50.14114888620818,50.94813075410117,49.53099268822168,50.46590805053711,48915400,0.0,0.0
2025-10-20,50.62336729589252,51.450032097376074,50.55447887528034,51.213844299316406,25786000,0.0,0.0
2025-10-21,51.2630457001827,51.53859936071342,50.623363269222615,50.70209503173828,27303400,0.0,0.0
2025-10-22,50.68241629053452,50.76114805957371,49.6392428755894,50.28876495361328,34955000,0.0,0.0
2025-10-23,50.66272835672596,50.97764789358053,50.29860334613855,50.93828201293945,26028800,0.0,0.0
2025-10-24,51.026856971406744,51.98145899662401,51.026856971406744,51.73542785644531,38923900,0.0,0.0
2025-10-27,51.96177509074247,52.22748916770151,51.696061013783435,52.17828369140625,27345800,0.0,0.0
2025-10-28,52.158599775909074,52.43415344132585,51.50907774018588,52.030662536621094,29575200,0.0,0.0
2025-10-29,51.8239977859223,52.16843987100558,51.48939529435405,51.745269775390625,29158800,0.0,0.0
2025-10-30,51.83383258101886,52.591608852189545,51.72558204582604,52.18811798095703,37548600,0.0,0.0
2025-10-31,51.951933663546654,52.78843799345407,51.9322507228958,52.60145568847656,39295700,0.0,0.0
2025-11-03,52.41446881643379,52.78843717472577,51.8732010964099,52.70970916748047,31252300,0.0,0.0
2025-11-04,52.17828392938061,53.14272553488767,51.88304731612535,52.69002914428711,47226600,0.0,0.0
2025-11-05,52.11923431803725,52.22748861722815,50.91860494171123,51.617332458496094,54353600,0.0,0.0
2025-11-06,52.57192991371738,52.89669280642169,51.93225122993594,52.44399642944336,55296000,0.0,0.0
2025-11-07,52.30622131167867,52.729395168327805,51.87320410721691,52.35542678833008,40537700,0.0,0.0
2025-11-10,52.562094152267605,53.13288821591636,52.493205731363425,52.57193374633789,26094600,0.0,0.0
2025-11-11,52.89669267603035,53.12304086396156,52.43415295270212,52.77859878540039,22244300,0.0,0.0
2025-11-12,53.034471773344464,53.82177066807658,52.91637787766896,53.250980377197266,40536700,0.0,0.0
2025-11-13,52.93605905092026,53.34938954904541,51.93225158586857,52.030662536621094,37716100,0.0,0.0
2025-11-14,52.02082284809795,52.06018872998184,51.2039976926242,51.7747917175293,32363100,0.0,0.0
2025-11-17,51.74527431979663,51.74527431979663,50.574163619389125,50.66273498535156,35546800,0.0,0.0
2025-11-18,50.465904996126135,51.351618580029545,50.33797150944678,50.8201904296875,35189500,0.0,0.0
2025-11-19,50.84971461025395,51.656700209561265,50.84971461025395,51.19416046142578,28112300,0.0,0.0
2025-11-20,51.66653633117676,52.10939310769997,50.160827045134894,50.19034957885742,36661600,0.0,0.0
2025-11-21,50.47574483611638,50.95796372284651,49.89511125015985,50.741458892822266,43867200,0.0,0.0
2025-11-24,50.83003333928112,51.41066696058309,50.58400220744363,51.105587005615234,52852100,0.0,0.0
2025-11-25,51.420510009328126,52.04050955437898,51.03670201853293,51.64685821533203,41310100,0.0,0.0
2025-11-26,51.8633647277187,52.404632481393904,51.715744543017614,52.14876174926758,32045600,0.0,0.0
2025-11-28,52.26685447522105,53.08367588431778,52.20780565183422,52.798282623291016,18920800,0.0,0.0
2025-12-01,52.650665203936185,53.044316538891586,52.365268173800395,52.39479446411133,30536500,0.0,0.0
2025-12-02,52.68018737554006,52.78844167961049,52.12908001538123,52.345584869384766,46073500,0.0,0.0
2025-12-03,52.4046280197659,53.37891289674236,52.33573960720702,53.231292724609375,37134400,0.0,0.0
2025-12-04,53.34939163452632,53.82177097405104,53.14272637738499,53.30018615722656,38529600,0.0,0.0
2025-12-05,53.3496491277251,54.239965562888344,53.16169511303355,53.36943435668945,33986500,0.28,0.0
2025-12-08,53.319969177246094,53.626630769107166,52.914381447973156,53.319969177246094,34386600,0.0,0.0
2025-12-09,53.3892172694798,53.69587887100708,52.69674938035476,52.963844299316406,47189300,0.0,0.0
2025-12-10,53.013306764705234,53.962975094880214,52.765997067869264,53.4980354309082,54424400,0.0,0.0
2025-12-11,53.36942983383856,54.06189769432085,53.17158133460844,53.97286605834961,35686900,0.0,0.0
2025-12-12,54.19049668168935,54.704901276593596,53.76512372385789,54.54662322998047,40539400,0.0,0.0
2025-12-15,54.81372195033245,55.46661940968877,54.47738060620062,54.73458480834961,32881300,0.0,0.0
2025-12-16,54.54662351867443,54.75436274839496,54.10146533095448,54.220176696777344,32931900,0.0,0.0
2025-12-17,54.526840349523276,54.97199855404874,53.87394290743475,53.962974548339844,35304100,0.0,0.0
2025-12-18,54.210283897202075,54.556519731247164,53.19136917061767,53.67609405517578,87452700,0.0,0.0
2025-12-19,53.93329902988718,54.71479857598547,53.79480620372222,54.675228118896484,73001900,0.0,0.0
2025-12-22,54.77414974829854,55.50618809997334,54.74447379270579,55.278663635253906,33408800,0.0,0.0
2025-12-23,55.2094168033676,55.61500454585286,55.2094168033676,55.36769485473633,22274600,0.0,0.0
2025-12-24,55.525972429098196,55.89198971218533,55.2885534672615,55.64468002319336,13634400,0.0,0.0
2025-12-26,55.674357183015225,55.94145210574365,55.42704748867184,55.5655403137207,15259400,0.0,0.0
2025-12-29,55.50618758667139,55.6446804096854,54.6752268749409,54.754364013671875,21040100,0.0,0.0
2025-12-30,54.892862644773054,55.041246200510436,54.57630275717758,54.68511962890625,17427600,0.0,0.0
2025-12-31,54.72468674034462,54.823609104787465,54.3388842359127,54.40813064575195,16293000,0.0,0.0
2026-01-02,54.437810172803275,55.387482292549244,54.28942661640143,55.3479118347168,25503600,0.0,0.0
2026-01-05,55.56554075139136,56.93069133154066,55.53586479540328,56.277793884277344,36096600,0.0,0.0
2026-01-06,56.39649980044141,56.792196812168655,56.139299384371164,56.63391876220703,31791900,0.0,0.0
2026-01-07,56.079944459621935,56.198655828934825,54.84339599829422,55.04124450683594,49695500,0.0,0.0
2026-01-08,54.88296772927381,55.971132664700406,54.87307700175792,55.575435638427734,30933700,0.0,0.0
2026-01-09,55.56553756705014,56.00080502271244,55.18962956725523,55.24898147583008,30768800,0.0,0.0
2026-01-12,54.695014554329184,54.85329261253117,54.14103946379894,54.59608840942383,45860600,0.0,0.0
2026-01-13,54.67522688246424,54.92253657320798,53.71566407481166,53.95308303833008,43542200,0.0,0.0
2026-01-14,52.310949721974914,52.90449150297036,51.104077157151345,51.915252685546875,84750000,0.0,0.0
2026-01-15,52.152669021423264,52.46922512507848,51.6679403650251,52.02406692504883,51018300,0.0,0.0
2026-01-16,52.1229892171616,52.805566380771594,51.687725518674945,52.39997863769531,52178400,0.0,0.0
2026-01-20,51.75697472069992,52.90449160007145,51.40084814199037,51.53934097290039,49172700,0.0,0.0
2026-01-21,51.66794068096929,52.291162164821735,51.48987739986859,51.50966262817383,36340000,0.0,0.0
2026-01-22,51.905359569095864,52.5582570076032,51.76686674481346,51.88557434082031,31229200,0.0,0.0
2026-01-23,51.549231768236695,51.638263406513204,50.82708793494777,51.163429260253906,34553500,0.0,0.0
2026-01-26,51.24256752648122,51.71740168319926,51.113965429772236,51.460201263427734,27728400,0.0,0.0
2026-01-27,51.64815581455375,51.68772627144149,51.25246256661577,51.608585357666016,26494300,0.0,0.0
2026-01-28,51.39095329955784,51.57890730165186,50.757841109718726,51.25246047973633,35030200,0.0,0.0
2026-01-29,51.420631760626776,52.51868741937261,51.390955804546024,52.50879669189453,35200500,0.0,0.0
2026-01-30,52.301051841398035,52.83524167396801,52.202129475505686,52.62750244140625,34549100,0.0,0.0
2026-02-02,52.62750026756633,53.50792211803905,52.380190589404506,53.44856643676758,34624500,0.0,0.0
2026-02-03,53.61674212617494,54.526839983860256,53.10233751257811,53.864051818847656,41208400,0.0,0.0
2026-02-04,54.190496851504506,55.43693977442935,54.12125044174716,54.78404235839844,54522500,0.0,0.0
2026-02-05,54.42791486530437,54.695009772728724,53.66620059753408,54.34877395629883,32959700,0.0,0.0
2026-02-06,54.95221167188521,56.25800651676454,54.695011257925614,55.92166519165039,42468000,0.0,0.0
2026-02-09,55.783170400351636,56.109620986863455,55.575431176378416,55.802955627441406,31968400,0.0,0.0
2026-02-10,55.83263769026879,56.2184440002635,53.68599126037437,54.79393768310547,48304700,0.0,0.0
2026-02-11,55.367692818363686,55.50618563651188,52.667071543535066,53.270503997802734,48973500,0.0,0.0
2026-02-12,53.32985996108509,53.359535915517185,51.232674903116816,51.95481872558594,55481600,0.0,0.0
2026-02-13,51.35138485567487,52.25159199342146,50.88644142208004,51.9844970703125,31772100,0.0,0.0
2026-02-17,52.469225712779426,52.97373582936637,52.05374346354918,52.172454833984375,35542400,0.0,0.0
2026-02-18,52.41976456867928,53.03309155514433,52.221916058115774,52.78578186035156,30698900,0.0,0.0
2026-02-19,51.351387186558114,52.24170363733354,51.27225004295954,52.20213317871094,47148600,0.0,0.0
2026-02-20,51.96471074936633,52.51868581235043,51.27224663769419,52.489009857177734,33552000,0.0,0.0
2026-02-23,52.27137697207726,52.68685544583059,50.34236060793832,50.520423889160156,50602500,0.0,0.0
2026-02-24,50.19397377883414,50.332466594376335,48.937640164971654,49.867523193359375,53062700,0.0,0.0
2026-02-25,49.788389351540594,51.212891828868806,49.76860412320523,51.133750915527344,41375000,0.0,0.0
2026-02-26,51.32171174778806,52.10320755842148,51.18321891485674,51.73719024658203,52418500,0.0,0.0
2026-02-27,50.53031830183506,50.85676513440696,48.78925594929679,49.29376983642578,77728700,0.0,0.0
2026-03-02,48.25506453335099,49.87741546329257,48.057219804252796,49.273983001708984,40595200,0.0,0.0
2026-03-03,48.235280643981085,49.966448487145044,47.97808022482972,49.4322624206543,51242900,0.0,0.0
2026-03-04,49.35312499614973,49.86752964445667,48.68044228479809,49.75871276855469,34208500,0.0,0.0
2026-03-05,49.283873728705366,49.887309963935266,48.79914885930996,49.273983001708984,39073900,0.0,0.0
2026-03-06,48.299049186089405,48.44827536920504,47.37385595872319,48.38858413696289,47016000,0.28,0.0
2026-03-09,47.692198957491286,47.9011163612411,46.52824845578742,47.652408599853516,62752800,0.0,0.0
2026-03-10,48.030442827825,48.89594859079692,47.35395739687146,48.308998107910156,50271100,0.0,0.0
2026-03-11,48.11003036922546,48.39853228562406,47.533026536428274,48.269203186035156,42185800,0.0,0.0
2026-03-12,47.453444107990826,47.53302862239856,46.54814796109849,46.886390686035156,58354500,0.0,0.0
2026-03-13,47.27437207875365,47.572820635561804,46.418816766252114,46.47850799560547,45473100,0.0,0.0
2026-03-16,46.87644082524472,47.43354761285479,46.65758056170251,46.81675338745117,38055600,0.0,0.0
2026-03-17,47.4136509008572,47.83148194353141,46.95602949767365,47.035614013671875,33427800,0.0,0.0
2026-03-18,46.97592372105749,47.632512066810165,46.44866068031629,46.58794021606445,40251800,0.0,0.0
2026-03-19,46.180055449993276,46.94607581273932,45.88160689443775,46.767005920410156,38601400,0.0,0.0
2026-03-20,46.886389345067215,47.21468162445147,46.44866124591573,46.91623306274414,78060900,0.0,0.0
2026-03-23,48.090133260810326,48.1398740544717,47.23457794790926,47.27437210083008,42333200,0.0,0.0
2026-03-24,46.80680067832249,48.20951232305082,46.77695696087486,47.89116668701172,39804100,0.0,0.0
2026-03-25,48.26920565872286,48.85615616233494,47.93096293130269,48.498016357421875,29988300,0.0,0.0
2026-03-26,48.45822202867737,48.61739485307026,47.78173657626272,47.99065399169922,32502600,0.0,0.0
2026-03-27,47.82153133507924,48.00060123915528,46.59788952054599,46.72721862792969,36781900,0.0,0.0
2026-03-30,47.3042159959333,47.61261498976051,46.68742180325819,46.985870361328125,43375900,0.0,0.0
2026-03-31,47.433547378918874,48.51791343491477,47.12514837024829,48.498016357421875,49060600,0.0,0.0
2026-04-01,49.443105118876595,49.791294476658656,48.52785855773902,49.01532745361328,32947000,0.0,0.0
2026-04-02,48.49801503259526,49.31377621262211,47.91106454501699,49.124759674072266,27548200,0.0,0.0
2026-04-06,49.174501982301344,49.86093408077198,48.99543207922561,49.801246643066406,28507200,0.0,0.0
2026-04-07,49.54258878927959,50.21907425136846,49.36351888490433,50.02010726928711,28473200,0.0,0.0
2026-04-08,51.67152673253008,51.989872385643146,51.10447330073623,51.611839294433594,36473500,0.0,0.0
2026-04-09,51.36313017392391,52.56687488049683,51.36313017392391,52.43754577636719,32008000,0.0,0.0
2026-04-10,52.52707939451556,52.55692690700692,51.930182274399215,52.26842498779297,25225300,0.0,0.0
2026-04-13,51.910287254644814,53.16377277454948,51.581991169086756,53.07423782348633,27835300,0.0,0.0
2026-04-14,52.82553004775306,53.293101880525036,52.527081475869046,53.07423782348633,40178500,0.0,0.0
2026-04-15,53.969584846887514,55.11364208052755,53.432375165266315,54.039222717285156,63838200,0.0,0.0
2026-04-16,53.76067293913974,54.22824097019921,53.19361952223187,53.2334098815918,35206700,0.0,0.0
2026-04-17,53.88005161373485,54.31777592658278,53.472171019155354,53.631343841552734,43484700,0.0,0.0
2026-04-20,53.223464008102006,53.671138763427734,52.90511835875471,53.671138763427734,43999200,0.0,0.0
2026-04-21,53.720880139400506,54.36752188129251,52.934962648788265,53.20356750488281,34266300,0.0,0.0
2026-04-22,53.39258097411055,53.52191007403364,52.72604598792869,52.84542465209961,24097600,0.0,0.0
2026-04-23,52.785738174915934,53.24335955835407,51.97992363844319,52.198787689208984,31956300,0.0,0.0
2026-04-24,52.049561111745966,52.23857764824674,51.66157760288792,51.78095626831055,30265400,0.0,0.0
2026-04-27,51.721268476148595,52.65640830630103,51.56209565835713,52.35795974731445,28043700,0.0,0.0
2026-04-28,52.7459457444094,53.15382634644829,52.35796221990648,52.3878059387207,21164100,0.0,0.0
2026-04-29,52.158995619268524,52.74594612842505,51.56209846876134,52.60667037963867,26250700,0.0,0.0
2026-04-30,52.33806512139223,53.382637024245895,51.88044372318655,53.18367004394531,27089200,0.0,0.0
2026-05-01,53.41248037660523,53.7805706158788,52.81558323477809,52.96480941772461,24825000,0.0,0.0
2026-05-04,52.79568712657546,52.79568712657546,51.731218133955885,51.92023468017578,42929000,0.0,0.0
2026-05-05,52.29826833008866,53.08418577542075,52.009766412944586,52.84542465209961,28458600,0.0,0.0
2026-05-06,53.54180869421944,53.919845569135695,53.19361933244093,53.32294464111328,27541200,0.0,0.0
2026-05-07,53.27320482187366,53.72087957734745,52.228632922421134,52.47734069824219,28682100,0.0,0.0
2026-05-08,52.70615064303972,52.73599436131813,50.83586713301131,51.04478454589844,36111200,0.0,0.0
2026-05-11,50.945299924687774,51.124369827004884,50.01016005312695,50.28871154785156,33132200,0.0,0.0
2026-05-12,50.59710921233661,50.815973263795115,49.5823810578191,50.517520904541016,33518800,0.0,0.0
2026-05-13,50.09969482982089,50.517522070452785,49.54258804733222,49.58238220214844,29838000,0.0,0.0
2026-05-14,49.80124452594658,50.20912511117296,49.23419112197282,49.59232711791992,37671800,0.0,0.0
2026-05-15,49.36351871876081,49.73160896261526,49.04517306649392,49.51274490356445,46282300,0.0,0.0
2026-05-18,49.463002576742326,50.656796838321526,49.463002576742326,50.42798614501953,33404100,0.0,0.0
2026-05-19,50.46777859252479,51.014934909743346,50.1195892438346,50.43793487548828,44154600,0.0,0.0
2026-05-20,50.72643737315355,51.313387849820025,50.22902184360498,50.96519470214844,47739400,0.0,0.0
2026-05-21,50.736385165132525,51.23380070596716,50.49762403574096,51.223854064941406,27461900,0.0,0.0
2026-05-22,51.422817424122705,51.88044260746638,51.3830270649019,51.532249450683594,26683700,0.0,0.0
2026-05-26,51.95008048774768,52.22863197723284,51.61183776695309,51.93018341064453,27397600,0.0,0.0
2026-05-27,52.11920189411005,52.218687283335434,50.49762610204201,50.83586883544922,48581500,0.0,0.0
2026-05-28,50.65679837851425,51.23380224480318,50.37824688167382,50.50757598876953,48550100,0.0,0.0
2026-05-29,50.70654161950541,51.53224944670946,50.3484018216899,51.333282470703125,57930600,0.0,0.0
2026-06-01,51.044784529417285,51.56209715095937,50.58715934441274,51.24374771118164,34303700,0.0,0.0
2026-06-02,50.995041245917065,52.43754712055434,50.995041245917065,52.208736419677734,42126500,0.0,0.0
2026-06-03,51.9898708508925,52.27837277644069,50.95524940630705,52.129150390625,48065400,0.0,0.0
2026-06-04,52.85537791976811,54.049176010377195,52.52708183198432,53.88999938964844,51883600,0.0,0.0
2026-06-05,54.16999816894531,54.279998779296875,53.31999969482422,53.83000183105469,38829400,0.28,0.0
2026-06-08,53.720001220703125,54.349998474121094,53.56999969482422,53.630001068115234,30332100,0.0,0.0
2026-06-09,54.0,54.619998931884766,53.650001525878906,54.41999816894531,32329000,0.0,0.0
2026-06-10,54.540000915527344,55.29999923706055,54.220001220703125,54.540000915527344,37025500,0.0,0.0
2026-06-11,54.720001220703125,55.310001373291016,54.06999969482422,55.15999984741211,31746300,0.0,0.0
2026-06-12,55.36000061035156,56.189998626708984,55.2599983215332,56.02000045776367,32989000,0.0,0.0
2026-06-15,56.619998931884766,57.0,55.7400016784668,55.869998931884766,31666500,0.0,0.0
2026-06-16,56.5,57.06999969482422,56.22999954223633,56.84000015258789,33409800,0.0,0.0
2026-06-17,57.13999938964844,57.97999954223633,56.29999923706055,56.529998779296875,40439300,0.0,0.0
2026-06-18,57.22999954223633,57.33000183105469,56.029998779296875,56.20000076293945,70438800,0.0,0.0
2026-06-22,56.849998474121094,57.72999954223633,56.810001373291016,57.369998931884766,38653800,0.0,0.0
2026-06-23,57.52000045776367,58.0099983215332,57.20000076293945,57.90999984741211,30045700,0.0,0.0
2026-06-24,58.209999084472656,58.33000183105469,57.38999938964844,57.72999954223633,30324900,0.0,0.0
2026-06-25,57.849998474121094,59.20000076293945,57.849998474121094,58.189998626708984,33747400,0.0,0.0
2026-06-26,58.540000915527344,58.630001068115234,57.439998626708984,57.880001068115234,48757600,0.0,0.0
2026-06-29,57.7599983215332,58.34000015258789,57.61000061035156,57.880001068115234,28920800,0.0,0.0
2026-06-30,57.470001220703125,57.75,56.84000015258789,56.97999954223633,41324600,0.0,0.0
2026-07-01,57.130001068115234,58.47999954223633,56.849998474121094,58.36000061035156,35288400,0.0,0.0
2026-07-02,58.939998626708984,59.0,57.939998626708984,58.72999954223633,29329700,0.0,0.0
2026-07-06,59.13999938964844,59.939998626708984,58.91999816894531,59.900001525878906,34645400,0.0,0.0
2026-07-07,60.290000915527344,60.83000183105469,59.790000915527344,59.86000061035156,29306100,0.0,0.0
2026-07-08,59.369998931884766,59.56999969482422,58.29999923706055,58.29999923706055,29802400,0.0,0.0
2026-07-09,58.45000076293945,59.43000030517578,58.40999984741211,59.25,29203400,0.0,0.0
2026-07-10,59.63999938964844,59.869998931884766,59.38999938964844,59.66999816894531,21916600,0.0,0.0
2026-07-13,59.70000076293945,60.04999923706055,58.849998474121094,59.5,27837800,0.0,0.0
2026-07-14,59.0,61.209999084472656,58.66999816894531,60.619998931884766,49432700,0.0,0.0
2026-07-15,61.31999969482422,62.029998779296875,61.11000061035156,61.59000015258789,43361000,0.0,0.0
2026-07-16,61.97999954223633,62.0,60.9900016784668,61.4900016784668,37351900,0.0,0.0
2026-07-17,61.25,62.119998931884766,60.65999984741211,61.27000045776367,45045200,0.0,0.0
2026-07-20,61.349998474121094,61.4900016784668,60.369998931884766,60.41999816894531,30741100,0.0,0.0
2026-07-21,60.900001525878906,61.529998779296875,60.06999969482422,61.220001220703125,31631600,0.0,0.0
2026-07-22,61.400001525878906,61.900001525878906,61.150001525878906,61.619998931884766,51484900,0.0,0.0
2026-07-23,61.349998474121094,61.5,60.709999084472656,61.279998779296875,29253200,0.0,0.0
2026-07-24,61.529998779296875,62.279998779296875,61.279998779296875,62.04999923706055,29035400,0.0,0.0
2026-07-27,62.52000045776367,62.9900016784668,61.84000015258789,62.130001068115234,36899800,0.0,0.0
2026-07-28,62.29999923706055,62.65999984741211,61.900001525878906,62.619998931884766,28737900,0.0,0.0
2026-07-29,62.5099983215332,62.650001525878906,60.90999984741211,61.06999969482422,37919000,0.0,0.0
2026-07-30,61.52000045776367,61.93000030517578,61.029998779296875,61.72999954223633,24844000,0.0,0.0
2026-07-31,61.540000915527344,62.2400016784668,61.540000915527344,61.95000076293945,27301100,0.0,0.0
2026-08-03,62.2599983215332,62.5099983215332,61.709999084472656,62.47999954223633,24013700,0.0,0.0
2026-08-04,62.470001220703125,63.540000915527344,62.349998474121094,62.900001525878906,28242100,0.0,0.0
2026-08-05,63.0,63.56999969482422,62.83000183105469,63.25,30266000,0.0,0.0
2026-08-06,63.90999984741211,63.970001220703125,62.72999954223633,63.0,24482900,0.0,0.0
2026-08-07,62.709999084472656,63.220001220703125,62.38999938964844,63.16999816894531,22620500,0.0,0.0
2026-08-10,63.15999984741211,64.0,63.0,63.86000061035156,25400400,0.0,0.0
2026-08-11,63.97999954223633,64.2699966430664,63.709999084472656,64.0,20738600,0.0,0.0
2026-08-12,64.12000274658203,64.94999694824219,63.84000015258789,64.80999755859375,27541500,0.0,0.0
2026-08-13,65.19999694824219,65.19999694824219,63.900001525878906,64.08999633789062,27306400,0.0,0.0
2026-08-14,64.04000091552734,64.55000305175781,63.810001373291016,64.48999786376953,21847900,0.0,0.0
2026-08-17,64.4000015258789,65.2300033569336,63.880001068115234,63.88999938964844,27349400,0.0,0.0
2026-08-18,64.0,64.4000015258789,63.56999969482422,64.2300033569336,28774000,0.0,0.0
2026-08-19,64.19999694824219,64.43000030517578,62.97999954223633,63.16999816894531,24082600,0.0,0.0
2026-08-20,63.060001373291016,63.2400016784668,61.810001373291016,61.86000061035156,34979400,0.0,0.0
2026-08-21,62.33000183105469,62.52000045776367,61.52000045776367,61.689998626708984,33434800,0.0,0.0
2026-08-24,61.7400016784668,62.7599983215332,61.52000045776367,62.33000183105469,27349700,0.0,0.0
