Date,Open,High,Low,Close,Volume,Dividends,Stock Splits
2020-01-02,63.4680276318617,64.36306299420752,63.38882251347651,64.33930206298828,12728900,0.0,0.0
2020-01-03,63.20666402758348,63.77694462015863,62.92943699316636,63.1274528503418,12437400,0.0,0.0
2020-01-06,62.35122526339978,63.00863926663426,62.35122526339978,62.92942810058594,10059500,0.0,0.0
2020-01-07,62.802681252211315,62.81060357490359,62.35912786883012,62.38288879394531,10469100,0.0,0.0
2020-01-08,62.39084130344289,63.365082099629355,62.319558486704075,62.85816192626953,11292400,0.0,0.0
2020-01-09,64.14129452268097,64.14129452268097,63.15121530769305,63.428436279296875,12895900,0.0,0.0
2020-01-10,63.365066480185334,63.372988805525175,62.62844734063463,62.771018981933594,10062100,0.0,0.0
2020-01-13,62.96905050791522,63.93536897943942,62.5730187437145,63.87992477416992,16566300,0.0,0.0
2020-01-14,64.315544110476,65.82838806858437,64.13337291693287,64.87791442871094,24971800,0.0,0.0
2020-01-15,64.7353444213226,64.9888044679189,63.943281020338645,64.34722900390625,16063600,0.0,0.0
2020-01-16,64.91751514398493,65.05216447085452,64.03832429189545,64.15713500976562,10426000,0.0,0.0
2020-01-17,64.28386526642521,64.47395878099701,64.00663825576,64.25218200683594,12413100,0.0,0.0
2020-01-21,63.74525631335036,64.08584377017092,63.26209722244296,63.285858154296875,10522000,0.0,0.0
2020-01-22,63.52349912826617,63.7452820152393,63.254200401390314,63.44429397583008,8045600,0.0,0.0
2020-01-23,63.03240631090477,63.42843800769161,62.509641570523364,63.206661224365234,11618200,0.0,0.0
2020-01-24,63.06407351118266,63.103673044998,61.495785732400726,62.11359405517578,15036100,0.0,0.0
2020-01-27,60.40275586768386,60.988881084780374,60.0780069768694,60.75918197631836,15859600,0.0,0.0
2020-01-28,61.155217030156614,61.88391393931786,60.81462951172797,61.178977966308594,10960200,0.0,0.0
2020-01-29,61.416607976053065,61.70175133555842,60.52157834608448,60.577022552490234,9478900,0.0,0.0
2020-01-30,59.99088618996304,61.41660286893384,59.80079264708853,61.32947540283203,12498200,0.0,0.0
2020-01-31,60.56405124629645,60.739461532835485,58.92955902261155,59.328216552734375,17101200,0.51,0.0
2020-02-03,59.55944076313501,60.76338837303035,59.55944076313501,59.902286529541016,11096500,0.0,0.0
2020-02-04,61.19391566008524,61.608516711802935,60.93877514755982,60.99458694458008,12173200,0.0,0.0
2020-02-05,62.12678294421595,62.97194097529168,62.039077808132326,62.8682861328125,13070400,0.0,0.0
2020-02-06,63.62573542315025,63.67357237356547,62.50949327689615,62.96396255493164,12826400,0.0,0.0
2020-02-07,62.29422209587963,63.02775655826274,62.238410286212215,62.74072265625,8341700,0.0,0.0
2020-02-10,62.2543531359199,62.78057784295614,62.23043466055876,62.573280334472656,8418300,0.0,0.0
2020-02-11,62.78858139124123,63.426436079857574,62.700876219480655,63.05966567993164,9437200,0.0,0.0
2020-02-12,63.70545722415047,64.3991172449861,63.22706953456705,63.2509880065918,9484100,0.0,0.0
2020-02-13,62.90017557612258,63.21112791828582,62.684903217328916,62.98788070678711,8946200,0.0,0.0
2020-02-14,62.90020303004438,63.05966365556282,62.549382354264274,62.820472717285156,9056600,0.0,0.0
2020-02-18,62.67693495360665,62.87626371097519,61.799889637791246,61.8557014465332,10343500,0.0,0.0
2020-02-19,62.08692128898716,62.501522412781505,61.88759253882954,62.230438232421875,9145200,0.0,0.0
2020-02-20,61.91948001469968,62.740713414421435,61.64041492443839,62.36597442626953,11763400,0.0,0.0
2020-02-21,61.8397471437717,62.1586743484662,60.71553619893593,60.94675827026367,14020000,0.0,0.0
2020-02-24,58.5069706623813,59.041176318613715,57.75749872251149,57.829254150390625,21096200,0.0,0.0
2020-02-25,57.90897974252064,58.37142385040047,55.01472880815627,55.357574462890625,27451000,0.0,0.0
2020-02-26,55.82798792693531,56.29840689211104,54.34498777464472,54.360931396484375,25552100,0.0,0.0
2020-02-27,52.70252638002187,53.33240603285003,51.347093156437644,51.38695526123047,34656800,0.0,0.0
2020-02-28,49.43353127360517,51.38695064072077,48.907303481708055,50.59761047363281,46013200,0.0,0.0
2020-03-02,50.90855817381443,53.90646407922393,50.326518627206475,53.8905143737793,29006400,0.0,0.0
2020-03-03,54.1057982831843,54.56026760579334,51.40290082508353,51.8653450012207,29547700,0.0,0.0
2020-03-04,52.66265331725499,53.834701149213586,51.315189145189024,53.73105239868164,24188500,0.0,0.0
2020-03-05,51.666020114685395,51.921160699420795,50.23882233626402,50.62153625488281,27277600,0.0,0.0
2020-03-06,48.20566091086419,49.6806953860467,47.63159621790699,48.859458923339844,29916600,0.0,0.0
2020-03-09,43.30217275528627,44.33868150361085,40.66305937538917,40.958065032958984,35625600,0.0,0.0
2020-03-10,43.637042648302256,44.41043904864503,41.06171597266815,44.314762115478516,32527500,0.0,0.0
2020-03-11,43.015139507143594,43.31812002107658,39.88169170362882,40.49562454223633,36709000,0.0,0.0
2020-03-12,36.11837143650785,39.06843775266528,34.14103046217115,34.49184799194336,45941600,0.0,0.0
2020-03-13,38.12761321963003,40.85443282805435,36.126353374459086,40.694969177246094,40519800,0.0,0.0
2020-03-16,32.28329339062891,36.06256568906416,31.549761834030107,32.84141159057617,35133800,0.0,0.0
2020-03-17,33.48721976902174,35.065902621722465,30.93581194022196,32.0919189453125,51650000,0.0,0.0
2020-03-18,29.548491881137444,30.289994996319376,25.514077311336887,29.04618263244629,48351400,0.0,0.0
2020-03-19,28.280772477534683,32.88128176779207,27.268181759849128,31.605575561523438,43397100,0.0,0.0
2020-03-20,32.25936613555296,32.68194517953053,29.660120415451424,30.34581184387207,38163900,0.0,0.0
2020-03-23,29.939182442303498,30.41757334392043,27.60304887439428,28.216981887817383,33013300,0.0,0.0
2020-03-24,30.018910298559714,32.62612761400471,29.771741559114727,32.418827056884766,34100600,0.0,0.0
2020-03-25,33.73439889678322,35.63998126871775,31.43813083482348,33.375606536865234,38211100,0.0,0.0
2020-03-26,34.826715398586096,36.90770779354446,34.28454101823238,36.69243240356445,31528600,0.0,0.0
2020-03-27,35.18551303265837,36.27783376925105,34.28454619951198,34.92239761352539,25484500,0.0,0.0
2020-03-30,35.12173124860622,35.28916669775594,33.144390069771205,35.145652770996094,27459000,0.0,0.0
2020-03-31,34.78684814101088,35.265235839684166,33.20816508557125,33.58290100097656,26219100,0.0,0.0
2020-04-01,31.206908683242332,32.0919288218667,30.29797006784931,30.704599380493164,29219500,0.0,0.0
2020-04-02,30.585000513383207,31.621509290762244,29.73984561165091,31.278663635253906,29532100,0.0,0.0
2020-04-03,31.0952785975346,31.462042692054812,29.2375335701138,29.891334533691406,25327100,0.0,0.0
2020-04-06,31.73312821074304,32.960993724157056,31.501906190389512,32.78558349609375,30064700,0.0,0.0
2020-04-07,35.727682459062656,36.34958711987763,32.78558847425174,32.88924026489258,35220700,0.0,0.0
2020-04-08,34.16495131126852,35.44065731458171,33.46331620303783,35.28916549682617,32944800,0.0,0.0
2020-04-09,37.42596214669274,39.24384227608482,36.971492874723495,37.80070114135742,43637200,0.0,0.0
2020-04-13,37.87246804373859,37.928279858587054,36.09445569845655,37.21866989135742,27944300,0.0,0.0
2020-04-14,38.00004145366997,38.063828128159706,34.70712890028057,36.214054107666016,40466200,0.0,0.0
2020-04-15,34.57954566489686,35.297130277049725,33.973587691368266,34.172916412353516,32249000,0.0,0.0
2020-04-16,34.05332401120033,34.15697581614592,31.97233130787703,32.30720520019531,37756000,0.0,0.0
2020-04-17,34.40414811979819,36.37351436792631,34.00549056587939,36.237972259521484,41252900,0.0,0.0
2020-04-20,34.60347270393163,36.229993015286475,34.19684034495637,35.0898323059082,33471900,0.0,0.0
2020-04-21,33.76628716918692,34.37224823898094,32.745724998816165,33.14438247680664,35336200,0.0,0.0
2020-04-22,34.2845391969611,34.38021612914242,33.36762588555272,33.67858123779297,21888100,0.0,0.0
2020-04-23,34.00548808285301,34.87456160859825,33.69453265862858,33.85399627685547,23970700,0.0,0.0
2020-04-24,34.28453898718102,34.5556261612984,33.27194874978716,34.3642692565918,26282100,0.0,0.0
2020-04-27,35.21739690104758,37.33028255633552,34.866579447683485,37.122982025146484,30929200,0.0,0.0
2020-04-28,39.020601614305505,39.53885766869308,37.41799953112592,37.6412467956543,28973300,0.0,0.0
2020-04-29,39.62655698928008,40.38400686442277,38.63788502903319,40.07305145263672,32941100,0.0,0.0
2020-04-30,39.124242487053,39.6823635337351,38.30300910100858,38.717613220214844,28687000,0.0,0.0
2020-05-01,37.315573729745886,37.44449806414027,36.437275741122065,36.67900848388672,28078900,0.51,0.0
2020-05-04,36.28417314328426,36.55008129118974,35.438107072873045,36.356693267822266,26340200,0.0,0.0
2020-05-05,37.30750124984192,37.34778951398587,35.38974975337405,35.41392517089844,27342900,0.0,0.0
2020-05-06,35.84904484223936,36.27610596358208,34.42281819833556,34.60814666748047,25028000,0.0,0.0
2020-05-07,35.06744338339636,36.38891822577637,35.002979696549644,35.969913482666016,29849100,0.0,0.0
2020-05-08,36.51783474208471,37.404188730720925,36.46948698725475,37.323612213134766,22905200,0.0,0.0
2020-05-11,36.429194388859344,36.46142622157306,35.30110790805006,35.5106086730957,34765200,0.0,0.0
2020-05-12,35.768462581471205,36.01019521568639,34.10050340945007,34.12467575073242,33328300,0.0,0.0
2020-05-13,33.84266289932412,34.00381905169954,32.41643602256828,32.71457290649414,35350600,0.0,0.0
2020-05-14,32.22304710788571,33.92323523717171,31.23193796935646,33.89100646972656,40976400,0.0,0.0
2020-05-15,33.504233003169084,34.20525863190307,33.11745706269774,33.778194427490234,28494900,0.0,0.0
2020-05-18,35.494499363356354,36.99324605174271,35.043265916562916,36.79985809326172,39383300,0.0,0.0
2020-05-19,36.47755837534978,36.89656316575132,35.623432871016085,35.80070495605469,27271600,0.0,0.0
2020-05-20,36.71929802515823,37.29139958660068,36.4372769945313,36.63872146606445,23841300,0.0,0.0
2020-05-21,36.396967574666874,36.89655182922337,36.08271484686993,36.259986877441406,21698300,0.0,0.0
2020-05-22,36.07466648854728,36.300283251492466,35.2044251335338,35.534793853759766,22631700,0.0,0.0
2020-05-26,37.22692827631283,39.40252855960473,37.0496562085949,38.814308166503906,34429300,0.0,0.0
2020-05-27,41.64259767087365,42.21469918106699,40.17608229538733,42.109947204589844,43660500,0.0,0.0
2020-05-28,42.69816408453938,42.71427693450625,39.57174557148064,39.61203384399414,37972800,0.0,0.0
2020-05-29,38.69343719771558,39.86987164888668,38.322780273176306,38.604801177978516,35873400,0.0,0.0
2020-06-01,38.790137071033584,40.03103543746913,38.532288459020734,39.845706939697266,22860100,0.0,0.0
2020-06-02,40.86099204250112,41.32834464812596,40.41781486137997,40.96574401855469,27651300,0.0,0.0
2020-06-03,42.3516732663073,43.3186039616011,42.238861816311825,42.98017883300781,33341800,0.0,0.0
2020-06-04,42.94794311609248,44.87375098294786,42.39195770907067,44.841522216796875,33083500,0.0,0.0
2020-06-05,49.61173061884643,50.33693174731433,47.00906912814162,47.42807388305664,44648500,0.0,0.0
2020-06-08,48.878480234752544,49.418352948189685,48.16133849908984,49.34583282470703,32587100,0.0,0.0
2020-06-09,47.540874962045365,48.50780862688034,46.45307651022939,47.943763732910156,30422900,0.0,0.0
2020-06-10,47.460299054526935,47.65368394573012,45.01073455810547,45.01073455810547,36743700,0.0,0.0
2020-06-11,41.63452259083179,43.125212833069725,38.838476712949245,38.991573333740234,62098600,0.0,0.0
2020-06-12,41.41697314984285,42.26303908209379,40.1277270434529,42.10188293457031,39040000,0.0,0.0
2020-06-15,40.25663824323896,42.70620228163252,40.07936930508197,42.690086364746094,36592100,0.0,0.0
2020-06-16,45.365287076813296,45.44586669674333,42.158291974755045,43.87459945678711,37638700,0.0,0.0
2020-06-17,44.07603750705668,44.156614041508874,42.60952244868298,42.706214904785156,23727300,0.0,0.0
2020-06-18,42.440305352381664,43.22997011715364,41.92460817246354,42.73844528198242,22280600,0.0,0.0
2020-06-19,43.56033551107205,43.58450785398546,41.5458916336902,42.641746520996094,50379300,0.0,0.0
2020-06-22,41.77956443943758,42.359725254907104,41.51365944821231,41.94878005981445,22642100,0.0,0.0
2020-06-23,42.66592025756836,43.294425738946444,42.30331975915897,42.66592025756836,22092600,0.0,0.0
2020-06-24,41.63452883520275,41.77151263123204,40.41780596144877,40.94156265258789,27207700,0.0,0.0
2020-06-25,40.530609064810314,42.53699646304911,40.393628360401486,42.448360443115234,28112400,0.0,0.0
2020-06-26,42.174407580000036,42.174407580000036,39.86182629695455,39.950462341308594,35426200,0.0,0.0
2020-06-29,40.51450062153097,41.03019784307441,39.97463105328953,40.522560119628906,22578600,0.0,0.0
2020-06-30,40.13578122113939,41.53783244900687,40.006856934969996,41.17523193359375,23360400,0.0,0.0
2020-07-01,41.707054072392175,41.90044208062005,40.409754505348005,40.57090759277344,19206900,0.0,0.0
2020-07-02,41.99713013981589,42.271094663001165,40.51449914501283,40.732059478759766,22042700,0.0,0.0
2020-07-06,41.795679253526636,42.3516677115761,41.24775029203293,41.876258850097656,22613100,0.0,0.0
2020-07-07,41.296111252705046,41.38474730037224,40.361409150229896,40.54673767089844,21235300,0.0,0.0
2020-07-08,40.45004525826279,41.151071067715755,40.240541313682535,40.99797439575195,19115300,0.0,0.0
2020-07-09,40.87710138774867,41.15912542037379,39.5072787153067,39.845706939697266,24263900,0.0,0.0
2020-07-10,39.84571241696172,42.45643074091542,39.84571241696172,42.42420196533203,28027800,0.0,0.0
2020-07-13,42.97211777004804,43.18967500134389,41.78762380025063,42.061588287353516,27151800,0.0,0.0
2020-07-14,41.328330152898126,41.964895137792126,40.29693282677445,40.40974426269531,35814400,0.0,0.0
2020-07-15,41.819862659758364,41.98907523419234,40.83681291034551,41.771514892578125,27676300,0.0,0.0
2020-07-16,41.320276550812245,42.271094415488,41.04631202923114,41.46531677246094,18824000,0.0,0.0
2020-07-17,41.27192201254719,41.4814227972792,40.45002864389634,40.46614456176758,19747400,0.0,0.0
2020-07-20,40.280822828592925,40.7562317267181,40.08743485571254,40.40168762207031,23472600,0.0,0.0
2020-07-21,41.01408650337915,41.75540051817126,40.82875492588311,41.68288040161133,21943200,0.0,0.0
2020-07-22,41.52977621183668,42.12604988536562,41.21552345500422,41.626468658447266,17873400,0.0,0.0
2020-07-23,41.457263965100864,42.08576959787551,41.19941534274214,41.96490478515625,17090400,0.0,0.0
2020-07-24,41.98100989785071,42.28720623314741,41.497544588474845,41.634525299072266,16258900,0.0,0.0
2020-07-27,41.46531552813063,41.46531552813063,40.78040578163016,41.32833480834961,13991400,0.0,0.0
2020-07-28,41.11077710951504,41.62647432672388,41.0704888407577,41.31222152709961,13121400,0.0,0.0
2020-07-29,41.231633638763654,42.37583929932593,41.08659651511221,42.319435119628906,16991000,0.0,0.0
2020-07-30,41.18329429061852,41.25581439873758,40.17607227440812,40.989906311035156,24154600,0.0,0.0
2020-07-31,40.90851682031248,40.94921619858972,40.18411259792113,40.70503234863281,22485800,0.51,0.0
2020-08-03,41.15269139766114,41.38873097188039,40.44456336022557,41.014320373535156,15856600,0.0,0.0
2020-08-04,40.88409895409267,40.957353486798624,40.57480169323125,40.81084442138672,16230800,0.0,0.0
2020-08-05,41.10385741074438,41.76314812263074,41.07944027120547,41.54338455200195,16412400,0.0,0.0
2020-08-06,41.30734436799558,41.746871536009785,41.16897642895021,41.421295166015625,11025000,0.0,0.0
2020-08-07,41.12013287111174,42.511965589359264,40.802697665714156,42.42243194580078,21499100,0.0,0.0
2020-08-10,42.56081303609932,43.30963440493597,42.528254775299466,43.024757385253906,16850400,0.0,0.0
2020-08-11,44.31890889305287,44.79099114989265,43.5782257017755,43.75728988647461,25256500,0.0,0.0
2020-08-12,44.71773746097979,44.782853969296596,42.9352149623085,43.42357635498047,19337900,0.0,0.0
2020-08-13,43.000333354605466,43.529391035692115,42.788707798229886,43.04916763305664,13815300,0.0,0.0
2020-08-14,42.69103632029571,43.42357844455411,42.61778179737725,43.08172607421875,13861300,0.0,0.0
2020-08-17,42.837551208992856,42.992198287391176,41.795708618169,41.852684020996094,19788700,0.0,0.0
2020-08-18,41.93407194658719,41.94220995766625,40.92478780185307,40.97362518310547,17100800,0.0,0.0
2020-08-19,41.2503729053971,41.779433780892866,40.69689488654594,40.93293762207031,20837300,0.0,0.0
2020-08-20,40.31434212604248,40.71317305265059,40.07016138349286,40.35504150390625,15920900,0.0,0.0
2020-08-21,40.24922815251479,40.76200987821098,40.01318542585328,40.12713623046875,17416000,0.0,0.0
2020-08-24,40.615505400969376,41.616648718068895,40.24923269838982,41.55967330932617,19745100,0.0,0.0
2020-08-25,42.202679201328884,42.73987809531075,41.486416079304206,42.039894104003906,17244800,0.0,0.0
2020-08-26,42.048031349419404,42.153844144690666,41.36432339638305,41.38874053955078,14541600,0.0,0.0
2020-08-27,41.28293623931337,42.49570211719752,41.22596082786524,42.09687423706055,19393500,0.0,0.0
2020-08-28,42.38174332295065,42.625924055362766,41.94221614165295,42.552669525146484,16990300,0.0,0.0
2020-08-31,42.25151307191712,42.35732586030047,41.59222230496516,41.60850143432617,16280100,0.0,0.0
2020-09-01,41.41315466359117,41.974770607885475,41.136415697215824,41.673614501953125,16903400,0.0,0.0
2020-09-02,41.54338954007657,42.438719953168324,41.2340922807665,42.28407287597656,15348600,0.0,0.0
2020-09-03,42.68289750994288,43.65962349998344,41.698033507994445,41.91779708862305,25003200,0.0,0.0
2020-09-04,42.70732008580928,43.4317242772636,41.86896198694259,42.748016357421875,25124000,0.0,0.0
2020-09-08,42.259647554503715,42.398018590052,41.2340873298289,41.54338455200195,28128600,0.0,0.0
2020-09-09,41.673618516872565,41.99105378140065,41.201533073781,41.83640670776367,19193900,0.0,0.0
2020-09-10,42.09686726212204,42.73173780159786,41.26665026938553,41.47013473510742,22324400,0.0,0.0
2020-09-11,41.42129245969494,42.07244205221308,41.34803793647877,41.510826110839844,21033200,0.0,0.0
2020-09-14,41.909661245710375,42.38988470121313,38.98762424119561,39.19110870361328,58798300,0.0,0.0
2020-09-15,39.166689430078115,39.38645302754158,36.35860315794716,36.472557067871094,84689700,0.0,0.0
2020-09-16,36.798133318298206,38.05973649732158,36.31790981216232,37.45742416381836,45484600,0.0,0.0
2020-09-17,37.00162215091092,37.30278145798411,36.63534941590784,37.058597564697266,28741600,0.0,0.0
2020-09-18,37.050451112315905,37.408582646683826,36.4318566107673,36.51325225830078,33201700,0.0,0.0
2020-09-21,35.33303860648567,35.943491936317784,35.0562996394314,35.75628662109375,33469700,0.0,0.0
2020-09-22,35.64233570643698,35.91907467253461,35.06444063470922,35.23536682128906,25799200,0.0,0.0
2020-09-23,35.495825629965324,35.77256458803718,34.01445917938252,34.06329345703125,28780200,0.0,0.0
2020-09-24,34.06329551011168,34.67374885692319,33.60749233164524,34.34003448486328,31259200,0.0,0.0
2020-09-25,34.05515872872235,34.29120144319991,33.79469887306655,34.20166778564453,26917200,0.0,0.0
2020-09-28,34.93420654407091,35.71558913944051,34.90978940528395,35.27606201171875,21204600,0.0,0.0
2020-09-29,35.08072646956683,35.23537667633017,34.201675046345585,34.52724838256836,20694300,0.0,0.0
2020-09-30,34.65746974369507,35.479545477947156,34.59235323547557,35.0888557434082,22533400,0.0,0.0
2020-10-01,35.26792565920359,35.52838550160175,34.67374834474867,35.35745620727539,21900500,0.0,0.0
2020-10-02,34.62492365483368,35.70745959245391,34.60864452205924,35.53653335571289,23899200,0.0,0.0
2020-10-05,36.02488286316388,36.81440346140473,35.98418659731071,36.5539436340332,24170600,0.0,0.0
2020-10-06,37.017885735374016,37.4899710855146,35.94348823393269,36.14697265625,29505900,0.0,0.0
2020-10-07,36.6434840129932,37.139986620413296,36.309769603814765,36.49697494506836,22135800,0.0,0.0
2020-10-08,36.553946686709295,36.76556914977431,36.04116500034326,36.39929962158203,28630700,0.0,0.0
2020-10-09,36.635345812883514,37.10743131488694,36.37488591692538,36.57023239135742,25595600,0.0,0.0
2020-10-12,36.700456095249926,37.4330013685788,36.586505298271284,37.343467712402344,24070200,0.0,0.0
2020-10-13,37.53881013630164,37.53881013630164,35.446990257102506,35.55280303955078,49899100,0.0,0.0
2020-10-14,35.422561991079455,36.008598011432014,34.99931409914986,35.02373123168945,30260500,0.0,0.0
2020-10-15,34.624917274953795,35.52024767808776,34.3888745506075,35.49583053588867,26408000,0.0,0.0
2020-10-16,35.55280737370831,35.71559557310625,35.06444588044114,35.15397644042969,25998000,0.0,0.0
2020-10-19,35.28420396010255,35.316762218735484,34.844679888263734,34.91793441772461,22793600,0.0,0.0
2020-10-20,35.300481178797504,35.87837937101104,35.276064038607586,35.42257308959961,21255900,0.0,0.0
2020-10-21,35.37373801394385,35.59350160478087,34.917934807698025,35.00746536254883,19816300,0.0,0.0
2020-10-22,34.90978882082717,35.80512218878109,34.72258351510047,35.77256393432617,21341200,0.0,0.0
2020-10-23,35.98418637843104,36.2772044586732,35.54465925806781,35.77256393432617,18486500,0.0,0.0
2020-10-26,35.29234076603385,35.32489902068958,34.8446756317588,35.21094512939453,24928100,0.0,0.0
2020-10-27,35.03187893064335,35.03187893064335,34.07957021856819,34.087711334228516,24251700,0.0,0.0
2020-10-28,33.34702687369496,33.85166735275786,33.159821584767194,33.477256774902344,27485000,0.0,0.0
2020-10-29,33.4772596275479,34.30747648283613,33.13540416716991,33.90864562988281,23351000,0.0,0.0
2020-10-30,33.80976837621684,34.230023180270805,33.36479695418243,34.13113784790039,26962800,0.51,0.0
2020-11-02,34.49371204892529,35.161170771789145,33.949855279765615,34.78211975097656,24310800,0.0,0.0
2020-11-03,35.680301791903005,36.273601129036436,35.48253744179698,35.86982727050781,29985200,0.0,0.0
2020-11-04,35.04580439197839,35.77094773040029,34.52667057715408,34.67499542236328,25956400,0.0,0.0
2020-11-05,34.889241607677576,35.91103466384292,34.757397646566695,35.490779876708984,24945100,0.0,0.0
2020-11-06,35.85334585885928,35.93575028970265,35.02108153949074,35.19412612915039,17705200,0.0,0.0
2020-11-09,38.6220839960601,40.195972970250565,38.11942781198626,39.25658416748047,56895200,0.0,0.0
2020-11-10,39.80866525270676,40.171235270185434,39.100002958328595,39.264808654785156,33275800,0.0,0.0
2020-11-11,39.470830829663555,40.61622600741752,39.28954417646791,40.319576263427734,29719600,0.0,0.0
2020-11-12,39.52849732772563,39.89106735268871,39.314248974887285,39.78394317626953,28457400,0.0,0.0
2020-11-13,40.08885280064998,40.43494209650405,39.88284636928674,40.09709167480469,18632500,0.0,0.0
2020-11-16,41.5391188449797,42.04177482446002,41.085905519408165,41.530879974365234,26699400,0.0,0.0
2020-11-17,41.069428521958,41.96761638749932,40.77277885724232,41.80281066894531,18970000,0.0,0.0
2020-11-18,42.099471027591306,43.384952186755896,42.03354746606103,42.06650924682617,25824000,0.0,0.0
2020-11-19,42.51971284080414,43.1130121829481,41.984098173286576,42.96468734741211,20262400,0.0,0.0
2020-11-20,42.70924939310079,42.939975560808335,42.18187035584198,42.5609245300293,15471100,0.0,0.0
2020-11-23,43.269570507663026,44.192481179174784,43.08828706498636,43.92055130004883,28923200,0.0,0.0
2020-11-24,44.89291062783138,47.084818418273606,44.89291062783138,47.018898010253906,32890900,0.0,0.0
2020-11-25,46.367917085241615,47.10129930613052,45.593334216414405,47.018898010253906,28250500,0.0,0.0
2020-11-27,46.96945495668329,47.16722246591618,46.24431161403993,46.69752502441406,14267100,0.0,0.0
2020-11-30,46.26079649240044,46.59040798841955,45.321407815176634,45.37908935546875,23359300,0.0,0.0
2020-12-01,46.59865201023324,46.755218902675956,45.65102435543394,45.70870590209961,23497900,0.0,0.0
2020-12-02,45.618051255357585,47.31554173906017,45.52740794925546,47.13425827026367,26796800,0.0,0.0
2020-12-03,47.282587123458306,47.3402686607105,46.31023671919551,46.62336730957031,18776100,0.0,0.0
2020-12-04,47.430909662772486,48.46918042611575,47.224903284510034,48.30437469482422,24696000,0.0,0.0
2020-12-07,47.91708513561807,48.296136119532036,47.20018067160632,47.900604248046875,21280900,0.0,0.0
2020-12-08,47.364986514508296,48.12309162751429,47.26610433225809,48.09012985229492,15511700,0.0,0.0
2020-12-09,48.749349995457166,49.07071944767189,48.0406875401078,48.5763053894043,27278200,0.0,0.0
2020-12-10,47.82644036946258,50.09251047527535,47.801717467154596,49.85354232788086,25866600,0.0,0.0
2020-12-11,49.276731116344585,49.28497313279786,47.94181050106507,48.55982971191406,20960000,0.0,0.0
2020-12-14,49.441533921288524,49.655779185181224,48.39502107607895,48.403263092041016,19688300,0.0,0.0
2020-12-15,48.403268106587255,49.32617595524302,48.26318211139193,49.16960906982422,16044400,0.0,0.0
2020-12-16,49.499222635638326,49.55690418210301,48.91416515383448,49.23553466796875,14988300,0.0,0.0
2020-12-17,49.441530218977604,49.68049836945387,49.087199000935634,49.482730865478516,18229900,0.0,0.0
2020-12-18,49.68873625506739,49.68873625506739,48.378535604535706,48.66694641113281,28712700,0.0,0.0
2020-12-21,49.72993860586222,50.94125711960596,49.284967216457154,50.455081939697266,31906100,0.0,0.0
2020-12-22,50.34796385006459,50.38092562910282,48.74935528760956,48.831756591796875,17851600,0.0,0.0
2020-12-23,49.44152027551178,50.520994599820376,49.26847570896521,50.084259033203125,16579100,0.0,0.0
2020-12-24,50.207866373925064,50.33971030825101,49.342640358448065,49.911216735839844,6824400,0.0,0.0
2020-12-28,49.952425890670604,51.031900448060895,49.84530483686378,50.3726806640625,14414600,0.0,0.0
2020-12-29,50.3891546563547,50.59516100712735,49.894737528455856,50.19138717651367,10800400,0.0,0.0
2020-12-30,50.19139672475036,50.488046429241784,49.99362920728673,50.15019607543945,10770700,0.0,0.0
2020-12-31,49.99362725442709,50.96597762854107,49.87826418349966,50.80941390991211,12500700,0.0,0.0
2021-01-04,50.75172607582682,50.85060824672013,49.21903828164653,49.556888580322266,21286200,0.0,0.0
2021-01-05,49.72994033820038,51.08958374357815,49.45801354316961,50.842376708984375,20213100,0.0,0.0
2021-01-06,53.1414084698384,54.88010296542768,52.696437040805975,53.767669677734375,38106600,0.0,0.0
2021-01-07,55.26738605731126,56.11613125535772,54.39392110193377,54.402156829833984,24161000,0.0,0.0
2021-01-08,54.55873272762847,54.55873272762847,53.01780263456905,53.866554260253906,20747800,0.0,0.0
2021-01-11,53.2155687377626,54.89658152604563,53.009562361063445,54.74825668334961,20454000,0.0,0.0
2021-01-12,55.61348299177337,55.81948938069054,54.58345104718747,54.937782287597656,20162800,0.0,0.0
2021-01-13,55.20970051374603,55.39098710341287,54.3774331188277,55.094337463378906,18541900,0.0,0.0
2021-01-14,55.638194883647174,57.212086490050766,55.3497872373158,56.865997314453125,29108900,0.0,0.0
2021-01-15,55.5145938103408,55.74531991790127,52.811785200420466,52.927154541015625,38295300,0.0,0.0
2021-01-19,53.72646644771829,53.76767024232402,51.83945021824228,52.4821891784668,27022400,0.0,0.0
2021-01-20,52.53162640356735,52.58930793794962,51.78176331319,52.11961364746094,17448900,0.0,0.0
2021-01-21,52.08664659275214,52.19377077863528,50.87533135010253,50.982452392578125,19394600,0.0,0.0
2021-01-22,50.216110643913545,50.949495947326945,49.59809154592117,50.53748321533203,24740400,0.0,0.0
2021-01-25,49.99362860386464,50.07603304489989,48.75759027900803,49.90298843383789,25754100,0.0,0.0
2021-01-26,50.43035529782774,50.46331706836915,49.51568659745195,50.19138717651367,18760900,0.0,0.0
2021-01-27,49.359129609335625,49.44153090347827,48.23021239045253,48.94711685180664,24657200,0.0,0.0
2021-01-28,49.56513504772257,50.314998126462186,49.1366414108131,49.72169876098633,19986200,0.0,0.0
2021-01-29,49.82973141373073,50.029184705249236,47.94324851101998,48.19256591796875,27078300,0.51,0.0
2021-02-01,48.74936473360846,48.75767383392237,47.70224373292768,48.558223724365234,16073000,0.0,0.0
2021-02-02,49.53055710677339,50.07074063900979,49.28124284966535,49.513938903808594,18693400,0.0,0.0
2021-02-03,49.372657421129404,50.81868514379861,49.297862829091294,50.777130126953125,18730600,0.0,0.0
2021-02-04,51.167732299736485,52.04864616646933,51.04307357050526,51.865814208984375,16612900,0.0,0.0
2021-02-05,52.347817931241735,52.42261252523943,51.583250618131686,52.00708770751953,13493800,0.0,0.0
2021-02-08,52.43092375758954,52.9461736648461,52.231470442088636,52.89631271362305,15055400,0.0,0.0
2021-02-09,52.937858972789385,53.07913587993968,51.957220213055066,52.455848693847656,12336900,0.0,0.0
2021-02-10,52.75503340411096,53.17887051701304,52.339508563338,52.87137985229492,12680700,0.0,0.0
2021-02-11,52.85475298846011,53.07913675959616,51.46690168612555,52.522335052490234,12108300,0.0,0.0
2021-02-12,52.28963685064351,53.20379009956148,52.26470637828106,52.87968444824219,12174600,0.0,0.0
2021-02-16,53.95173926642199,54.0763979762501,53.05420733434869,53.286903381347656,19065400,0.0,0.0
2021-02-17,53.020957615996096,53.94342624104108,52.73009155825392,53.81876754760742,20279600,0.0,0.0
2021-02-18,53.43649908163196,53.64426150988029,52.430926519555726,52.755035400390625,14833200,0.0,0.0
2021-02-19,53.32014654746028,54.84096253006826,53.228730582225246,54.66644287109375,20456200,0.0,0.0
2021-02-22,54.35064507978824,55.59721947913932,54.2592291166034,54.45036697387695,23120700,0.0,0.0
2021-02-23,54.50854784486253,55.613845489160745,53.90188510263393,55.464256286621094,26712100,0.0,0.0
2021-02-24,55.82160467219222,57.07649144605837,55.68032775034396,57.010005950927734,20752900,0.0,0.0
2021-02-25,57.3756696145857,57.658223457202965,55.588911567310824,56.021060943603516,25206100,0.0,0.0
2021-02-26,55.4974958352829,56.17895630968094,54.46699602189201,54.749549865722656,24182200,0.0,0.0
2021-03-01,56.91859773874835,58.16517241054122,56.49476691543157,57.791202545166016,28054600,0.0,0.0
2021-03-02,57.500320576339874,58.1651564142118,57.2177604314305,57.26762771606445,19200600,0.0,0.0
2021-03-03,57.74963937754236,59.411738705585414,57.59174425285419,58.48927307128906,25157600,0.0,0.0
2021-03-04,58.32305839941862,59.65273642790764,56.41995414535418,58.015567779541016,28518400,0.0,0.0
2021-03-05,58.8715354272533,59.22888691664553,56.87702197431431,58.364601135253906,25406800,0.0,0.0
2021-03-08,59.06269005392594,60.53364493748891,58.88817041285269,60.01839828491211,27351100,0.0,0.0
2021-03-09,58.9297366637055,60.24279035747885,58.20672114960287,58.9962158203125,24194900,0.0,0.0
2021-03-10,59.245539124547975,61.397954994913235,59.1707413479078,61.289920806884766,21331100,0.0,0.0
2021-03-11,61.06553864783026,61.73037464606926,60.29266212382767,60.92425537109375,17499200,0.0,0.0
2021-03-12,61.84670637935369,62.53647903190108,61.580770775292706,62.47830581665039,17210600,0.0,0.0
2021-03-15,62.752554735460876,62.8190338822783,60.89931140666625,61.68050003051758,18918100,0.0,0.0
2021-03-16,61.098767313982535,61.19018328246925,60.10151027282551,60.94087219238281,15834800,0.0,0.0
2021-03-17,61.43948909505631,61.78021608919967,60.45053817229064,61.16524124145508,19337500,0.0,0.0
2021-03-18,61.85501904038122,63.26780075704068,61.04058768132949,61.36469650268555,23857900,0.0,0.0
2021-03-19,60.832829503155814,61.1486324158642,59.43666589126017,60.67493438720703,24079400,0.0,0.0
2021-03-22,60.076585578332235,60.33420896499803,59.53640198722755,59.802337646484375,15040000,0.0,0.0
2021-03-23,59.25384213016787,60.36744560929727,58.597312150816194,58.92973327636719,16238700,0.0,0.0
2021-03-24,59.577946228858956,60.234476155810846,58.22333135992584,58.23995590209961,17089600,0.0,0.0
2021-03-25,58.0321990415272,59.769089780410056,57.46708502142831,59.602882385253906,18357300,0.0,0.0
2021-03-26,60.30927678181112,60.86607856194275,59.835578704020534,60.68324661254883,15716600,0.0,0.0
2021-03-29,59.46161889657723,59.96024753508209,58.480979826674584,59.486549377441406,17822300,0.0,0.0
2021-03-30,59.8355852909538,60.84946705618226,59.8355852909538,60.633392333984375,15615900,0.0,0.0
2021-03-31,60.42561193249233,61.35638970969552,60.21784954529201,60.45885467529297,15224800,0.0,0.0
2021-04-01,60.01839874458948,60.90762149805213,60.01839874458948,60.782962799072266,15251300,0.0,0.0
2021-04-05,61.555839826094456,61.78022041449265,60.20123134409413,60.45885467529297,16128400,0.0,0.0
2021-04-06,60.13474787495988,60.72479231354585,59.87712453512229,60.334197998046875,12908400,0.0,0.0
2021-04-07,60.60013826341593,60.766351995758875,59.79401909766799,60.409000396728516,14081400,0.0,0.0
2021-04-08,59.960228327210565,60.2760248843386,59.07100553227142,60.10981750488281,13677100,0.0,0.0
2021-04-09,60.50871728519601,60.674931003775335,59.843881432093895,60.184608459472656,14586400,0.0,0.0
2021-04-12,60.350827175509885,60.50041636441574,59.95192055829239,60.409000396728516,12002400,0.0,0.0
2021-04-13,60.084882014805025,60.18460389798949,59.06268832933225,59.88542556762695,16150000,0.0,0.0
2021-04-14,59.61949457375307,60.9076239476772,59.32031622033076,60.591827392578125,19476600,0.0,0.0
2021-04-15,61.871633544037465,62.104332733005606,59.63611467141942,60.284332275390625,31333400,0.0,0.0
2021-04-16,60.93255675939304,61.140319160555784,59.577948186357865,60.20954132080078,28478400,0.0,0.0
2021-04-19,60.425621481190646,60.525349725352015,59.79402194898042,59.94361114501953,19964800,0.0,0.0
2021-04-20,59.461599994597485,59.461599994597485,57.566801625956515,57.99895095825195,22013000,0.0,0.0
2021-04-21,57.45045466364249,58.76351450987286,56.85210429739041,58.713653564453125,16334800,0.0,0.0
2021-04-22,58.530820789507686,58.79675639520549,57.899221348323536,58.015567779541016,16037600,0.0,0.0
2021-04-23,58.04049920977813,59.45328728994319,57.766257669042304,59.320316314697266,18876100,0.0,0.0
2021-04-26,59.61118966895212,60.50871840425935,59.51146143596013,60.00177764892578,13098600,0.0,0.0
2021-04-27,60.251078452943965,60.74970679964627,60.13473205006021,60.65829086303711,13357500,0.0,0.0
2021-04-28,60.97410943519439,61.19849003005859,60.442238215866965,60.591827392578125,14420400,0.0,0.0
2021-04-29,61.298217356554666,61.51428567718872,60.566889685470265,61.36469650268555,20628400,0.0,0.0
2021-04-30,60.829140753019864,60.87097839893815,59.49020839358163,59.6157341003418,23669300,0.51,0.0
2021-05-03,60.26846742006099,60.619940718496906,59.74126704916228,60.00905227661133,16026100,0.0,0.0
2021-05-04,59.61572284025235,60.58644797904633,59.105256411145426,60.527870178222656,23071400,0.0,0.0
2021-05-05,60.762204977294225,61.76639806265862,60.067634794590155,61.682716369628906,19427200,0.0,0.0
2021-05-06,61.62411709740933,62.71199788166385,61.44001360611995,62.578102111816406,19621800,0.0,0.0
2021-05-07,61.44838886642589,62.854262645795586,61.27265544206745,62.829158782958984,16937400,0.0,0.0
2021-05-10,63.06347197780864,64.30197606930298,62.854264601657334,62.87099838256836,19628200,0.0,0.0
2021-05-11,62.343801705654165,63.2392090720868,61.85007533388886,62.6534309387207,21534800,0.0,0.0
2021-05-12,63.548832715815976,63.93377351024295,61.84169981150792,62.117855072021484,19791300,0.0,0.0
2021-05-13,61.82495410236165,63.49861291126209,61.75801260222691,63.004886627197266,18622300,0.0,0.0
2021-05-14,63.33124988965542,64.24339088034513,63.31451611066644,64.06765747070312,14122700,0.0,0.0
2021-05-17,63.8752046897977,64.82918991989385,63.68273107325055,64.78734588623047,14676300,0.0,0.0
2021-05-18,64.75385992459678,65.01328139308235,64.07603011960634,64.11787414550781,13729600,0.0,0.0
2021-05-19,63.28105969699327,64.14299320496926,62.52791174383345,63.98399353027344,23283600,0.0,0.0
2021-05-20,63.741291709217236,64.13460253543097,63.06346196119017,63.766395568847656,15244300,0.0,0.0
2021-05-21,64.01744237743917,65.11368673328049,63.942130803908526,64.97979736328125,18544500,0.0,0.0
2021-05-24,65.13045004740874,65.57396871897595,64.82919087719267,65.29781341552734,16750200,0.0,0.0
2021-05-25,65.44006286470416,66.34384023652416,64.5948696856802,64.67018127441406,20015800,0.0,0.0
2021-05-26,64.61159476550671,65.18900907272067,64.16807622179222,64.87100982666016,15243400,0.0,0.0
2021-05-27,65.70784773489771,66.2015804463443,65.23085518831492,65.90869140625,17467000,0.0,0.0
2021-05-28,65.82499128702759,66.08440630919168,65.19736935508186,65.86682891845703,14392800,0.0,0.0
2021-06-01,66.51957400902327,67.0216704233797,66.39404830930859,66.74552154541016,15450500,0.0,0.0
2021-06-02,67.03003802604081,67.18903766543052,66.42751979730303,66.8292007446289,15285600,0.0,0.0
2021-06-03,66.70368954136646,67.18905226268697,66.46100818070619,66.6367416381836,22255800,0.0,0.0
2021-06-04,66.6869391131553,66.83756866546875,65.95052513095538,66.51956939697266,13807000,0.0,0.0
2021-06-07,66.62835607492761,66.65345993425763,66.12625335032195,66.36893463134766,12670100,0.0,0.0
2021-06-08,65.52374956470487,66.46099447801319,65.0300168611567,66.17647552490234,15399100,0.0,0.0
2021-06-09,65.83338071093314,65.92543247435327,65.0718691225065,65.38986206054688,13778400,0.0,0.0
2021-06-10,66.14300333626096,66.35221070775046,64.29361093843404,64.34381866455078,15277400,0.0,0.0
2021-06-11,64.43588101696393,64.59488068848842,63.68273307882602,64.000732421875,18043500,0.0,0.0
2021-06-14,64.10950302269453,64.24339241130217,62.486051888501954,62.89610290527344,18304400,0.0,0.0
2021-06-15,62.8040527887442,63.0467277109305,61.29775722464495,61.774749755859375,25191700,0.0,0.0
2021-06-16,60.87934990799565,61.088557295995635,58.70359434969637,59.79983901977539,53319800,0.0,0.0
2021-06-17,60.73707941991091,60.762183280405374,57.03829500202147,57.62407302856445,48523000,0.0,0.0
2021-06-18,57.3060811514728,57.53202228435422,56.17635633356044,56.57803726196289,44582900,0.0,0.0
2021-06-21,57.272619272120565,57.8165533988679,56.8039903595263,57.280982971191406,30266600,0.0,0.0
2021-06-22,57.65754450893798,58.08432927262651,56.71192324067709,57.7077522277832,21564600,0.0,0.0
2021-06-23,58.04249400496256,58.61990839677782,57.80818276900923,58.28517532348633,19672700,0.0,0.0
2021-06-24,58.85420377862979,59.975551929910644,58.53620457163921,59.68266296386719,23900400,0.0,0.0
2021-06-25,59.791468340619815,60.126201434983884,58.46091243076365,59.87515640258789,26727400,0.0,0.0
2021-06-28,59.68266755955439,59.9755565481509,58.96299382500232,59.84166717529297,17660900,0.0,0.0
2021-06-29,58.69522449013487,59.91699487456919,58.226601982270424,58.31028366088867,28696900,0.0,0.0
2021-06-30,58.31026987548689,59.255884750871246,58.09269245491567,59.2056770324707,18502300,0.0,0.0
2021-07-01,59.48183372149106,59.5906192422123,58.9546271272615,59.423255920410156,12584800,0.0,0.0
2021-07-02,59.42326186645758,59.51531361801014,58.67011407398305,58.921165466308594,13222700,0.0,0.0
2021-07-06,58.67011255861562,58.73706044610688,56.78724631831217,57.080135345458984,24672200,0.0,0.0
2021-07-07,56.66171789114927,57.21402835954717,56.28514721506099,56.845821380615234,19342700,0.0,0.0
2021-07-08,55.56547379227374,56.184725764573756,55.0215334018946,55.84162902832031,24763600,0.0,0.0
2021-07-09,56.99646397470837,57.3395607872028,56.60315304527339,57.280982971191406,18872600,0.0,0.0
2021-07-12,56.62824441020908,58.23495533854017,56.318621615859826,58.10943603515625,19600600,0.0,0.0
2021-07-13,57.80817550255485,58.142908533770594,56.921132012157926,57.214027404785156,18962400,0.0,0.0
2021-07-14,58.56971028466691,59.230806529263454,56.444162030832274,57.04668045043945,36287800,0.0,0.0
2021-07-15,56.51947136304327,57.7747157500044,56.43578968081315,57.280982971191406,18897200,0.0,0.0
2021-07-16,57.498545851341035,57.540389874081725,55.582205807744415,55.98388671875,19289000,0.0,0.0
2021-07-19,54.77886176713275,55.28932830516607,53.85835053583594,54.46086883544922,33318600,0.0,0.0
2021-07-20,54.544549339064396,55.88347531797692,54.2098162482106,55.47343063354492,20577900,0.0,0.0
2021-07-21,56.07595113484132,57.11361801141723,56.00900323712598,56.81235885620117,23393200,0.0,0.0
2021-07-22,56.69520653054738,56.72868048135526,55.57385790874832,56.00900650024414,16524900,0.0,0.0
2021-07-23,56.485986148148406,56.703563586157344,55.66589050303893,55.82489013671875,13443300,0.0,0.0
2021-07-26,55.615677297036015,56.77049949044801,55.615677297036015,56.71192169189453,16434000,0.0,0.0
2021-07-27,56.134524594700096,57.23913928330321,55.88347318999384,56.887672424316406,17127700,0.0,0.0
2021-07-28,57.17218638179672,57.41486768255026,56.477616422864386,56.98808288574219,20275900,0.0,0.0
2021-07-29,57.49854414106972,58.226587977392576,57.24749916559727,57.58222579956055,22261700,0.0,0.0
2021-07-30,57.26186504477763,57.76771063633277,56.68857165910162,57.00894546508789,18078200,0.51,0.0
2021-08-02,57.28714870169399,58.27355487037112,57.02579657463136,57.10167694091797,16616700,0.0,0.0
2021-08-03,57.540083481396536,58.24826603680011,56.393496687925776,58.07122039794922,21041500,0.0,0.0
2021-08-04,57.430474150010255,58.383149949120664,57.27028727596954,57.7677001953125,14416300,0.0,0.0
2021-08-05,58.02906459520824,58.821553600210386,57.97847553757075,58.754112243652344,14361600,0.0,0.0
2021-08-06,59.673067155439256,60.28008441929916,59.504454107556164,59.91756057739258,23915400,0.0,0.0
2021-08-09,59.80797081618038,60.70163166855997,59.40329044156572,60.29695129394531,15619800,0.0,0.0
2021-08-10,60.381245497033866,61.83133417767254,60.17890215651972,61.52783203125,17920100,0.0,0.0
2021-08-11,61.79762701260257,62.67442257216981,61.48568580148462,62.64070510864258,18676100,0.0,0.0
2021-08-12,62.66600261284613,62.927354790140114,62.075844028013975,62.49738311767578,14181400,0.0,0.0
2021-08-13,62.55640337394547,62.910501126249564,61.47726424659878,61.637451171875,13362800,0.0,0.0
2021-08-16,61.04729305343597,61.114734418224614,59.85011716993036,60.78593444824219,15532800,0.0,0.0
2021-08-17,60.14518883144856,61.00513209925418,59.58876062772915,60.381256103515625,14623000,0.0,0.0
2021-08-18,60.027161975420064,60.92082919229386,59.7573772235013,59.959720611572266,13970600,0.0,0.0
2021-08-19,59.470735673546365,59.63934873691548,58.53491837784284,58.880577087402344,21047300,0.0,0.0
2021-08-20,58.77098286235448,59.26840236465599,58.349443745769946,59.22624588012695,14028800,0.0,0.0
2021-08-23,59.6562102641807,60.077749329070265,59.48759077891947,59.76580810546875,13079500,0.0,0.0
2021-08-24,59.97658369730278,60.86181839587574,59.88384457908366,60.735355377197266,12669300,0.0,0.0
2021-08-25,61.376100924710904,62.30348573974566,60.73535963541296,61.696468353271484,17766600,0.0,0.0
2021-08-26,61.94094782707737,62.303471660288025,60.93768284936469,61.07257843017578,14135600,0.0,0.0
2021-08-27,61.19060007752758,61.856632439932824,60.95453927711547,61.536258697509766,13669400,0.0,0.0
2021-08-30,61.544700088248476,61.55313267009157,60.04402212894335,60.423404693603516,12687400,0.0,0.0
2021-08-31,60.49085971314921,61.123168351265754,60.136768419526206,60.625755310058594,17285900,0.0,0.0
2021-09-01,61.005130493527126,61.005130493527126,60.03558941334143,60.119895935058594,15114800,0.0,0.0
2021-09-02,60.16204467158882,60.676322749724704,59.79108830514996,60.28007507324219,13533400,0.0,0.0
2021-09-03,60.38125054330576,60.47398964074836,59.5634638288619,60.001861572265625,13683300,0.0,0.0
2021-09-07,60.162057714780175,60.93768807442385,59.61405562705389,59.70679473876953,14663600,0.0,0.0
2021-09-08,59.74895460332882,60.04403068814673,58.9143025506173,59.049198150634766,14861800,0.0,0.0
2021-09-09,58.99017569745727,59.94285163505675,58.939593069743715,59.403282165527344,14212900,0.0,0.0
2021-09-10,59.799521599687566,59.850104220378654,58.61077855605056,58.65293502807617,15422800,0.0,0.0
2021-09-13,59.11663136936156,59.57189425886428,58.81312277635975,59.453857421875,16337300,0.0,0.0
2021-09-14,59.72365849177568,60.17892150605327,57.76771726312554,57.98691940307617,26568900,0.0,0.0
2021-09-15,58.020640374714915,59.74895322505707,57.85202731075884,59.39485549926758,22392100,0.0,0.0
2021-09-16,59.88383416394104,60.01029716062476,59.00703220102254,59.015464782714844,19245400,0.0,0.0
2021-09-17,58.82157498394182,59.50447283681666,58.72884228094098,58.98176193237305,30768300,0.0,0.0
2021-09-20,57.371471061771906,57.472636323851916,55.61786695439187,56.73916244506836,36955400,0.0,0.0
2021-09-21,57.03423840399668,57.110112350411555,56.08155597339313,56.43565368652344,21169900,0.0,0.0
2021-09-22,57.236585865681626,58.31572507171856,57.152279321243185,57.53166198730469,21160200,0.0,0.0
2021-09-23,58.34943119235403,60.18734160253785,58.17238557333965,59.75736999511719,21451500,0.0,0.0
2021-09-24,59.61405194470393,60.347532210554554,59.61405194470393,60.01029968261719,15788400,0.0,0.0
2021-09-27,60.575176018323184,61.21591734266774,60.490869472740854,60.920841217041016,19857500,0.0,0.0
2021-09-28,61.097878822864644,61.780770113718376,60.06088979584947,60.170494079589844,20835000,0.0,0.0
2021-09-29,60.440265902772786,60.549863730860935,59.841681274583856,60.30537033081055,13683900,0.0,0.0
2021-09-30,60.38968952341045,60.448704740487905,58.97331788137525,59.16722869873047,22090900,0.0,0.0
2021-10-01,59.38642368684711,60.43183873449503,59.091341204792236,60.01029968261719,23701900,0.0,0.0
2021-10-04,59.92599315791641,61.52784284146699,59.73208236389785,60.1030387878418,18957200,0.0,0.0
2021-10-05,60.499293008891975,61.48569295225474,60.13676912814632,61.148460388183594,15587200,0.0,0.0
2021-10-06,60.63416703240044,61.21589289933818,59.87539556078046,61.05570602416992,15997200,0.0,0.0
2021-10-07,61.55312483051355,61.83976825491792,60.74377074539156,60.86180114746094,15349900,0.0,0.0
2021-10-08,60.57514986468631,61.38450393075268,60.28850644703074,60.99668884277344,11960700,0.0,0.0
2021-10-11,61.291771959576764,62.15171517676807,60.37281996806115,60.43183517456055,14985500,0.0,0.0
2021-10-12,60.313813917143854,60.65104647640704,59.38642920330214,59.5550422668457,17593400,0.0,0.0
2021-10-13,59.47916981188652,59.50446112883571,57.953193890131146,59.234676361083984,23451900,0.0,0.0
2021-10-14,59.91756586951737,60.086178932292945,58.779411615342106,59.689937591552734,24707900,0.0,0.0
2021-10-15,60.549869659902015,61.730180301448016,60.2885175038522,60.94611740112305,21884500,0.0,0.0
2021-10-18,60.76062927429739,61.165309531610546,60.19576857594682,60.3728141784668,15026100,0.0,0.0
2021-10-19,60.91239696304177,61.123166502706276,60.077751386979585,60.499290466308594,15173900,0.0,0.0
2021-10-20,60.33067502975637,60.93769237393251,59.69836636826896,60.54987716674805,14350400,0.0,0.0
2021-10-21,60.077762378476066,60.558316759543686,59.02391448734734,59.44545364379883,18519000,0.0,0.0
2021-10-22,59.66464200855243,60.60889191802249,59.58876805720258,60.170494079589844,14625100,0.0,0.0
2021-10-25,60.34752995925745,60.57515820862248,59.61404972076971,59.7152214050293,15103000,0.0,0.0
2021-10-26,59.85854498108418,60.37282313563654,59.529745037311415,59.56346893310547,18647900,0.0,0.0
2021-10-27,59.445448272520125,59.61406134699462,58.4337505291437,59.27682876586914,25475900,0.0,0.0
2021-10-28,59.67306347637345,60.128326396199725,59.251524450479685,59.75736999511719,16367800,0.0,0.0
2021-10-29,59.85079821390354,59.961190367877734,58.56852198158832,58.7298698425293,22403000,0.51,0.0
2021-11-01,59.383735682909155,59.383735682909155,58.61946494797749,59.111995697021484,19106600,0.0,0.0
2021-11-02,59.044055911820024,59.12897343807864,58.203361387913375,58.254310607910156,25539000,0.0,0.0
2021-11-03,57.99955735553184,59.086517228118986,57.82122213003037,58.59398651123047,21755600,0.0,0.0
2021-11-04,58.38169019613693,58.39867110988916,56.487997612561045,56.89561080932617,32148900,0.0,0.0
2021-11-05,57.59194709859381,57.736307546792155,56.853150985614654,56.88711929321289,20902600,0.0,0.0
2021-11-08,57.651398264091945,58.610978795537086,57.209823159733006,58.1269416809082,25122000,0.0,0.0
2021-11-09,57.557976488154594,57.9570959879752,57.26925560330936,57.736305236816406,18513000,0.0,0.0
2021-11-10,57.84670620235074,58.11844618451431,57.4985359083453,57.92313003540039,19290200,0.0,0.0
2021-11-11,57.96559145368343,58.746843084657456,57.88916114261414,58.48359680175781,20296200,0.0,0.0
2021-11-12,58.59399659567521,58.738357061362926,57.99956733767107,58.7298698425293,13867400,0.0,0.0
2021-11-15,58.95914529134911,59.16294867399934,58.20336820517815,58.37320327758789,12965100,0.0,0.0
2021-11-16,58.407162380546765,58.407162380546765,57.15036749373282,57.52400588989258,19042800,0.0,0.0
2021-11-17,57.456073431725564,57.481548039660126,56.70029001651536,56.768226623535156,16468300,0.0,0.0
2021-11-18,56.64934472145235,57.02298960713044,56.21625692021564,56.98902130126953,14994700,0.0,0.0
2021-11-19,56.14832427259118,56.403076836950646,55.3925473177124,56.335140228271484,19766900,0.0,0.0
2021-11-22,57.710836185549724,57.83821572651793,56.72578112490024,56.92958450317383,24020500,0.0,0.0
2021-11-23,57.37964707553104,58.05900023487,56.9890212764883,57.80424118041992,18142200,0.0,0.0
2021-11-24,57.74479357316485,57.79574278839853,57.09092155543103,57.13337707519531,14975500,0.0,0.0
2021-11-26,55.20572956103986,55.82563335108721,54.18670302027688,55.621829986572266,24542000,0.0,0.0
2021-11-29,56.03793897965536,56.29269808334287,54.73868180419395,55.2312126159668,24340700,0.0,0.0
2021-11-30,54.61978804491478,55.03588847384103,53.80456810141362,54.093292236328125,35574000,0.0,0.0
2021-12-01,54.908513058693295,55.27365777128342,53.07426340557645,53.09124755859375,27379200,0.0,0.0
2021-12-02,53.787583219102736,54.57732530158745,53.29505248528632,54.186702728271484,24890700,0.0,0.0
2021-12-03,54.12725501159641,54.44994742102415,53.01481735030877,53.295047760009766,25458700,0.0,0.0
2021-12-06,53.44790505376916,53.982894535928246,52.768555130056974,53.09124755859375,25105500,0.0,0.0
2021-12-07,53.45639537515499,53.79606869586877,52.92140592677098,53.413936614990234,28301200,0.0,0.0
2021-12-08,53.515845058356796,53.63473089761843,52.94688723409529,53.04029846191406,20697200,0.0,0.0
2021-12-09,52.539277280905594,53.074266797252825,51.673104858046884,52.768558502197266,29960500,0.0,0.0
2021-12-10,52.37792806228187,52.870455530289775,51.12112992395632,51.55421447753906,39726500,0.0,0.0
2021-12-13,51.36740222133707,51.690091446294936,50.764476060186716,51.10415267944336,20489500,0.0,0.0
2021-12-14,51.33343306961065,52.07222597907111,51.27399014812511,51.49477767944336,19571100,0.0,0.0
2021-12-15,51.7495271025662,51.808970016680234,50.5606655808895,51.15509796142578,33861300,0.0,0.0
2021-12-16,51.885402742960906,52.573246417676486,51.647631060568656,51.859928131103516,25688300,0.0,0.0
2021-12-17,51.18057983764541,51.37589276023776,50.06814198524932,50.560672760009766,47383500,0.0,0.0
2021-12-20,49.762432130311005,49.87282751422572,48.90475338908681,49.490692138671875,31619600,0.0,0.0
2021-12-21,49.8813208929907,50.832410857661756,49.80489381836737,50.424800872802734,23175100,0.0,0.0
2021-12-22,50.36535591319583,50.90034217450151,50.187023920031194,50.61161804199219,14760600,0.0,0.0
2021-12-23,50.94279660060676,51.61365275157602,50.90882829844752,51.129615783691406,15223300,0.0,0.0
2021-12-27,51.29096453289581,51.74952366281032,50.95128798391148,51.50326156616211,14035400,0.0,0.0
2021-12-28,51.324929081554544,52.080709233495405,51.21453695772803,51.477783203125,12697900,0.0,0.0
2021-12-29,51.63913992551001,51.78350037666934,51.180577481716554,51.40985870361328,13284000,0.0,0.0
2021-12-30,51.47779281929133,51.85992819460121,51.282479902887665,51.31644821166992,11380500,0.0,0.0
2021-12-31,51.31643900581356,51.59666940450503,51.05318951907072,51.282470703125,12307200,0.0,0.0
2022-01-03,51.953338462723046,54.016866211817174,51.89389554315211,53.583778381347656,30508500,0.0,0.0
2022-01-04,54.39899802498837,54.96795908477116,53.95742297913708,53.999881744384766,30303600,0.0,0.0
2022-01-05,54.4329682139755,54.6962209900383,53.31203992784094,53.371482849121094,25149100,0.0,0.0
2022-01-06,54.53487705513275,55.46048924989314,53.931950862684516,55.120819091796875,33334200,0.0,0.0
2022-01-07,55.35008843096871,56.513478624570226,55.35008843096871,55.85960006713867,26548200,0.0,0.0
2022-01-10,56.437054462227806,56.87863601278075,55.38406276895893,56.071903228759766,28693700,0.0,0.0
2022-01-11,56.369111057193784,57.133381742084474,56.19078231051793,56.98902130126953,23453000,0.0,0.0
2022-01-12,57.55797114558623,58.296767160431315,56.82766882621054,57.13337707519531,27976200,0.0,0.0
2022-01-13,57.34568251742146,58.11844694864212,56.912594688069305,57.557979583740234,29222000,0.0,0.0
2022-01-14,55.50294861984036,56.96355355385606,55.26517692896203,56.83617401123047,35994400,0.0,0.0
2022-01-18,56.63236311425531,56.759736161183724,55.28215050768788,55.45199203491211,26353600,0.0,0.0
2022-01-19,55.75770155989148,55.75770155989148,54.32257139681177,54.551849365234375,22817100,0.0,0.0
2022-01-20,54.59430230140459,55.579357102720806,54.0932812059067,54.73866271972656,22794100,0.0,0.0
2022-01-21,54.33955837058842,54.73018095468761,53.28656349921388,53.72814178466797,28637900,0.0,0.0
2022-01-24,52.23356641473613,53.329020004964555,50.976768227568606,53.244102478027344,38601700,0.0,0.0
2022-01-25,52.62419361735081,54.738670414327565,51.91087540212345,54.44145584106445,34371100,0.0,0.0
2022-01-26,54.94247757087904,55.859602442255756,54.237653002895335,54.98493957519531,31803400,0.0,0.0
2022-01-27,55.384052979997136,55.91903918986365,54.26312486494954,54.47542190551758,24674000,0.0,0.0
2022-01-28,54.02535606228923,54.95097139300558,53.3544998004679,54.933990478515625,20953500,0.0,0.0
2022-01-31,54.35654520817462,55.409536892139556,54.00837489336141,55.29914474487305,23067400,0.0,0.0
2022-02-01,55.57087087971718,56.63235599597833,55.2311943467554,56.52195739746094,26868400,0.0,0.0
2022-02-02,56.34363580334854,56.725774380821036,55.689763739679144,56.241737365722656,18194200,0.0,0.0
2022-02-03,56.26721420454414,56.369112646207434,55.22270982595089,55.418025970458984,18219100,0.0,0.0
2022-02-04,55.66622287330752,57.05274551594599,55.49504361073544,56.55633544921875,23267900,0.51,0.0
2022-02-07,56.56488817958122,57.16400578970756,56.05992405901261,56.79597854614258,20081600,0.0,0.0
2022-02-08,57.39509223498128,58.173943204596995,57.001389717198656,57.446449279785156,23191000,0.0,0.0
2022-02-09,57.69466232393438,58.3622452306226,57.46357191480554,58.06268310546875,20902700,0.0,0.0
2022-02-10,58.156832359181024,58.670363719649266,57.53204588300583,57.771690368652344,22522300,0.0,0.0
2022-02-11,57.557700916379446,59.14963190277199,57.00137982460654,57.47211456298828,27226700,0.0,0.0
2022-02-14,57.23248151597941,57.53203707718776,56.33380830253285,56.881568908691406,24544000,0.0,0.0
2022-02-15,57.48069343282216,57.75457376864419,56.94148682836276,57.34375,15487600,0.0,0.0
2022-02-16,56.95003542182895,57.711765149338724,56.85588846406294,57.300941467285156,13067400,0.0,0.0
2022-02-17,56.770315792459044,57.035635539337434,54.955854431356,55.383792877197266,23150000,0.0,0.0
2022-02-18,54.87026361338728,55.6063182031301,54.519354246755356,54.895938873291016,18114800,0.0,0.0
2022-02-22,53.98014620252483,55.08422799035574,53.98014620252483,54.68196487426758,19057000,0.0,0.0
2022-02-23,55.13558149259439,55.426582998010346,53.95447386781861,54.1085319519043,17563500,0.0,0.0
2022-02-24,51.77198583874286,52.25983532311528,49.95752478520296,51.92604064941406,46453500,0.0,0.0
2022-02-25,52.473809122161605,53.826092802909514,52.21704346368189,53.047245025634766,30518900,0.0,0.0
2022-02-28,51.292687299060084,51.712065024332134,49.98319708456328,50.693572998046875,48212900,0.0,0.0
2022-03-01,49.9746484105505,50.77061413685095,49.57238524900417,50.14582443237305,51389000,0.0,0.0
2022-03-02,48.759299882166246,51.2327831870593,47.86918727147006,50.97602081298828,60206500,0.0,0.0
2022-03-03,50.282758233393935,50.48817008656763,48.77641661479252,49.315616607666016,54027300,0.0,0.0
2022-03-04,47.852070304933605,48.49397788544957,47.235837982866826,48.43406677246094,54263000,0.0,0.0
2022-03-07,47.09889663886608,48.16018524838173,46.277255740156946,47.54395294189453,49710700,0.0,0.0
2022-03-08,48.40838981092075,49.03317944218581,46.867809059954105,46.96195602416992,43858100,0.0,0.0
2022-03-09,48.69939036124008,49.02462118872932,47.76648453520866,47.88630676269531,32757100,0.0,0.0
2022-03-10,47.090346074393885,47.389901674807305,46.17455807894579,46.970523834228516,31942500,0.0,0.0
2022-03-11,47.38990411211813,47.66378446512811,46.27726476990117,46.35429382324219,20550900,0.0,0.0
2022-03-14,46.81646298163297,47.304312510702076,46.071851058039734,46.41419982910156,25046000,0.0,0.0
2022-03-15,46.61104486016322,47.60386171353192,46.516897899642906,47.16736602783203,20747100,0.0,0.0
2022-03-16,47.946213448410184,49.24714643295317,47.90342026610434,48.61379623413086,31659800,0.0,0.0
2022-03-17,47.68089339236626,49.041737567833486,47.09889693588274,49.033180236816406,21432300,0.0,0.0
2022-03-18,48.73361296802692,49.32416991810582,48.553879663616016,49.08452224731445,30900500,0.0,0.0
2022-03-21,49.49535766258895,49.49535766258895,48.57100913739839,48.767860412597656,21661200,0.0,0.0
2022-03-22,49.4867899782242,49.85481721629267,49.05029430267649,49.21290969848633,23407400,0.0,0.0
2022-03-23,48.88768616880601,49.212920295367915,47.92910498331484,48.228660583496094,23070200,0.0,0.0
2022-03-24,48.451185267869285,48.47686052661954,48.10027591700223,48.28856658935547,16770200,0.0,0.0
2022-03-25,48.382713802044634,48.98182820688903,48.305684760494486,48.56245040893555,21206300,0.0,0.0
2022-03-28,48.10027393048118,48.168742372624415,46.84213406510614,47.860626220703125,25546300,0.0,0.0
2022-03-29,49.02462179266608,49.12732935884347,48.04036543696433,48.331363677978516,21463500,0.0,0.0
2022-03-30,47.9376596197182,48.31424751295276,46.6880802365022,47.047550201416016,32222400,0.0,0.0
2022-03-31,46.65383971487778,46.95339853317115,45.66958342168413,45.703819274902344,29202400,0.0,0.0
2022-04-01,45.763735416031004,45.994822553289566,44.30874414342768,44.78803634643555,40073100,0.0,0.0
2022-04-04,44.71956079251204,45.361468363696424,44.2145933725839,45.19029235839844,29296200,0.0,0.0
2022-04-05,44.55695395565958,44.916420697524835,44.00918998033752,44.14613342285156,23065500,0.0,0.0
2022-04-06,43.658272236607054,43.72674394479251,43.13619015379132,43.24745178222656,25196600,0.0,0.0
2022-04-07,43.27312444186492,43.3159176212271,41.97219154681074,42.81950759887695,28689900,0.0,0.0
2022-04-08,42.65689220353121,43.90647132417594,42.64833487362446,43.54700469970703,26853300,0.0,0.0
2022-04-11,43.46997634914038,44.71955548928153,43.119067049103194,43.264564514160156,20895700,0.0,0.0
2022-04-12,43.30736540185263,43.752421736093815,42.83663380801072,43.0848388671875,18755500,0.0,0.0
2022-04-13,42.17760698265967,42.947897396267834,42.109138537511626,42.92222213745117,21194200,0.0,0.0
2022-04-14,43.35871468119961,44.42000325488279,43.0334806121,43.58980178833008,34043100,0.0,0.0
2022-04-18,43.512779768645785,45.541207016197205,43.4614259815885,44.77091979980469,28396300,0.0,0.0
2022-04-19,45.130387649869576,45.515532900210935,44.933536358564254,45.29300308227539,19996800,0.0,0.0
2022-04-20,45.70382913566898,46.200236054792015,45.26733007523717,45.44706344604492,20532800,0.0,0.0
2022-04-21,45.823647612346164,46.020498897258676,44.950652828226936,45.0447998046875,15952900,0.0,0.0
2022-04-22,44.88218313385788,45.01912330626441,43.7952190869824,43.84657287597656,23073900,0.0,0.0
2022-04-25,43.46142366890052,43.8551294855674,42.519960477325725,43.760982513427734,22079300,0.0,0.0
2022-04-26,43.24745453086465,44.16324246412914,42.9821348070602,42.990692138671875,18335800,0.0,0.0
2022-04-27,42.58843630796219,43.32449101966254,42.4001455959518,42.45149612426758,24707500,0.0,0.0
2022-04-28,42.71681188986382,42.81951619393069,41.94652144708488,42.81095886230469,20112100,0.0,0.0
2022-04-29,42.940657094278805,43.15683035860734,41.54850074423627,41.686851501464844,21844900,0.51,0.0
2022-05-02,41.903035967434164,42.248914602237996,41.315044267393525,42.11920928955078,25904000,0.0,0.0
2022-05-03,42.65531797095118,43.935063536077244,42.43914466673645,43.321128845214844,25374500,0.0,0.0
2022-05-04,43.38165286545246,45.30992145325497,43.269245133200805,45.16292190551758,26643600,0.0,0.0
2022-05-05,44.47981649215532,45.076456904135306,43.831296599859,44.367408752441406,25756000,0.0,0.0
2022-05-06,44.30687887475757,44.964044223589745,43.736181522322944,44.635459899902344,25912900,0.0,0.0
2022-05-09,44.09070219114536,44.289581206384234,42.88013054351305,43.1395378112793,28888400,0.0,0.0
2022-05-10,43.7015949485513,43.83129694891783,41.21127761870933,42.15379333496094,31054700,0.0,0.0
2022-05-11,42.32671633501657,43.182760422839564,41.12479378231991,41.21126174926758,30179000,0.0,0.0
2022-05-12,40.86539530623066,40.98645511352903,39.257068877490546,40.26011276245117,36301500,0.0,0.0
2022-05-13,40.4762838225951,41.37556210913438,40.4762838225951,41.19397735595703,21739400,0.0,0.0
2022-05-16,41.15074491984822,41.56579721362589,40.64057585693647,41.038333892822266,16919100,0.0,0.0
2022-05-17,43.096311532596204,44.626818974552144,42.975255005866856,44.1425895690918,46643400,0.0,0.0
2022-05-18,43.86588081162406,44.15123111951457,42.37860761580244,42.646663665771484,32181600,0.0,0.0
2022-05-19,42.075966785788964,43.49406296466168,42.01543853170604,43.0444221496582,27279400,0.0,0.0
2022-05-20,43.459478096649796,43.86588494978721,41.94626502046565,43.01848602294922,29025500,0.0,0.0
2022-05-23,44.40199388217523,46.3475535550785,44.22905788341802,45.629859924316406,35166800,0.0,0.0
2022-05-24,45.3704477125539,45.83737947657442,44.52304887598181,45.552032470703125,24344800,0.0,0.0
2022-05-25,45.448264189349366,45.932490146795644,44.98132918877594,45.56932067871094,23507900,0.0,0.0
2022-05-26,46.226494081288074,46.90960244775349,45.97573228116139,46.7712516784668,19140700,0.0,0.0
2022-05-27,46.693429592902355,46.693429592902355,45.86332496956764,46.364845275878906,19509300,0.0,0.0
2022-05-31,45.854685119727556,46.57238214948251,45.344515935487046,46.18326950073242,25805400,0.0,0.0
2022-06-01,46.26108716033612,46.468614984003025,44.730579768739105,45.30127716064453,23902000,0.0,0.0
2022-06-02,45.30991765509571,45.396385641662924,44.618160568388944,45.33585739135742,17473600,0.0,0.0
2022-06-03,45.024571856113155,45.249393921295834,44.28958400130324,44.384700775146484,16550000,0.0,0.0
2022-06-06,44.79110769683826,45.45692186553099,44.41928935200281,44.44523239135742,18473200,0.0,0.0
2022-06-07,44.12528902840585,45.16292143611999,43.95235304257224,45.05051040649414,15528800,0.0,0.0
2022-06-08,44.70463831058517,45.05916238438542,44.151235200120645,44.45387649536133,13207700,0.0,0.0
2022-06-09,44.566285314774134,44.61816479220878,43.200068567590584,43.208717346191406,14272900,0.0,0.0
2022-06-10,42.12784699645089,42.49966527664368,40.96050938472622,41.2545051574707,28910800,0.0,0.0
2022-06-13,40.34657725126942,40.649218496878774,39.257065468533554,39.5078239440918,30308400,0.0,0.0
2022-06-14,39.94017771568789,40.407112835281616,39.38677459552175,39.74129867553711,25223600,0.0,0.0
2022-06-15,40.182295097967774,41.66091971652971,40.1650008376957,41.14210510253906,30001500,0.0,0.0
2022-06-16,40.467633427431004,40.804863183723754,39.74129114520733,40.54545593261719,24744900,0.0,0.0
2022-06-17,40.74433559830468,40.89133513206791,39.76723482661367,40.225521087646484,35111400,0.0,0.0
2022-06-21,41.47068786621094,41.79927222787611,41.09022402012806,41.47068786621094,20289700,0.0,0.0
2022-06-22,40.92592956052416,41.496626924144834,40.58869645146144,40.81351852416992,19752800,0.0,0.0
2022-06-23,40.528162512364965,40.56275102617081,39.42135645891566,40.078521728515625,24137200,0.0,0.0
2022-06-24,39.395426276737496,41.73009544960209,39.36948323582047,41.384220123291016,27322600,0.0,0.0
2022-06-27,41.557155402687776,41.85115121571921,40.856752739675116,41.3582763671875,21198200,0.0,0.0
2022-06-28,41.85114958290959,42.46508092487672,40.58869508294494,40.82216262817383,21643600,0.0,0.0
2022-06-29,40.865393914083704,41.332328973557374,40.32063964324011,40.72704315185547,20981000,0.0,0.0
2022-06-30,39.96612147537766,40.38981930378267,39.13601348161686,39.767242431640625,21207900,0.0,0.0
2022-07-01,39.55106310026991,40.67516344938489,39.20518454736883,40.52816390991211,16539600,0.0,0.0
2022-07-05,39.50782912225417,40.33793705916058,38.85066377485183,40.303348541259766,19156800,0.0,0.0
2022-07-06,40.035295877406064,40.36388022830053,39.30895343247998,39.90559387207031,14952800,0.0,0.0
2022-07-07,40.5627571625999,40.89998697686826,40.30334986689675,40.58005142211914,15598900,0.0,0.0
2022-07-08,40.86539573423878,41.1248063111955,40.277407442486414,40.48493194580078,11789900,0.0,0.0
2022-07-11,40.13905695863606,40.46764129984838,39.85370991647118,39.94017791748047,12778200,0.0,0.0
2022-07-12,39.4127174368198,40.58005193140556,39.34354039787465,39.88829803466797,16966700,0.0,0.0
2022-07-13,39.51647565809877,39.585649391431566,38.61719403497537,39.343536376953125,21793600,0.0,0.0
2022-07-14,38.461544890180456,38.461544890180456,37.56226336342591,38.16754913330078,27337600,0.0,0.0
2022-07-15,40.6405763658055,43.770764515494804,39.940173755855696,43.21736145019531,86566200,0.0,0.0
2022-07-18,43.80535803133525,44.531700462075875,43.00119307949589,43.295188903808594,26042500,0.0,0.0
2022-07-19,43.99559518762809,45.31857485583595,43.952361183162154,45.07646179199219,28113600,0.0,0.0
2022-07-20,44.53169787918109,45.35315704345703,44.48846388075449,45.35315704345703,24546500,0.0,0.0
2022-07-21,45.05916411241589,45.50880498154783,44.782462546572056,45.47421646118164,18261900,0.0,0.0
2022-07-22,45.41368234736866,45.846028900601176,44.52304950324326,44.8862190246582,14903400,0.0,0.0
2022-07-25,45.335853979018935,45.95843399077778,45.024563973139514,45.102386474609375,16794700,0.0,0.0
2022-07-26,44.765167956026474,45.655800908354614,44.30688160945652,44.44523239135742,18960800,0.0,0.0
2022-07-27,44.7046331451321,45.57797170944615,44.376048849306954,45.26668167114258,17087300,0.0,0.0
2022-07-28,45.041865394758865,45.586622991715615,44.36740580707885,45.16292190551758,12729200,0.0,0.0
2022-07-29,45.16292288287857,45.62572824700186,44.97081348747552,45.32010269165039,16783500,0.51,0.0
2022-08-01,44.96208495978618,45.5908008946159,44.65645605838819,45.33756637573242,13051800,0.0,0.0
2022-08-02,45.19784541847012,45.494740218262464,44.298430288688216,44.315895080566406,17378500,0.0,0.0
2022-08-03,44.743773694910864,45.215309746511004,44.385753792751785,45.066864013671875,13570600,0.0,0.0
2022-08-04,45.0232028227603,45.18911334406598,44.59532376214158,44.761234283447266,10152200,0.0,0.0
2022-08-05,44.638987627565655,45.70431666775494,44.45561230030742,45.11052703857422,13868800,0.0,0.0
2022-08-08,45.38122806732765,45.5471386081903,44.892223844845304,44.944618225097656,11594400,0.0,0.0
2022-08-09,45.09306199811178,45.5034762977797,44.900952610000225,45.48601150512695,9739300,0.0,0.0
2022-08-10,46.114734993337024,47.50315449284947,46.053609878917584,46.446556091308594,32416200,0.0,0.0
2022-08-11,47.066552788172785,47.56428785248082,46.935568473957204,47.153873443603516,13450300,0.0,0.0
2022-08-12,47.31104645385421,47.50315586533378,46.83077625622429,47.48569107055664,15493600,0.0,0.0
2022-08-15,46.93555867218903,47.31977413934405,46.69105822318755,47.214988708496094,11595200,0.0,0.0
2022-08-16,46.98794864634391,47.642863357092274,46.92682353982621,47.311038970947266,14708000,0.0,0.0
2022-08-17,46.647387745238134,47.17132148492162,46.54260232972876,46.94428253173828,13370800,0.0,0.0
2022-08-18,46.80457416727113,46.90936292869967,46.31557327154635,46.76091384887695,10573300,0.0,0.0
2022-08-19,46.41162962951945,46.63866529192522,45.730515980164355,45.94009017944336,14798800,0.0,0.0
2022-08-22,45.02321705522538,45.20659242585733,44.525482002899004,44.75251770019531,16749600,0.0,0.0
2022-08-23,44.76123933441439,45.12799333219704,44.411953461029995,44.490543365478516,11126100,0.0,0.0
2022-08-24,44.47307476675526,44.78743435765075,44.211109551365155,44.542930603027344,11159300,0.0,0.0
2022-08-25,44.71758103352817,45.62573034121169,44.59533080577633,45.45981979370117,12569000,0.0,0.0
2022-08-26,45.65192514932032,45.70431953084855,43.44268035978006,43.468875885009766,20049700,0.0,0.0
2022-08-29,43.372831856592725,43.41649551747774,42.813971640388836,43.11086654663086,15103100,0.0,0.0
2022-08-30,43.52126567999889,43.52126567999889,42.52579585335303,42.85762023925781,16735500,0.0,0.0
2022-08-31,43.032263850512564,43.268033558833395,42.49959932405462,42.62185287475586,16582100,0.0,0.0
2022-09-01,42.58692280056958,42.58692280056958,41.74863273464143,42.5694580078125,14470900,0.0,0.0
2022-09-02,43.05845885631846,43.79196343961174,42.45593521189319,42.64804458618164,15568100,0.0,0.0
2022-09-06,42.76157377176014,42.875089945000674,41.582725067934796,42.106658935546875,15544500,0.0,0.0
2022-09-07,41.68751088572886,42.56073060546197,41.56525732686837,42.46467590332031,15413900,0.0,0.0
2022-09-08,42.26383603112688,43.61732593894169,42.0193322429497,43.573665618896484,18088800,0.0,0.0
2022-09-09,43.93168405215381,44.54293517376426,43.87928967127201,44.24604034423828,18711800,0.0,0.0
2022-09-12,44.761236117535,45.09306050481119,44.27223526372638,44.42068099975586,13506500,0.0,0.0
2022-09-13,43.57366068432124,43.835625905994675,42.412276982442044,42.78776168823242,22148200,0.0,0.0
2022-09-14,42.901289774989564,43.233110901147946,41.65258519251635,42.290035247802734,25701700,0.0,0.0
2022-09-15,42.22889981086385,43.006064711253636,42.159040644907364,42.29875564575195,16556900,0.0,0.0
2022-09-16,41.905808000180556,42.12411288939972,41.45173343087651,42.01059341430664,19995600,0.0,0.0
2022-09-19,41.46920028991466,42.33368582893837,41.425536645038605,42.124114990234375,14716100,0.0,0.0
2022-09-20,41.757363227903156,41.8883475073017,40.91907316674454,41.25962829589844,16650200,0.0,0.0
2022-09-21,41.25963657702526,41.67878169173022,40.43881114377837,40.456275939941406,18641800,0.0,0.0
2022-09-22,40.70077643466404,40.92781212270393,39.722771166764936,39.801361083984375,18443100,0.0,0.0
2022-09-23,39.27743156597074,39.390951088166474,37.810421835226066,38.648712158203125,30918000,0.0,0.0
2022-09-26,38.15096591305052,38.57884501399185,37.181694884309536,37.53971481323242,23684400,0.0,0.0
2022-09-27,37.74928205652481,37.888997056129654,36.74508153782391,37.19042205810547,21255500,0.0,0.0
2022-09-28,37.19042645289503,38.08984166094322,37.06817623017805,37.897735595703125,19818100,0.0,0.0
2022-09-29,37.46112144058873,37.618301232003546,36.68395321367397,37.015777587890625,20982200,0.0,0.0
2022-09-30,37.01577742087919,37.522246375612546,36.33466721520032,36.38705825805664,22266400,0.0,0.0
2022-10-03,36.28227289059435,37.47858278275267,35.85439716170055,37.16422653198242,22001000,0.0,0.0
2022-10-04,38.0461775648922,39.076576955569216,37.95885693764231,38.77968215942383,20660000,0.0,0.0
2022-10-05,38.21210415236723,38.42167840936174,37.64451317450718,38.28196334838867,15458500,0.0,0.0
2022-10-06,37.91519781646205,38.24702223552342,37.36507180323126,37.6008415222168,17738400,0.0,0.0
2022-10-07,37.28648083254504,37.365070736630166,36.62283201336642,36.84113693237305,18101300,0.0,0.0
2022-10-10,37.10310753076409,37.20789296492315,36.264814064284934,36.3259391784668,13768800,0.0,0.0
2022-10-11,36.037775226027485,36.291009723076066,35.29553652754735,35.32173538208008,20176100,0.0,0.0
2022-10-12,35.26933917880271,36.116363258372246,34.97244438098946,35.662288665771484,20862200,0.0,0.0
2022-10-13,35.103429657113054,37.70562374476991,34.93751579616774,37.504783630371094,27964900,0.0,0.0
2022-10-14,37.62704403314646,38.788424718880165,37.37380947339803,37.74929428100586,28885100,0.0,0.0
2022-10-17,38.69236749640898,38.79715293147467,37.71435899889941,38.06364822387695,20835400,0.0,0.0
2022-10-18,38.997991025645824,39.251225533926274,38.11604060886024,38.552650451660156,21302100,0.0,0.0
2022-10-19,38.273223691660974,38.50899009559383,37.452394985120556,37.84534454345703,15142800,0.0,0.0
2022-10-20,37.88900243115199,38.36927260223409,37.30394682826824,37.47858810424805,15421600,0.0,0.0
2022-10-21,37.496062131342256,38.7011065525403,37.26902641802042,38.648712158203125,18783600,0.0,0.0
2022-10-24,38.70109226247157,39.00671778891458,38.39546673602856,38.77968215942383,14392300,0.0,0.0
2022-10-25,38.46532476652126,39.810083821741905,38.343074548968225,39.57431411743164,20085700,0.0,0.0
2022-10-26,39.7314905906514,40.15063558616524,39.486990176035405,39.65290069580078,16516200,0.0,0.0
2022-10-27,40.054588606618054,40.29035833653198,39.60051394134705,39.67910385131836,15687900,0.0,0.0
2022-10-28,39.783885133157014,40.41260096356304,39.321076492152464,40.281620025634766,13457900,0.0,0.0
2022-10-31,39.914868384544384,40.36021226009022,39.79261816963174,40.04585266113281,15600400,0.0,0.0
2022-11-01,40.430070074877435,40.587249882041036,40.16810483996099,40.36021423339844,15505200,0.0,0.0
2022-11-02,40.28162696941971,41.050057931386405,39.76642719686057,39.7751579284668,20306800,0.0,0.0
2022-11-03,39.434600600260694,39.65290552017601,38.867006476053376,38.92813491821289,16025800,0.0,0.0
2022-11-04,39.4051267956411,40.14711989288851,39.104796176050066,39.86445617675781,15204100,0.51,0.0
2022-11-07,40.17361989520767,40.50928433284816,39.93512174501186,40.39445114135742,11792300,0.0,0.0
2022-11-08,40.45628508627943,41.101111944042096,40.30612145087412,40.738948822021484,16737100,0.0,0.0
2022-11-09,40.39446014145028,40.50929335852645,39.882133288434865,40.067630767822266,13299000,0.0,0.0
2022-11-10,41.260103225700796,43.070918507044766,41.127606519036746,42.77058792114258,27915500,0.0,0.0
2022-11-11,42.84125804599785,44.66974033632983,42.788257338445796,44.334075927734375,26009200,0.0,0.0
2022-11-14,44.113247871647765,44.14858167922234,43.30059051513672,43.30059051513672,19631600,0.0,0.0
2022-11-15,44.016091954087166,44.537250535401604,42.832436169068885,43.30942916870117,19839400,0.0,0.0
2022-11-16,43.17691890936076,43.247583144010854,42.52325704835901,42.72642135620117,18052100,0.0,0.0
2022-11-17,42.116935027098535,42.62926175978355,41.869605112672474,42.62042999267578,11962700,0.0,0.0
2022-11-18,43.04442601561524,43.34475664460862,42.54093104489358,42.98259353637695,12884300,0.0,0.0
2022-11-21,42.9825968842105,43.31826134737501,42.646932421045996,43.17692947387695,9884100,0.0,0.0
2022-11-22,43.406590833722206,43.883587152022294,43.39775906617629,43.574424743652344,13132000,0.0,0.0
2022-11-23,43.5832512072531,43.69808438908032,42.26709560832692,42.611595153808594,22863300,0.0,0.0
2022-11-25,42.57626234019013,42.867757815164865,42.51442986460102,42.65576171875,6823600,0.0,0.0
2022-11-28,42.32010174582149,42.567431674151464,41.36611247253619,41.71944046020508,18987100,0.0,0.0
2022-11-29,41.719440929739434,42.31127045441237,41.701774024714524,42.019771575927734,12224700,0.0,0.0
2022-11-30,41.58694769969253,42.779435247577595,40.80078552313821,42.76176834106445,23993100,0.0,0.0
2022-12-01,42.646931374912896,42.99142759751278,41.82543882735121,42.20526885986328,19797600,0.0,0.0
2022-12-02,41.76360573885426,41.91377274399345,41.348445272071245,41.728275299072266,12745400,0.0,0.0
2022-12-05,41.463270764157954,41.62226952021859,40.08528603778872,40.31494903564453,20397500,0.0,0.0
2022-12-06,40.32378596009753,40.53578206450154,39.04296408819459,39.731956481933594,22160800,0.0,0.0
2022-12-07,39.43163120857157,40.14712573963678,39.14013568306797,39.4581298828125,20233400,0.0,0.0
2022-12-08,39.6171237924087,40.07645318389618,39.09596192222264,39.475791931152344,15622200,0.0,0.0
2022-12-09,39.39629490939588,39.91745681081227,39.35212933190993,39.62596130371094,14030600,0.0,0.0
2022-12-12,39.44046732182303,40.45628917172246,39.1843022324327,40.42979049682617,19045100,0.0,0.0
2022-12-13,41.37494886481149,42.26710575573484,40.84495513925952,41.154117584228516,25655400,0.0,0.0
2022-12-14,41.083445147819944,41.551609699192966,40.38562094377427,40.61528396606445,16587500,0.0,0.0
2022-12-15,39.82912717523529,39.97929081833946,38.98113592453275,39.413963317871094,20201900,0.0,0.0
2022-12-16,39.04296409256668,39.44929276740096,38.698467895658595,39.17546081542969,26955400,0.0,0.0
2022-12-19,39.184288550603775,39.29028658279586,38.40696178542289,38.80445861816406,18019100,0.0,0.0
2022-12-20,38.998797872284264,39.35212583035025,38.68963211815709,38.69846725463867,14412700,0.0,0.0
2022-12-21,39.05179394968858,39.65245516555313,39.016460144139565,39.581790924072266,22492300,0.0,0.0
2022-12-22,39.25496505344697,39.25496505344697,37.90347876926382,38.85747146606445,24476100,0.0,0.0
2022-12-23,38.86629950994153,39.18429704507075,38.76030145477093,39.09596252441406,15143800,0.0,0.0
2022-12-27,39.113633871946476,39.343300282127075,38.83980525084673,39.21080017089844,14777800,0.0,0.0
2022-12-28,39.246132769175084,39.634794583342654,39.0341332716906,39.413963317871094,12882200,0.0,0.0
2022-12-29,39.60828936046956,39.961620674647236,39.440458839524595,39.890953063964844,14124100,0.0,0.0
2022-12-30,39.68779248082283,39.99695488267402,39.537625478768355,39.952789306640625,11802800,0.0,0.0
2023-01-03,40.41211903438994,41.295444040606114,40.226621591792735,40.43861770629883,19564000,0.0,0.0
2023-01-04,41.109946884679495,41.99327189705533,40.933281208280825,41.48094177246094,21507200,0.0,0.0
2023-01-05,41.25127510104159,41.480938101301895,40.60644830343,41.295440673828125,12314900,0.0,0.0
2023-01-06,41.5692840620922,42.12577649773698,41.171787058332974,41.79011535644531,16736300,0.0,0.0
2023-01-09,42.30243711575801,42.68226716589969,41.93144220331324,41.9932746887207,16745500,0.0,0.0
2023-01-10,42.010940055286255,42.58509930869326,41.69294250220293,42.56743240356445,12429900,0.0,0.0
2023-01-11,42.58509759967571,43.0532621427568,42.275935196372856,43.02676010131836,17143700,0.0,0.0
2023-01-12,43.335931897006056,43.706926832529845,42.88543419573523,43.362430572509766,16287800,0.0,0.0
2023-01-13,42.85008927002846,44.369409171117205,42.16993206461434,44.095577239990234,28037000,0.0,0.0
2023-01-17,44.04258184029852,44.81990872733367,43.93658379149011,44.44007873535156,28193500,0.0,0.0
2023-01-18,44.378244628948735,44.59024071877678,43.49491972555867,43.662750244140625,18952000,0.0,0.0
2023-01-19,42.97376848858354,43.812924657919,42.814769697218985,43.60976028442383,14869100,0.0,0.0
2023-01-20,43.88358969883352,45.146744817111625,43.512591417640934,45.12907791137695,19957300,0.0,0.0
2023-01-23,45.093741083251714,46.18906557820265,44.943577448979184,45.91523361206055,18531200,0.0,0.0
2023-01-24,45.42056655883789,45.88873106591884,44.53724162347705,45.42056655883789,13303200,0.0,0.0
2023-01-25,44.917076187673395,45.87990060001399,44.917076187673395,45.84457015991211,20719000,0.0,0.0
2023-01-26,46.003567975718,46.16256337690828,45.50006962174841,46.100730895996094,22393300,0.0,0.0
2023-01-27,45.89756577048379,46.100730114266995,45.63256894683688,45.809234619140625,18294000,0.0,0.0
2023-01-30,45.43823469990576,45.968231697332854,45.3499035518099,45.712066650390625,11126200,0.0,0.0
2023-01-31,45.80923406552024,46.12723159790039,45.606069724192345,46.12723159790039,34823400,0.0,0.0
2023-02-01,45.52657039163706,46.58656104420847,45.411737200457324,46.065399169921875,22111900,0.0,0.0
2023-02-02,46.445229130280545,47.019388346307025,45.69440087446799,46.12723159790039,22331700,0.0,0.0
2023-02-03,45.51172209462243,45.97558168126451,45.07462252550853,45.44927978515625,20050600,0.51,0.0
2023-02-06,44.95866708415835,45.48496906107757,44.521567447930046,45.36900329589844,16152000,0.0,0.0
2023-02-07,45.27088061758552,46.17183654740013,45.128154824658914,45.60985565185547,14361000,0.0,0.0
2023-02-08,45.288718168930686,45.948823632702535,45.13707011189053,45.62769317626953,13242300,0.0,0.0
2023-02-09,45.8060969568437,45.90422156780382,44.47696377979573,44.584007263183594,16794900,0.0,0.0
2023-02-10,44.44128251658278,44.77133524969095,43.843619367363914,44.699974060058594,16519900,0.0,0.0
2023-02-13,44.59293294549913,45.56525345125884,44.53048722232993,45.49388885498047,11626900,0.0,0.0
2023-02-14,45.43145083209648,46.162920998884495,45.03895572399243,46.03803634643555,16283300,0.0,0.0
2023-02-15,45.351161204235176,46.27888050067644,45.324401183154535,46.22535705566406,9216600,0.0,0.0
2023-02-16,45.80609597220384,46.23427670225315,45.58308673494316,45.90422058105469,9398000,0.0,0.0
2023-02-17,45.72581212829278,46.020185952383606,45.42251943204051,45.86853790283203,12297700,0.0,0.0
2023-02-21,45.26196020346291,45.41360486453768,44.09339047419657,44.45912551879883,22899200,0.0,0.0
2023-02-22,44.50372437242323,45.03002632655609,44.039864734640794,44.63753128051758,14431500,0.0,0.0
2023-02-23,44.905147929885686,45.15491722997313,44.33424472805639,44.94083023071289,12550700,0.0,0.0
2023-02-24,44.601846106690196,44.90513879632972,44.289634545083686,44.762413024902344,14547300,0.0,0.0
2023-02-27,45.04786674001286,45.66337102093915,44.94974212939034,45.0211067199707,14190200,0.0,0.0
2023-02-28,45.03002686949088,45.377920751309574,44.82485877002989,45.21735382080078,12932400,0.0,0.0
2023-03-01,45.012187745505194,45.975589371881405,44.869461956729225,45.93990707397461,15966000,0.0,0.0
2023-03-02,45.65445875815552,45.89530918195687,45.012190961351926,45.8507080078125,18104500,0.0,0.0
2023-03-03,45.92206789361398,46.73382149011026,45.92206789361398,46.69813919067383,15879900,0.0,0.0
2023-03-06,46.70706047146375,46.78734394205891,46.39484546232645,46.54649353027344,12693300,0.0,0.0
2023-03-07,46.20751083745527,46.501884648448105,45.253031624658476,45.56524658203125,30953800,0.0,0.0
2023-03-08,45.54741006859053,45.73473702035806,44.86946004859697,45.20843505859375,12847700,0.0,0.0
2023-03-09,45.119233080163944,45.34224233009868,43.183511021247874,43.352996826171875,29460100,0.0,0.0
2023-03-10,42.88914652170995,44.04879410143172,42.041710574003105,43.12107467651367,29770800,0.0,0.0
2023-03-13,41.92573874372321,42.13982911966904,39.78484859566925,39.90973663330078,50709200,0.0,0.0
2023-03-14,42.11306542078338,42.80885658592364,41.533243419826064,42.282554626464844,42165900,0.0,0.0
2023-03-15,40.534156296268186,40.587679736331395,39.338826690996264,39.98109436035156,41832800,0.0,0.0
2023-03-16,39.838374108775305,41.113987349435824,38.982019366232244,40.69472885131836,28877300,0.0,0.0
2023-03-17,40.12383153221713,40.12383153221713,39.08906855025542,39.4726448059082,37130200,0.0,0.0
2023-03-20,39.8829683804791,40.80176868755284,39.169339551817956,39.32990646362305,31899900,0.0,0.0
2023-03-21,40.65012385566881,41.051541166863394,40.097061895162355,40.204105377197266,29835600,0.0,0.0
2023-03-22,40.30223175235684,40.41819751463759,38.96417625832866,38.990936279296875,21672000,0.0,0.0
2023-03-23,39.526162718674,40.007860137168954,38.45571758329948,38.759010314941406,24112600,0.0,0.0
2023-03-24,38.21486857463133,38.46463786766998,37.47447616619335,38.455718994140625,25453900,0.0,0.0
2023-03-27,39.30315117517465,40.1416647243911,39.142584244049,39.94541549682617,29335200,0.0,0.0
2023-03-28,39.8918987936154,40.34683620131157,39.68673067619545,40.33791732788086,16206000,0.0,0.0
2023-03-29,40.66796375610643,41.04261763316569,40.551998002461545,40.989097595214844,15047000,0.0,0.0
2023-03-30,41.46188452409205,41.60461032578327,40.80177896733948,41.09614944458008,14226400,0.0,0.0
2023-03-31,41.56892607841899,41.8989822441938,41.32807906415822,41.82761764526367,16009200,0.0,0.0
2023-04-03,42.050621758366624,42.362836736139734,41.417276333324,41.66704559326172,16633100,0.0,0.0
2023-04-04,41.83653430869461,41.9435777898773,40.72148812139306,41.113983154296875,15542400,0.0,0.0
2023-04-05,40.56093033732217,41.20319477198331,40.41820452930284,40.82854080200195,11739100,0.0,0.0
2023-04-06,40.855297656035404,41.221032723371316,40.60552836210398,40.90882110595703,11918100,0.0,0.0
2023-04-10,40.846368285188895,41.71164171801728,40.828527139800094,41.497554779052734,11777100,0.0,0.0
2023-04-11,41.631359377048,42.255785870930566,41.55999819643748,42.10414123535156,14177300,0.0,0.0
2023-04-12,42.353919731471535,42.49664552674691,41.49756495981928,41.85437774658203,14330900,0.0,0.0
2023-04-13,41.836538967644564,42.452043306551744,41.55108738413533,42.19335174560547,15578900,0.0,0.0
2023-04-14,42.969423835215245,44.50372867762497,42.835620317028045,44.20935821533203,33064500,0.0,0.0
2023-04-17,44.38775970069407,44.43236427305328,43.79009654301305,44.3253173828125,19590400,0.0,0.0
2023-04-18,44.53940324622931,44.86945595055869,44.1112259372167,44.67321014404297,16616200,0.0,0.0
2023-04-19,44.360997410468556,45.00326510765642,44.04878583703053,44.95866394042969,14894000,0.0,0.0
2023-04-20,44.43236636891854,44.6464533537963,43.79901748176455,44.06663131713867,20410200,0.0,0.0
2023-04-21,43.67413756743377,43.9060691294823,43.103234342163,43.73657989501953,14377300,0.0,0.0
2023-04-24,43.73657989501953,43.986352608214226,43.48681058467648,43.73657989501953,11208800,0.0,0.0
2023-04-25,43.26379753658167,43.397604457113694,42.56800971665835,42.72857666015625,15374000,0.0,0.0
2023-04-26,42.63936727147955,42.6928907156926,41.38159525670677,41.80085372924805,16984600,0.0,0.0
2023-04-27,41.961425480832,42.23795480058118,41.42620118575191,41.9525032043457,16541400,0.0,0.0
2023-04-28,41.65489837511407,42.682971963253685,41.51962797889115,42.4484977722168,15222100,0.51,0.0
2023-05-01,43.17897374156423,43.629881978597645,42.53868143045757,42.6108283996582,18314800,0.0,0.0
2023-05-02,42.223047903418774,42.439485375286694,41.086760636543694,41.483558654785156,19450100,0.0,0.0
2023-05-03,41.60078937023884,42.024640717281684,41.149881193271625,41.185951232910156,14533500,0.0,0.0
2023-05-04,40.617811821582784,40.942466278724986,39.752068895974645,40.49155807495117,20601800,0.0,0.0
2023-05-05,41.303191732646106,41.93446392055679,41.18595463371036,41.77213668823242,13384500,0.0,0.0
2023-05-08,42.27715725951851,42.52064812028942,41.727048660016465,41.80821228027344,8760900,0.0,0.0
2023-05-09,41.4023908345831,42.16893339941268,41.29417382970098,41.95249938964844,10188800,0.0,0.0
2023-05-10,42.520653314175135,42.55672336301775,41.113818204595404,41.81723403930664,11840000,0.0,0.0
2023-05-11,41.24908073539427,41.60078855612083,40.96951643268931,41.51060485839844,11222800,0.0,0.0
2023-05-12,41.781159748861896,41.82624988545558,40.64486904182235,40.9875602722168,12812800,0.0,0.0
2023-05-15,41.203990107109576,41.763118752423495,41.14988332477094,41.52864456176758,11911300,0.0,0.0
2023-05-16,41.42042965529051,41.62784702512831,40.81621084736586,40.83424758911133,9201200,0.0,0.0
2023-05-17,41.2851517009429,42.484569106398496,41.2851517009429,42.457515716552734,16359100,0.0,0.0
2023-05-18,42.3673418392916,42.3673418392916,41.357308249058306,41.835269927978516,17618000,0.0,0.0
2023-05-19,41.89838912505928,42.141879965916985,41.14086321133194,41.22202682495117,15416200,0.0,0.0
2023-05-22,41.45650142317078,41.5737350794297,40.9875564776653,41.29417419433594,14471000,0.0,0.0
2023-05-23,41.33926646438183,42.2230461780953,41.303192980518396,41.40239334106445,13797100,0.0,0.0
2023-05-24,40.726033960418484,40.798180933390974,39.86930757723377,40.12181854248047,23744900,0.0,0.0
2023-05-25,39.95046742095257,40.401375638886925,39.57170616916292,39.8873405456543,18109400,0.0,0.0
2023-05-26,40.094762166186705,40.266109508877925,39.6709107356744,40.22101593017578,11962600,0.0,0.0
2023-05-30,40.33824876576253,40.482539257903035,39.905377289341025,40.311195373535156,12431100,0.0,0.0
2023-05-31,39.860292650088965,40.04967330209903,39.418401021908316,39.968509674072266,18154100,0.0,0.0
2023-06-01,40.29316751438161,40.897383008366624,39.959496322780296,40.43745803833008,15757100,0.0,0.0
2023-06-02,41.005594100155875,42.09679115288115,40.906393742606916,41.77213668823242,19455600,0.0,0.0
2023-06-05,41.80821014163291,41.91642714972091,41.31221179439323,41.69999313354492,11004700,0.0,0.0
2023-06-06,41.65490126864461,42.8452987269106,41.61883122457352,42.58377456665039,14189200,0.0,0.0
2023-06-07,42.80922914625756,43.44951801752826,42.52966480070027,43.296207427978516,15457400,0.0,0.0
2023-06-08,43.043701596345,43.512646594220726,42.86333760636865,43.37737274169922,12058600,0.0,0.0
2023-06-09,43.37737525737592,43.801230142378316,43.206031349047606,43.5577392578125,11744000,0.0,0.0
2023-06-12,43.530681183918325,43.73809855807595,43.26013693241519,43.69300842285156,13801000,0.0,0.0
2023-06-13,43.693005078341365,44.567764643237204,43.693005078341365,43.90943908691406,14062700,0.0,0.0
2023-06-14,44.03569576760298,44.432493738878044,42.89038854487766,43.503623962402344,22053000,0.0,0.0
2023-06-15,43.40443582442282,43.81927065297456,42.90843736070595,43.79221725463867,14926100,0.0,0.0
2023-06-16,44.04472405175336,44.04472405175336,43.431488472248795,43.45854187011719,18223000,0.0,0.0
2023-06-20,43.206022435209505,43.206022435209505,42.45751663203416,42.93547821044922,12777700,0.0,0.0
2023-06-21,42.836286766749964,43.15192118791578,42.59279588178327,42.755123138427734,10550700,0.0,0.0
2023-06-22,42.58377627995815,42.619846325480474,41.871340418498896,42.05170440673828,11841900,0.0,0.0
2023-06-23,41.57373425116206,41.70900808588158,41.339263503158946,41.501590728759766,13249100,0.0,0.0
2023-06-26,41.59177268530026,42.10580777391406,41.492572327820994,41.69999313354492,13253900,0.0,0.0
2023-06-27,41.6639238804199,42.03366851573308,41.393379612656574,41.84428787231445,11863300,0.0,0.0
2023-06-28,41.81722511892176,41.83526185957413,41.3212267915295,41.69097137451172,13394900,0.0,0.0
2023-06-29,41.63686621285519,42.195994920562235,41.49257571025655,41.745086669921875,18840800,0.0,0.0
2023-06-30,42.18696880662447,42.205005546894064,41.51060652721861,41.51962661743164,15228200,0.0,0.0
2023-07-03,41.555706844233825,42.64690400651888,41.50159661464064,42.15090560913086,10159900,0.0,0.0
2023-07-05,42.12384964914948,42.43046740956517,41.85330537587847,42.205013275146484,11852900,0.0,0.0
2023-07-06,41.934468201540085,41.934468201540085,40.680943788521326,40.924434661865234,17431400,0.0,0.0
2023-07-07,40.78915617299225,41.79918959790025,40.7711194318136,41.24908447265625,13160700,0.0,0.0
2023-07-10,41.122824363347256,41.83526010859298,41.06871758381127,41.185951232910156,14307600,0.0,0.0
2023-07-11,41.30319175373571,42.033664299568336,41.149884612104785,41.961517333984375,14131700,0.0,0.0
2023-07-12,42.61984503695668,43.530681601957674,42.583774992524866,42.728065490722656,17960500,0.0,0.0
2023-07-13,42.89039823739078,43.151922433840355,42.51163348089855,42.99861526489258,26210700,0.0,0.0
2023-07-14,43.72006494482716,43.783191826690405,41.20399600145365,41.25810623168945,38634500,0.0,0.0
2023-07-17,41.31221057908847,42.04267966238963,41.23104696537095,41.71802520751953,18521400,0.0,0.0
2023-07-18,42.159920999583726,42.98057386966988,42.096794120358396,42.403411865234375,24678000,0.0,0.0
2023-07-19,42.457522504271175,43.14290153113476,42.04268429942951,42.85432052612305,15789100,0.0,0.0
2023-07-20,42.73708639433866,43.17897802412798,42.59279588178327,42.755123138427734,17647200,0.0,0.0
2023-07-21,42.872349588698604,42.92645636734739,42.22304072366254,42.430458068847656,18251600,0.0,0.0
2023-07-24,42.36733628736239,43.1428989825758,42.36733628736239,42.98057174682617,19006200,0.0,0.0
2023-07-25,42.827261590557406,43.08878572740292,42.43948027021829,42.46653366088867,14729900,0.0,0.0
2023-07-26,42.73707917321062,43.061733631643875,42.40340806433492,42.82726287841797,12267900,0.0,0.0
2023-07-27,42.926463197168005,44.297224663585794,42.782172697553335,43.17897415161133,25162700,0.0,0.0
2023-07-28,43.57577607361603,43.611849561794166,42.46654211331694,42.755123138427734,20871700,0.0,0.0
2023-07-31,42.91744487071873,43.33227961089813,42.71002750062903,42.98057174682617,14377200,0.0,0.0
2023-08-01,42.682971963253685,42.80922570912437,42.21402702133646,42.4484977722168,15219100,0.0,0.0
2023-08-02,41.862323305731984,42.09679753917438,41.43847185939058,41.763126373291016,13101100,0.0,0.0
2023-08-03,41.45650147389961,41.9074096789578,41.22202728078166,41.672935485839844,13467100,0.0,0.0
2023-08-04,41.71855195106733,42.5943396632793,41.563466066227534,41.7003059387207,18329500,0.53,0.0
2023-08-07,41.91925653459003,42.18381850567626,41.62732728376082,41.809783935546875,16972000,0.0,0.0
2023-08-08,41.07082497084495,41.2624028374535,40.2680180078236,41.198543548583984,18524500,0.0,0.0
2023-08-09,41.0708299486196,41.22591581750758,40.514338809535595,40.54170608520508,13957100,0.0,0.0
2023-08-10,40.788023924181346,41.043464602699096,40.36837610385543,40.45048141479492,12112300,0.0,0.0
2023-08-11,40.17679790684412,40.70591831113882,40.1220598732671,40.66030502319336,11973200,0.0,0.0
2023-08-14,40.213290519147954,40.514341008060924,40.12206046184792,40.23153305053711,14280300,0.0,0.0
2023-08-15,39.8210066994102,39.8210066994102,39.392234165524854,39.41960144042969,17125100,0.0,0.0
2023-08-16,39.24627974577811,39.37399836855626,38.83575311536874,38.89961242675781,13963600,0.0,0.0
2023-08-17,39.08206461818939,39.30101328935896,38.397854805882204,38.73539733886719,16123600,0.0,0.0
2023-08-18,38.45258903887382,39.04556872948974,38.3978510064799,38.54381561279297,12908700,0.0,0.0
2023-08-21,38.88136517685603,39.00908379557672,38.014698646873846,38.37961196899414,14486300,0.0,0.0
2023-08-22,38.59856039927834,38.66241970821018,37.37610530247098,37.42171859741211,20507900,0.0,0.0
2023-08-23,37.45820586210879,37.613291741201756,37.1936439129928,37.4764518737793,16214500,0.0,0.0
2023-08-24,37.42171383876778,38.0146935577402,37.14803062385198,37.4764518737793,15579600,0.0,0.0
2023-08-25,37.640659982017674,38.005573264625305,37.202766130931096,37.62241744995117,16881900,0.0,0.0
2023-08-28,37.841361034192175,38.188028289993014,37.54031054684023,37.695396423339844,14125900,0.0,0.0
2023-08-29,37.67715107846005,38.10592365295447,37.64065905508374,38.06031036376953,13199700,0.0,0.0
2023-08-30,38.032937972876724,38.1697813146257,37.71364148222342,37.74100875854492,18211400,0.0,0.0
2023-08-31,37.86873278846005,38.02382216336685,37.412592890607826,37.668033599853516,17795700,0.0,0.0
2023-09-01,37.94171905517578,38.15154300281544,37.750141122122805,37.94171905517578,12413500,0.0,0.0
2023-09-05,37.88697369129839,38.251886952384446,37.576798463396464,37.73188781738281,15843400,0.0,0.0
2023-09-06,37.42171226789162,37.85048482397241,37.3213609479518,37.74100875854492,13675200,0.0,0.0
2023-09-07,37.46732933982019,37.74101257089308,37.12978680416599,37.15715408325195,12406100,0.0,0.0
2023-09-08,37.04767639964652,37.120656960544814,36.7466224507557,37.0294303894043,15055400,0.0,0.0
2023-09-11,37.23013302199818,37.74100738849806,36.974692358677615,37.0294303894043,11404200,0.0,0.0
2023-09-12,37.011191637840824,38.37049008687371,37.002070370966145,38.02382278442383,24774700,0.0,0.0
2023-09-13,38.261016798696694,39.13680812570323,38.0238255618453,38.653297424316406,31031900,0.0,0.0
2023-09-14,39.03645449133127,39.629434288693325,38.9817164490836,39.355751037597656,19422800,0.0,0.0
2023-09-15,38.999951032361956,39.446969546186054,38.91784573309101,38.96345901489258,22983200,0.0,0.0
2023-09-18,38.863120397372214,39.02733104953596,38.680667210587124,38.89961242675781,10467400,0.0,0.0
2023-09-19,39.03644751087994,39.100306808713974,38.74451829790415,38.93609619140625,11031700,0.0,0.0
2023-09-20,39.182407230743905,39.346617827572146,38.562056860519505,38.58942413330078,11240700,0.0,0.0
2023-09-21,38.370485592262796,38.64416880737157,38.03293959622679,38.051185607910156,12260100,0.0,0.0
2023-09-22,38.08767628059915,38.18802760126355,37.275747929871955,37.330482482910156,15438200,0.0,0.0
2023-09-25,37.175402628644434,37.48557790634395,37.02031672983034,37.42171859741211,10866800,0.0,0.0
2023-09-26,37.10240994088967,37.43995590108163,36.5459223039594,36.69188690185547,21786500,0.0,0.0
2023-09-27,36.75574938990303,37.065924622394355,36.43644941171062,36.91083526611328,15083400,0.0,0.0
2023-09-28,36.92907978019653,37.722762100541814,36.865220483161316,37.58592224121094,14409800,0.0,0.0
2023-09-29,37.81399342814887,38.21539523448235,37.33048283135015,37.522064208984375,16916100,0.0,0.0
2023-10-02,37.39434522999175,37.44907978298372,36.755748764542794,36.94732666015625,16178900,0.0,0.0
2023-10-03,36.67365109136087,36.98382638316119,36.117159819595166,36.36347579956055,19283400,0.0,0.0
2023-10-04,36.20837596294016,36.427324597516694,35.706622880454105,36.31785202026367,23342000,0.0,0.0
2023-10-05,36.144519206409086,36.3817138671875,35.75223867364309,36.3817138671875,18734100,0.0,0.0
2023-10-06,36.19926010113368,37.26662571881935,36.04417073681269,37.01118850708008,17080000,0.0,0.0
2023-10-09,36.65540092225989,37.4125913110898,36.44557699571495,37.16627883911133,14859700,0.0,0.0
2023-10-10,37.53118738358989,38.09679983948234,37.53118738358989,37.80487060546875,18902100,0.0,0.0
2023-10-11,37.98732948202449,38.315750759632735,37.73189225724972,37.88697814941406,12763900,0.0,0.0
2023-10-12,37.76838428366645,38.12417284105165,37.5129435788205,37.88697814941406,18112500,0.0,0.0
2023-10-13,39.19153258836286,39.51995381632148,37.72276180780939,37.795745849609375,32082900,0.0,0.0
2023-10-16,38.2701365076183,38.315749799460576,36.97469744285671,37.35785675048828,25044200,0.0,0.0
2023-10-17,37.08416913018968,38.014691309865846,37.03855236367537,37.58592224121094,20258100,0.0,0.0
2023-10-18,37.34873296712866,37.34873296712866,36.646277118416926,36.91996383666992,23232600,0.0,0.0
2023-10-19,36.7283821256006,37.175400745551414,36.51855819544283,36.545928955078125,17483300,0.0,0.0
2023-10-20,36.463818831468465,36.71013475530207,36.08978431307017,36.199256896972656,21396500,0.0,0.0
2023-10-23,36.1080405825051,36.14452913412567,35.38733861690548,35.47856521606445,21333500,0.0,0.0
2023-10-24,35.50592804859517,35.852595346068334,35.3417208867092,35.515052795410156,17181000,0.0,0.0
2023-10-25,35.305223136037135,35.44206299543668,34.90381786296218,35.22311782836914,15570100,0.0,0.0
2023-10-26,35.12276876816017,36.26311840349005,35.09540149053495,35.88908386230469,25109600,0.0,0.0
2023-10-27,35.87996711670044,35.91645566477402,34.82171918092554,34.885581970214844,20654700,0.0,0.0
2023-10-30,35.16838549793699,35.551544822527596,35.0406668830972,35.515052795410156,21777500,0.0,0.0
2023-10-31,35.615398146691085,36.06241322353343,35.50592208373035,36.02592468261719,16373100,0.0,0.0
2023-11-01,36.07154336398771,36.345226602182656,35.83434867216655,36.126277923583984,16011000,0.0,0.0
2023-11-02,36.482065630325074,37.741009072579836,36.42732759715587,37.72276306152344,23283600,0.0,0.0
2023-11-03,38.4066205291617,39.24757379350911,38.388137613705574,39.053504943847656,20287700,0.53,0.0
2023-11-06,39.15515226140094,39.15515226140094,38.59143577851265,38.85019302368164,20843900,0.0,0.0
2023-11-07,38.535997156546195,38.96109363345098,38.48979163084014,38.776268005371094,11463200,0.0,0.0
2023-11-08,38.6746075241343,38.96108737792418,38.37888797678898,38.64688491821289,14761600,0.0,0.0
2023-11-09,38.887159659931186,39.07198173501136,38.157100477497124,38.351165771484375,19128400,0.0,0.0
2023-11-10,38.53599295236816,38.95184968886508,38.32344473710424,38.88716125488281,11912500,0.0,0.0
2023-11-13,38.7762673991574,39.654186474870045,38.7485447892183,39.460121154785156,16332100,0.0,0.0
2023-11-14,39.83900788454454,41.373054418367,39.82976466537251,40.994163513183594,26218500,0.0,0.0
2023-11-15,41.10505734693719,41.7889110282153,41.10505734693719,41.474708557128906,18894900,0.0,0.0
2023-11-16,41.36381099429773,41.67801346474134,40.95719748412283,41.2806396484375,14744800,0.0,0.0
2023-11-17,41.53015504939561,41.94601179234875,41.26216161527498,41.91828918457031,15573100,0.0,0.0
2023-11-20,41.84436105847309,42.26946105670037,41.77967261803199,41.82587814331055,19670300,0.0,0.0
2023-11-21,41.69650389238216,41.89057275120171,41.308373225254726,41.66878128051758,14466700,0.0,0.0
2023-11-22,41.87209247475766,41.88133217087643,41.43775272679793,41.604095458984375,9441200,0.0,0.0
2023-11-24,41.48395043594876,42.06614988882543,41.43774491355499,41.798152923583984,5941000,0.0,0.0
2023-11-27,41.54863697535744,41.761185188868765,41.45622593478912,41.6595344543457,14679700,0.0,0.0
2023-11-28,41.61332965361651,41.62257287376934,41.178993488334214,41.45623016357422,14064700,0.0,0.0
2023-11-29,41.79815278071471,42.53745171225431,41.73346434453346,42.2786979675293,14027600,0.0,0.0
2023-11-30,42.315669755317785,42.66683459397386,42.121604419441134,42.60214614868164,16249000,0.0,0.0
2023-12-01,42.50973515113123,43.67413069328876,42.408080872598454,43.64640808105469,20053400,0.0,0.0
2023-12-04,43.23978930873184,43.877433990467885,43.15661795674405,43.775779724121094,19351000,0.0,0.0
2023-12-05,43.4430963987941,43.78502504294423,42.888623042464864,43.156620025634766,14813100,0.0,0.0
2023-12-06,44.17315080872857,45.3929948781347,44.15466789552481,44.228599548339844,33903400,0.0,0.0
2023-12-07,44.302534398720624,45.06031632879041,44.15467459590837,44.820045471191406,14896800,0.0,0.0
2023-12-08,44.82927832470132,45.43920035887225,44.74610697798459,45.18044662475586,17591600,0.0,0.0
2023-12-11,45.05107831941636,45.235903961162585,44.46887878175533,44.496604919433594,17666000,0.0,0.0
2023-12-12,44.367227831802474,44.45964242223823,44.08999111100754,44.41343688964844,14735600,0.0,0.0
2023-12-13,44.35797879804565,45.77188824415162,44.228601923925545,45.59630584716797,22212500,0.0,0.0
2023-12-14,46.21546872154655,47.63862142163496,46.21546872154655,46.42802047729492,51664900,0.0,0.0
2023-12-15,45.91975288772588,46.29864385567711,45.46693378042737,46.04913330078125,35156100,0.0,0.0
2023-12-18,46.354087268714316,46.723738498670734,45.790370729395704,45.892024993896484,17871400,0.0,0.0
2023-12-19,45.67023607743965,47.41683453409086,45.439204927249634,47.06566619873047,23161500,0.0,0.0
2023-12-20,46.85311543929079,47.21352345012869,46.086090369862106,46.27091598510742,17452100,0.0,0.0
2023-12-21,46.5851216330261,46.82539248146231,46.178508072112656,46.760704040527344,13089000,0.0,0.0
2023-12-22,46.88083938038718,47.37062427824296,46.84387355123623,47.0009765625,14440600,0.0,0.0
2023-12-26,47.01945693872365,47.620135766349044,46.93628559025179,47.44455337524414,11501500,0.0,0.0
2023-12-27,47.259730853394196,47.66634792816688,47.06566553602843,47.555450439453125,9901300,0.0,0.0
2023-12-28,47.50000691149987,47.86965464460637,47.50000691149987,47.61090087890625,10218500,0.0,0.0
2023-12-29,47.64786572156318,47.69407124658621,47.333663216048684,47.53696823120117,13149400,0.0,0.0
2024-01-02,47.40758579558137,49.117218223135445,47.30593153728967,49.01556396484375,24784900,0.0,0.0
2024-01-03,49.20963363615753,50.244652173452124,48.26702614629343,49.57004165649414,30897600,0.0,0.0
2024-01-04,49.82879448605731,50.595819561486465,49.58852365203752,49.69017791748047,23714300,0.0,0.0
2024-01-05,49.93045099251909,50.5218901722721,49.80107411260507,50.20769119262695,17782200,0.0,0.0
2024-01-08,49.89348884137562,49.98589989152577,48.99708684884568,49.91196823120117,17359500,0.0,0.0
2024-01-09,49.76410911097983,49.81955785697557,49.228118667376876,49.422183990478516,17237400,0.0,0.0
2024-01-10,49.02480818056015,49.18191119202579,48.61819463514376,48.99708557128906,16532700,0.0,0.0
2024-01-11,47.90661888664288,48.18385555859196,47.37062493231985,48.12841033935547,25444400,0.0,0.0
2024-01-12,48.331706614144,49.76409876463321,47.37985958660853,48.62742614746094,37908000,0.0,0.0
2024-01-16,47.85117388474595,48.257790992312614,47.01022058308192,47.93434524536133,21209400,0.0,0.0
2024-01-17,47.232008251220265,47.767998679064966,47.13035398251122,47.46303939819336,17393500,0.0,0.0
2024-01-18,47.5462123994753,47.66634958713532,46.677533000595275,47.23200988769531,15788100,0.0,0.0
2024-01-19,47.24124962054408,47.75876067719999,46.7791873102192,47.61090087890625,18211000,0.0,0.0
2024-01-22,48.045241169905566,49.07101655023454,48.008275338563344,48.830745697021484,21573200,0.0,0.0
2024-01-23,48.895432272823605,49.35749457119663,48.599712683885315,49.25584030151367,12962500,0.0,0.0
2024-01-24,49.47763317670323,49.57928744930541,48.969365338947995,49.218875885009766,14402200,0.0,0.0
2024-01-25,49.34825801249989,49.690183147954244,49.01557257248774,49.65321731567383,15634000,0.0,0.0
2024-01-26,49.77334515453409,49.893482324241326,49.542314034080626,49.59775924682617,14041200,0.0,0.0
2024-01-29,49.41294767184353,50.11528087616874,49.3852215343233,50.00438690185547,12158300,0.0,0.0
2024-01-30,50.86381933462738,52.85992834941843,50.836093199178535,52.75827407836914,40086100,0.0,0.0
2024-01-31,52.434835360156846,53.55302536550439,51.88035844265179,51.9080810546875,28967800,0.0,0.0
2024-02-01,51.76946117142309,52.29621191808139,50.688233542581145,51.806427001953125,21178700,0.0,0.0
2024-02-02,51.87172834587191,52.226248358774235,51.30263501953379,51.81575393676758,19283100,0.53,0.0
2024-02-05,51.25598007031538,51.44256972039755,50.48163782699149,50.84548568725586,14040600,0.0,0.0
2024-02-06,50.73353809619672,51.283975658354656,50.481642578710684,50.70554733276367,14832700,0.0,0.0
2024-02-07,50.84549004031101,51.03207970636775,50.16444078427048,50.882808685302734,13383300,0.0,0.0
2024-02-08,50.54694597491938,50.836160123675945,49.99650843948058,50.64957046508789,15822200,0.0,0.0
2024-02-09,50.64956882608328,50.78950839631962,49.94052885817335,50.369686126708984,13843300,0.0,0.0
2024-02-12,49.977849275140265,50.882806808856415,49.446071059775576,50.304378509521484,17162300,0.0,0.0
2024-02-13,49.71661959270207,49.875218469634106,48.737028454688854,49.2221565246582,17672100,0.0,0.0
2024-02-14,50.043154031183356,50.47230774670169,49.99650750713165,50.360355377197266,14891900,0.0,0.0
2024-02-15,50.584264066222815,51.75977285236235,50.50962678004167,51.507877349853516,16865000,0.0,0.0
2024-02-16,51.274652098814734,51.49856044618575,50.892144822853695,51.172027587890625,11527500,0.0,0.0
2024-02-20,50.920126212506744,51.92770469285203,50.71487722845972,51.70379638671875,16537900,0.0,0.0
2024-02-21,51.55452549299239,51.74111515540217,51.29330210095978,51.619834899902344,9317200,0.0,0.0
2024-02-22,51.722454051694264,52.68338953438964,51.69446684891244,52.151611328125,12904800,0.0,0.0
2024-02-23,52.235581546538526,52.562110806907306,52.01167322592706,52.179603576660156,11668900,0.0,0.0
2024-02-26,52.20759263144109,52.720711584011404,51.62916782448376,51.6478271484375,12307100,0.0,0.0
2024-02-27,51.94636658521992,52.17027134353011,51.51721283270708,51.9743537902832,11039300,0.0,0.0
2024-02-28,51.79709726847808,52.41284071249323,51.3026376485741,51.358612060546875,13448100,0.0,0.0
2024-02-29,51.778435700560635,51.918378842231036,50.97610261397449,51.769107818603516,23744600,0.0,0.0
2024-03-01,51.7597746155624,52.19825978955943,51.37726740810811,51.871726989746094,12922400,0.0,0.0
2024-03-04,51.69446954405053,52.77668533449055,51.582517168184836,52.375518798828125,14314700,0.0,0.0
2024-03-05,52.01166847513337,53.70029971041854,52.01166847513337,52.48746871948242,19653900,0.0,0.0
2024-03-06,53.24316103323276,53.69097412346981,52.25423823464546,53.44841003417969,17845000,0.0,0.0
2024-03-07,53.68164469386315,54.2227508277152,53.20584085245502,53.84957504272461,14720300,0.0,0.0
2024-03-08,54.148115339632206,54.47464458578069,53.42041599851266,53.65365219116211,13028000,0.0,0.0
2024-03-11,53.317795876694575,53.68164377335465,52.83266416151385,53.560359954833984,9176900,0.0,0.0
2024-03-12,53.65365354813794,54.04549221232813,53.25249056082463,53.597679138183594,10954000,0.0,0.0
2024-03-13,53.64431873275964,54.45597960231072,53.607000091678756,53.88688278198242,12982800,0.0,0.0
2024-03-14,54.41866713419955,54.7358649219196,52.84198828235854,53.26181411743164,18833600,0.0,0.0
2024-03-15,52.664732461953655,53.87755993928268,52.664732461953655,53.7469482421875,26164300,0.0,0.0
2024-03-18,53.970855623670985,54.72654219801758,53.700304334595586,54.69855499267578,13994600,0.0,0.0
2024-03-19,54.66123239260747,55.34228162491259,54.61458586744443,54.91312789916992,13455300,0.0,0.0
2024-03-20,54.5679328067133,56.2938789433421,54.53994204784652,56.09796142578125,20269900,0.0,0.0
2024-03-21,56.26590228368698,57.42275184505567,56.26590228368698,57.217506408691406,17892100,0.0,0.0
2024-03-22,56.94694437340974,57.534696962002315,56.51779067284648,56.741695404052734,16206800,0.0,0.0
2024-03-25,56.80700954787871,57.39476578125584,56.517798931236,56.86298751831055,12040300,0.0,0.0
2024-03-26,57.04957130809092,57.79592637566666,56.90962817590098,57.52537155151367,17947400,0.0,0.0
2024-03-27,57.87056452756287,58.55161380122784,57.5813539186474,58.54228591918945,16684400,0.0,0.0
2024-03-28,58.5236201940603,59.12070422845435,58.383680625381324,58.99942398071289,19012000,0.0,0.0
2024-04-01,59.33528546440005,59.61517174023832,58.7941793528432,59.204673767089844,14223900,0.0,0.0
2024-04-02,58.44899299037242,59.32595981886927,58.44899299037242,58.626251220703125,16062000,0.0,0.0
2024-04-03,58.644907186634896,59.13936676218534,57.394761087119065,57.55335998535156,18079900,0.0,0.0
2024-04-04,57.98251757496142,58.532955119237464,56.67639350277704,56.82566452026367,13401100,0.0,0.0
2024-04-05,56.74169892392394,57.87989264801644,56.36851960356195,57.46939468383789,12686300,0.0,0.0
2024-04-08,57.534701202323255,58.1411167152611,57.52537332071117,57.59067916870117,10708300,0.0,0.0
2024-04-09,57.6093367190473,57.9265380676297,56.82566300836735,57.52537155151367,10301200,0.0,0.0
2024-04-10,56.46181652975596,57.19884373420837,55.94869763055683,56.144615173339844,18088000,0.0,0.0
2024-04-11,56.3032117536141,56.80700275051229,55.51021017467934,56.63907241821289,18181900,0.0,0.0
2024-04-12,58.11312889629036,58.40233948892664,54.810503651895075,55.67814254760742,28561900,0.0,0.0
2024-04-15,56.144620836666796,56.82567014377812,54.28805903647951,54.63325119018555,19242300,0.0,0.0
2024-04-16,54.27872608752628,54.62391465010977,52.935286922597335,53.196510314941406,23211400,0.0,0.0
2024-04-17,53.63499477067966,54.94111527382648,53.513710957756146,54.26939392089844,15971600,0.0,0.0
2024-04-18,54.56793854400408,55.01575158504122,54.04548821667656,54.40933609008789,12272500,0.0,0.0
2024-04-19,54.325367420954905,55.454229611573965,54.325367420954905,55.174346923828125,13410100,0.0,0.0
2024-04-22,55.45423884644335,56.96561201798456,55.2303340825201,56.86298751831055,14513100,0.0,0.0
2024-04-23,56.98426877141976,58.56094416566887,56.92829080351257,58.467647552490234,17427800,0.0,0.0
2024-04-24,57.96386170392684,58.523627163103214,57.693306856467395,58.281063079833984,10123000,0.0,0.0
2024-04-25,57.693310196920024,58.24374780583809,57.00292943565414,57.646663665771484,13339100,0.0,0.0
2024-04-26,57.38542519223051,58.99009116645556,57.38542519223051,58.45831298828125,16364100,0.0,0.0
2024-04-29,58.5329645411114,59.11138938211667,57.80526509968942,58.085147857666016,10857100,0.0,0.0
2024-04-30,57.75861254316335,58.15977909269175,57.180187762479,57.217506408691406,11163400,0.0,0.0
2024-05-01,57.357440272264384,58.09446744638244,56.797674870522506,57.23615646362305,14086600,0.0,0.0
2024-05-02,58.01982973713113,58.01982973713113,56.890967501828925,57.41341781616211,11292500,0.0,0.0
2024-05-03,57.88394381946333,58.48621841766722,57.789840320584986,57.89335632324219,11048900,0.53,0.0
2024-05-06,58.40152423290072,59.229645080195674,58.081567308776364,59.1073112487793,13386700,0.0,0.0
2024-05-07,59.11672246947719,59.436679406085936,58.3168319228646,58.345062255859375,10158200,0.0,0.0
2024-05-08,58.00628075781983,59.239056685864526,57.88394333843992,59.050846099853516,9755200,0.0,0.0
2024-05-09,58.7026645819834,59.69076576776566,58.617969989498135,59.587249755859375,11563000,0.0,0.0
2024-05-10,59.831917856454375,60.15187118099535,59.39903243833187,59.78486251831055,9548700,0.0,0.0
2024-05-13,59.86955357540573,60.18010155773851,59.63429125781474,59.66252517700195,6617900,0.0,0.0
2024-05-14,59.76604199693227,60.19892742154389,59.50254933050478,59.84132766723633,8322500,0.0,0.0
2024-05-15,59.878973448948614,60.594169402939194,59.85073952628607,60.45301055908203,9461300,0.0,0.0
2024-05-16,60.32125533138388,60.66944613764262,59.69075405864475,60.3588981628418,11682200,0.0,0.0
2024-05-17,60.58475661070403,60.744740462121186,60.133056928073366,60.293033599853516,8418400,0.0,0.0
2024-05-20,60.29303077910275,60.46241994707379,59.21082260482312,59.436676025390625,11792100,0.0,0.0
2024-05-21,59.530778024658865,61.05527690820355,59.47431736330203,60.92353057861328,11197200,0.0,0.0
2024-05-22,60.50006796544093,61.14939436156664,59.88838440760455,60.05777359008789,8855300,0.0,0.0
2024-05-23,60.03895286131123,60.255393799235705,58.81558932139006,59.304935455322266,11535000,0.0,0.0
2024-05-24,59.596658281452044,60.19892930343885,59.54019402695886,59.8319206237793,9424600,0.0,0.0
2024-05-28,59.50254527091324,59.82250216823956,58.67442090315958,58.76852798461914,8404400,0.0,0.0
2024-05-29,57.930996171683134,58.51444573224548,57.59221784947977,58.35446548461914,7224200,0.0,0.0
2024-05-30,58.43915908921852,58.79675882221873,57.978046950445474,58.27918243408203,10061500,0.0,0.0
2024-05-31,58.34506081812551,58.71206949728793,57.81807187969167,58.63678741455078,17351600,0.0,0.0
2024-06-03,59.21082088631275,59.28610655425631,57.70514342562401,58.269771575927734,11373900,0.0,0.0
2024-06-04,57.42283061867908,58.37328886363919,57.17815578227702,57.4322395324707,10424200,0.0,0.0
2024-06-05,57.66750437583763,58.21331473479018,57.33813853151693,58.12862014770508,8780700,0.0,0.0
2024-06-06,58.1568469624768,58.39210929128117,57.63927055707084,58.28859329223633,8537900,0.0,0.0
2024-06-07,57.96863421885956,58.900274585688614,57.94981639229731,58.138023376464844,8260800,0.0,0.0
2024-06-10,57.6392732427336,58.02510333635753,57.15933964913054,57.80866241455078,9302300,0.0,0.0
2024-06-11,57.18757131680714,57.20639273520624,55.4278099794045,55.65365982055664,16966800,0.0,0.0
2024-06-12,57.31931600213773,57.60163009034248,56.36885773422411,56.47237014770508,15398500,0.0,0.0
2024-06-13,56.227694360347215,56.811143907556556,55.66306622947599,56.67939758300781,9358200,0.0,0.0
2024-06-14,55.93597090699102,56.30298316129669,55.20195357801629,55.83245849609375,10511000,0.0,0.0
2024-06-17,55.7289466136253,56.961719030072466,55.380755750975396,56.51942825317383,15527500,0.0,0.0
2024-06-18,56.81114942484844,57.996873640576574,56.5476567501615,57.19697952270508,15768100,0.0,0.0
2024-06-20,56.85819902221941,57.42283077636196,56.79232585604219,57.046409606933594,9519200,0.0,0.0
2024-06-21,56.65116792054681,56.70762858040796,55.84186495756757,56.453548431396484,18976200,0.0,0.0
2024-06-24,56.55706196982621,58.1380250943106,56.31239072928806,57.72396469116211,13290500,0.0,0.0
2024-06-25,57.592221709229904,58.18508381281857,57.27226478235235,57.94982147216797,11643100,0.0,0.0
2024-06-26,57.62044936531456,57.78983852990157,56.98994804476602,57.6392707824707,12409300,0.0,0.0
2024-06-27,57.87453333484558,58.279184830713696,57.36636583912957,57.92158508300781,11285100,0.0,0.0
2024-06-28,58.373285752203145,59.83191500962051,58.16625735145764,59.71898651123047,20053200,0.0,0.0
2024-07-01,59.89779740333,60.50948096618303,59.2767049257368,59.690765380859375,15334400,0.0,0.0
2024-07-02,59.55901128674413,60.8952995747511,59.54959878340988,60.867069244384766,10965600,0.0,0.0
2024-07-03,60.86707382018107,61.37524134388682,60.61299364814667,60.66004180908203,6574100,0.0,0.0
2024-07-05,60.6976768356183,60.754137493330695,59.99188989566925,60.2553825378418,7226200,0.0,0.0
2024-07-08,60.50947376260235,61.045871584401745,60.434188094368906,60.92353057861328,10349000,0.0,0.0
2024-07-09,60.97999856591853,62.82445436424433,60.92353072478972,62.626834869384766,16904300,0.0,0.0
2024-07-10,62.35392607948753,63.040888019810545,62.31628324746987,63.0314826965332,9817100,0.0,0.0
2024-07-11,62.28805631652361,62.57977930603045,61.45992832622834,61.83634948730469,20112300,0.0,0.0
2024-07-12,62.6832961525264,62.75858182168711,59.615473340775125,60.71649932861328,30125400,0.0,0.0
2024-07-15,60.86706783789679,61.68578329778413,60.11422913037234,61.299949645996094,16656600,0.0,0.0
2024-07-16,61.1682146614809,63.53965613239317,60.88589695272673,63.30439376831055,21170200,0.0,0.0
2024-07-17,62.89972434654971,63.81254320862161,62.69269955586351,63.62433624267578,17215300,0.0,0.0
2024-07-18,63.56788823799636,63.75609524139292,61.017638110260116,61.064693450927734,15796200,0.0,0.0
2024-07-19,61.102330158361816,62.090434776169424,60.74473401592403,61.299949645996094,8583100,0.0,0.0
2024-07-22,61.299956272827295,61.7798934687577,60.36831939336934,60.69768524169922,9925100,0.0,0.0
2024-07-23,60.70709251147836,61.2058474930361,60.490648012874374,60.84825134277344,6961200,0.0,0.0
2024-07-24,60.603574080293235,60.85765422271264,59.81309255438269,59.907196044921875,11591100,0.0,0.0
2024-07-25,60.04836276525696,61.779893783480276,59.606068403973524,60.57535171508789,12819700,0.0,0.0
2024-07-26,60.74473460991323,61.77988739415428,60.641218613525496,61.33759307861328,9661300,0.0,0.0
2024-07-29,61.45052505227147,61.488160707961704,60.3589043667,60.50947570800781,7901900,0.0,0.0
2024-07-30,61.17761643818105,62.32569772231768,61.17761643818105,61.98691940307617,13554300,0.0,0.0
2024-07-31,62.02456563208488,62.137486958256865,61.00823061871675,61.05527877807617,15046500,0.0,0.0
2024-08-01,61.243494232850935,61.3752405692262,58.298008723161516,59.54960250854492,18052700,0.0,0.0
2024-08-02,56.15241342632547,57.027589615789765,54.95728390160856,55.296058654785156,30289300,0.0,0.0
2024-08-05,51.38163431070636,54.06092773100645,50.84007160933023,53.40535354614258,27977300,0.56,0.0
2024-08-06,53.576372560344836,54.783005268509854,53.2913420395691,53.737892150878906,16643100,0.0,0.0
2024-08-07,55.26755693498729,55.53358856284759,53.08231810421605,53.31034469604492,19221200,0.0,0.0
2024-08-08,54.0134122491762,55.44807135331814,53.97541084277528,55.10603332519531,17933300,0.0,0.0
2024-08-09,55.13453992862962,55.543084982804174,54.583481433643186,54.95402145385742,11421000,0.0,0.0
2024-08-12,55.39106847132245,55.752109045226376,54.84950942264633,54.95402145385742,15123500,0.0,0.0
2024-08-13,55.324560672195794,55.381568222309994,54.88751366106534,55.24855422973633,7478500,0.0,0.0
2024-08-14,55.45757566587269,56.55969628412606,55.372066151337535,56.32217025756836,12419500,0.0,0.0
2024-08-15,57.32928233077321,57.96585034687255,57.10125574890565,57.500301361083984,14159000,0.0,0.0
2024-08-16,57.319780382259246,58.45040292275183,57.319780382259246,58.33639144897461,9939700,0.0,0.0
2024-08-19,58.43139780645371,58.953954297737134,58.288880752304024,58.93495178222656,8882500,0.0,0.0
2024-08-20,58.51690917194412,58.62142119839084,58.04185714217492,58.25088119506836,8661300,0.0,0.0
2024-08-21,58.33639700253659,58.38390148576952,56.892238241225066,57.509803771972656,14414900,0.0,0.0
2024-08-22,57.71882095734888,57.71882095734888,57.110754946090765,57.4052848815918,7848500,0.0,0.0
2024-08-23,57.83283798002927,59.343503707422116,57.70932705138307,59.03947067260742,13299700,0.0,0.0
2024-08-26,59.248498804171156,59.47652178373143,58.49791561236878,58.706939697265625,9384200,0.0,0.0
2024-08-27,58.82094814249991,59.077476699497346,58.39340054750418,58.60242462158203,7294800,0.0,0.0
2024-08-28,58.28888482532523,58.89695449107562,58.098866905660195,58.50741195678711,7692900,0.0,0.0
2024-08-29,58.91595324439598,59.11547785854819,58.11786566086563,58.792442321777344,8368000,0.0,0.0
2024-08-30,58.85895200283206,59.571530105470806,58.58342093329877,59.514522552490234,10806500,0.0,0.0
2024-09-03,58.944460413634324,59.27699540554629,57.92784929623536,58.39339828491211,11055200,0.0,0.0
2024-09-04,58.49790664645507,58.97295867614813,57.395786082541534,57.91834259033203,11436800,0.0,0.0
2024-09-05,58.535918081895666,58.706937121241616,57.32928535955913,57.60481643676758,10243900,0.0,0.0
2024-09-06,57.671319327366696,58.032359898512695,55.86612009599621,56.14165115356445,14094000,0.0,0.0
2024-09-09,56.92073610824463,57.64281362473404,55.26755339049856,56.56919860839844,19811700,0.0,0.0
2024-09-10,56.90173334381973,56.90173334381973,53.861399532357495,55.05853271484375,22482300,0.0,0.0
2024-09-11,54.716498635639134,54.716498635639134,53.37685191706365,54.44096755981445,16569400,0.0,0.0
2024-09-12,54.50747620545541,54.973028851906975,53.994422698875134,54.46947479248047,12937800,0.0,0.0
2024-09-13,54.830504574580885,55.372063600232956,54.56447659688776,54.79249954223633,10379400,0.0,0.0
2024-09-16,55.03953452775541,55.856624688949594,55.03953452775541,55.47658157348633,9912700,0.0,0.0
2024-09-17,55.92313140464552,56.44568796746659,55.828118814085485,56.3316764831543,10630400,0.0,0.0
2024-09-18,56.76871494251907,57.84233349516469,56.33166796510906,56.911231994628906,13638700,0.0,0.0
2024-09-19,57.88034366534348,60.01807802452489,57.57631062420869,59.87556457519531,21860600,0.0,0.0
2024-09-20,59.40051126058474,59.524025813590605,58.602423638106266,59.03947067260742,18331800,0.0,0.0
2024-09-23,59.11548145686602,59.73304698062847,59.0679733498107,59.45751953125,11508200,0.0,0.0
2024-09-24,59.552525715928994,59.76154977926131,58.07036200425897,58.30788803100586,12046200,0.0,0.0
2024-09-25,58.07036554927619,58.23188514199131,57.1107619373561,57.36729049682617,12763800,0.0,0.0
2024-09-26,58.003851878339155,58.90645145616844,57.82333341251703,58.63092041015625,12844500,0.0,0.0
2024-09-27,58.91595390557656,59.486018542701174,58.706933467221106,58.78293991088867,8144600,0.0,0.0
2024-09-30,58.60241891044937,59.514517941311304,58.18437442739417,59.47651290893555,11316400,0.0,0.0
2024-10-01,59.115479433394334,59.23899035930332,57.96585069509681,58.72593688964844,13550100,0.0,0.0
2024-10-02,58.6214193372002,59.41000379691318,58.25087934564212,58.93495178222656,7380800,0.0,0.0
2024-10-03,58.43139966161129,58.583416166163055,57.88984063762315,58.25088119506836,7939800,0.0,0.0
2024-10-04,59.353006588918085,59.79005362202353,58.72593800357038,59.514522552490234,10097900,0.0,0.0
2024-10-07,59.37200450644128,59.88505794607651,58.972958915214576,59.47651290893555,6954300,0.0,0.0
2024-10-08,59.76154775207831,60.19859475662114,59.372005226401534,60.0845832824707,8245700,0.0,0.0
2024-10-09,60.01807770369472,61.04419193030932,59.894566773141264,60.92068099975586,8636400,0.0,0.0
2024-10-10,60.806669061969664,60.911181104317514,59.961076900224235,60.31261444091797,8708600,0.0,0.0
2024-10-11,60.92068237074156,62.80188457981761,60.9016762279398,62.45984649658203,15512400,0.0,0.0
2024-10-14,62.526352078199075,63.11541926343522,62.37433918283714,62.71637725830078,14682900,0.0,0.0
2024-10-15,63.41945113484809,63.808997310342534,59.41001051753901,59.514522552490234,35348100,0.0,0.0
2024-10-16,60.27460381439398,61.2247115547555,60.236602404267174,61.044189453125,20208800,0.0,0.0
2024-10-17,61.50024895683433,61.91828988183202,60.58814615695229,60.778167724609375,13439600,0.0,0.0
2024-10-18,60.920682850499276,60.920682850499276,59.600034991081706,59.714046478271484,13841200,0.0,0.0
2024-10-21,59.65704083143654,59.77105231534795,58.64992912119983,58.74494171142578,12188500,0.0,0.0
2024-10-22,58.5169159112871,60.51213321636145,58.241384832442044,60.38862228393555,14347300,0.0,0.0
2024-10-23,60.02758249244501,60.45513009910114,59.495522845899636,59.95157241821289,8720500,0.0,0.0
2024-10-24,59.86605919993045,60.14159026546709,59.27699565844765,59.85655975341797,11420300,0.0,0.0
2024-10-25,60.47412847484257,60.55963799031592,58.61192165168525,58.678428649902344,9697800,0.0,0.0
2024-10-28,59.23898594320574,61.13919403921054,59.115475026504136,60.95867919921875,14637700,0.0,0.0
2024-10-29,60.87317114333006,61.690261272667584,60.645148182430056,61.46223831176758,13134100,0.0,0.0
2024-10-30,60.9966850561467,61.97529844404785,60.93968112531115,61.28171920776367,11717600,0.0,0.0
2024-10-31,61.33871781109765,61.77576482322344,60.892167728418116,60.968177795410156,10042800,0.0,0.0
2024-11-01,61.12019889984771,61.576244811603026,60.51212922733504,60.531131744384766,11557700,0.0,0.0
2024-11-04,60.37777854824055,60.991236881143124,59.649294035543676,59.76431655883789,9419600,0.56,0.0
2024-11-05,60.38735474852235,61.09666814331721,60.128551360820154,61.02956771850586,12649800,0.0,0.0
2024-11-06,65.56341122619132,67.18332090979173,65.45797240907545,66.16728210449219,41957700,0.0,0.0
2024-11-07,65.37171031351889,66.09060745324086,64.94996229772191,65.28544616699219,18582000,0.0,0.0
2024-11-08,65.8701383268779,66.26313155895983,65.26626015399793,65.78386688232422,14973300,0.0,0.0
2024-11-11,66.61779560568755,67.28876328371062,66.33023385053525,66.90535736083984,19173100,0.0,0.0
2024-11-12,66.64655165331023,67.08747432384118,66.0139260175047,66.15769958496094,15766500,0.0,0.0
2024-11-13,66.20562426573599,66.89576659235185,65.95640457823609,66.03308868408203,10525300,0.0,0.0
2024-11-14,66.42608645312988,66.42608645312988,64.67197599878783,65.32377624511719,15043500,0.0,0.0
2024-11-15,65.18000100083096,66.10018837269455,65.07456217887791,65.90848541259766,15372900,0.0,0.0
2024-11-18,65.83179780883137,66.40691397159252,65.53465604255452,66.1385269165039,11519000,0.0,0.0
2024-11-19,65.17999554914904,66.03308608232595,64.89243382005631,65.75511169433594,14428200,0.0,0.0
2024-11-20,66.27272302617114,66.60820685810305,65.18000008045055,65.4483871459961,10495600,0.0,0.0
2024-11-21,65.9468178879751,66.58903075531282,65.57299205098758,66.09059143066406,11390300,0.0,0.0
2024-11-22,66.05226967649504,67.28876626462923,65.6113396822617,66.94369506835938,16671600,0.0,0.0
2024-11-25,67.51881433721276,68.23771139851017,67.1258137667973,67.81595611572266,19558100,0.0,0.0
2024-11-26,67.44214075326079,67.55716693369791,66.45485647175941,66.85743713378906,11605200,0.0,0.0
2024-11-27,66.87659404639881,67.48047225798372,66.77116253874017,67.25042724609375,9736100,0.0,0.0
2024-11-29,67.3558609788476,68.14185483235275,67.30793889432859,67.93098449707031,8606500,0.0,0.0
2024-12-02,68.3048066532762,68.67863253183715,67.9405608032945,68.42941284179688,11932600,0.0,0.0
2024-12-03,69.19623976346246,69.78094328281759,68.31438715710786,68.45816802978516,17544200,0.0,0.0
2024-12-04,68.53485870361328,68.74573636201204,67.57632921125506,68.53485870361328,12331900,0.0,0.0
2024-12-05,68.8511677754057,69.8288645345857,68.6690448513138,69.23458099365234,14307600,0.0,0.0
2024-12-06,69.31125885107271,69.58923325574443,68.73614267137214,69.15789794921875,8781100,0.0,0.0
2024-12-09,69.30167622149072,69.78094090542082,68.86074627683618,68.87992095947266,11957500,0.0,0.0
2024-12-10,69.01412816540949,70.33689632256645,68.6115475062313,69.49339294433594,16833400,0.0,0.0
2024-12-11,69.97264041409929,70.22186008513151,68.31438147149792,68.97576904296875,22533600,0.0,0.0
2024-12-12,68.87991845503,69.33042841162374,68.44858318037555,68.4677505493164,8893000,0.0,0.0
2024-12-13,68.73614560358745,68.92785588033179,67.8255455562995,68.06517791748047,9819900,0.0,0.0
2024-12-16,68.31439090492496,68.79365563147643,67.89264291839925,68.5252685546875,11833800,0.0,0.0
2024-12-17,67.95973850381306,68.39107382499624,67.86388702277226,68.17061614990234,12639000,0.0,0.0
2024-12-18,68.22812645976296,68.50610087748164,65.10331840895917,65.29502868652344,18028000,0.0,0.0
2024-12-19,66.33982739638368,66.94369836307641,65.48673670611939,65.58258819580078,13464300,0.0,0.0
2024-12-20,65.45797031411159,67.3462743072988,65.20875063499587,66.32064819335938,27720100,0.0,0.0
2024-12-23,66.48359369870451,66.98202572347525,66.01391638322846,66.8765869140625,8248000,0.0,0.0
2024-12-24,67.19291737396681,68.25688571804515,67.03955645470316,68.05559539794922,6544900,0.0,0.0
2024-12-26,67.61466861608437,68.50610130152789,67.58591390252157,68.39107513427734,6341700,0.0,0.0
2024-12-27,67.9214018512186,68.56361486957225,67.6146726996915,68.05559539794922,7743100,0.0,0.0
2024-12-30,67.26959592701918,67.89264152131501,66.89577003304153,67.47088623046875,6664400,0.0,0.0
2024-12-31,67.62425445004892,68.01724771497449,67.2408412140977,67.47088623046875,6393000,0.0,0.0
2025-01-02,67.9980802127783,68.20895785779442,66.76157636854688,67.03955078125,9827400,0.0,0.0
2025-01-03,67.94056922375162,68.14185954384754,66.953284995805,68.05559539794922,11342900,0.0,0.0
2025-01-06,69.23458208803002,70.92158857418323,68.89909094613687,69.72342681884766,19199700,0.0,0.0
2025-01-07,70.8353283342116,71.20915423739802,69.72343065386269,70.62445068359375,18309400,0.0,0.0
2025-01-08,70.40397839809326,70.42315308052656,69.67550135159793,70.22186279296875,13742800,0.0,0.0
2025-01-10,69.45503410706013,69.45503410706013,68.07474953701032,68.43899536132812,13217700,0.0,0.0
2025-01-13,68.03642823865437,69.97265464255021,68.03642823865437,69.75218963623047,16720600,0.0,0.0
2025-01-14,70.27937633923625,70.92158929147159,70.10684075220298,70.45191192626953,19576000,0.0,0.0
2025-01-15,73.03993804373451,75.96345566650956,72.71404155490005,75.02409362792969,44903000,0.0,0.0
2025-01-16,74.60234249819413,75.49377510333208,74.53524573492562,75.25414276123047,21463100,0.0,0.0
2025-01-17,75.29249022233854,77.11369030274199,74.91866432684526,76.67276763916016,22084800,0.0,0.0
2025-01-21,77.09452938875387,78.45563954854939,76.60567728716539,78.2831039428711,21297400,0.0,0.0
2025-01-22,78.09139134397286,78.86779781737468,77.86134633574251,78.3022689819336,14725700,0.0,0.0
2025-01-23,78.59942097383568,79.33748548965052,78.40771799422141,78.58025360107422,14435200,0.0,0.0
2025-01-24,78.11055506480884,78.71443323857306,77.9667741990079,78.1009750366211,16025200,0.0,0.0
2025-01-27,77.4012481828781,78.03388109003025,76.89322877664925,77.70797729492188,12782800,0.0,0.0
2025-01-28,77.85176395146273,78.02429954687176,76.18392473784172,76.62484741210938,16521700,0.0,0.0
2025-01-29,76.5673273015058,78.21599907106986,76.5673273015058,77.28622436523438,10573000,0.0,0.0
2025-01-30,77.91886369888506,79.19370968518179,77.63130192454756,78.46522521972656,10775500,0.0,0.0
2025-01-31,78.30227451869159,78.9253128219956,77.7079836163253,78.05305480957031,12818300,0.0,0.0
2025-02-03,75.76560863324299,77.12649762222158,74.21168919192861,76.83694458007812,20998500,0.56,0.0
2025-02-04,77.31952689003752,77.44499594576966,75.63048468523593,75.74630737304688,13417700,0.0,0.0
2025-02-05,76.28680081538893,76.82729198080786,75.48571043547172,76.69216918945312,10736100,0.0,0.0
2025-02-06,77.44498617021334,79.62626531832821,77.14578680235128,79.46218872070312,19545700,0.0,0.0
2025-02-07,79.55871894372827,80.02200236026282,78.51633677925561,78.87345123291016,10310300,0.0,0.0
2025-02-10,78.78657496142492,78.96995903708812,77.28091688565375,77.91793060302734,10681600,0.0,0.0
2025-02-11,77.65733844334731,78.69006687214093,77.42570041768859,78.28469848632812,9993800,0.0,0.0
2025-02-12,77.3774276974364,78.45841726365732,77.2230048243414,78.4391098022461,10448100,0.0,0.0
2025-02-13,78.56458994866196,79.2691576872774,77.96618379830365,79.24020385742188,11108400,0.0,0.0
2025-02-14,79.53941629930587,81.7206884255686,79.36568594411646,81.66278076171875,16035000,0.0,0.0
2025-02-18,81.01611531900653,81.78824445300438,80.6397008014092,81.68207550048828,17907000,0.0,0.0
2025-02-19,81.13193623873599,81.29602022626537,80.54318377547146,81.01612091064453,9710800,0.0,0.0
2025-02-20,80.91959308113081,81.13193098707372,78.12061483337982,78.50667572021484,15160300,0.0,0.0
2025-02-21,78.95065973908906,79.05682869306163,76.83694175463081,76.87554931640625,14907800,0.0,0.0
2025-02-24,77.42569527676704,77.87932492947363,74.38541785775962,75.80421447753906,12830000,0.0,0.0
2025-02-25,76.4219109980179,76.79832547806491,73.79665600430852,75.41813659667969,14501400,0.0,0.0
2025-02-26,76.05515828666397,77.30021716694247,75.73665142722555,76.31575012207031,13115000,0.0,0.0
2025-02-27,76.78868668502166,77.57047698796714,75.92004224741125,76.12272644042969,8485900,0.0,0.0
2025-02-28,76.46052473884136,77.18439993033965,74.90660540533389,77.16509246826172,21233600,0.0,0.0
2025-03-03,77.21336580579833,77.62838794155012,73.59398928365154,74.48194122314453,20121100,0.0,0.0
2025-03-04,71.94353644109756,72.2523895323635,68.16973059866709,69.82981872558594,33983900,0.0,0.0
2025-03-05,70.07111841386018,70.96872396315129,69.20246669460434,70.4185791015625,17214200,0.0,0.0
2025-03-06,69.30864179713886,69.86844043962529,67.60029940071517,68.12149047851562,18550800,0.0,0.0
2025-03-07,67.73541544849833,68.27590657298605,65.69891263691018,68.00566101074219,18212900,0.0,0.0
2025-03-10,66.10428732480061,66.33593271207606,63.74928479662023,65.0619125366211,22378400,0.0,0.0
2025-03-11,64.94609661049779,66.08499411053748,63.86510678149104,65.1487808227539,21269200,0.0,0.0
2025-03-12,66.39382808452338,66.70268118006771,64.54070951125729,65.58308410644531,16131100,0.0,0.0
2025-03-13,66.01741174336975,66.73163312599945,64.4055849265498,64.88816833496094,17125200,0.0,0.0
2025-03-14,65.60239532948253,66.59651605766837,65.22598082781292,66.3841781616211,12727300,0.0,0.0
2025-03-17,66.49034834170281,67.90914488827335,66.28766417271262,67.50377655029297,12531700,0.0,0.0
2025-03-18,67.53273322389872,68.03461680201613,67.16596506715953,67.7740249633789,12289900,0.0,0.0
2025-03-19,67.90915587930296,69.66575965849506,67.24318824223528,68.9515380859375,14400600,0.0,0.0
2025-03-20,68.5075464591615,70.43788016497047,68.08287068751913,69.31828308105469,15315600,0.0,0.0
2025-03-21,68.79710358650041,69.73331676835483,68.30486634749283,69.47272491455078,21724000,0.0,0.0
2025-03-24,70.70813136088849,71.76015978014978,70.1386790430375,71.4609603881836,15310600,0.0,0.0
2025-03-25,71.76016912368631,72.19449871696645,71.15211652946242,71.87599182128906,10922200,0.0,0.0
2025-03-26,72.21378531550342,72.44542330375685,70.51508955315411,70.6888198852539,12345800,0.0,0.0
2025-03-27,70.44754175304584,70.44754175304584,69.26039039110715,69.34725189208984,13155800,0.0,0.0
2025-03-28,69.0962851811315,69.68503749695202,67.25282048882443,67.88018035888672,13630700,0.0,0.0
2025-03-31,67.07910749515223,68.71988847403811,66.02707898409199,68.51720428466797,15568400,0.0,0.0
2025-04-01,67.92844786493916,68.41103134402304,66.86676568368249,68.08287811279297,10957100,0.0,0.0
2025-04-02,67.24317340887204,69.45340640322166,67.17561202317745,69.2603759765625,9731700,0.0,0.0
2025-04-03,63.86509485589356,64.47315474275902,60.70900219204487,60.85377502441406,39469500,0.0,0.0
2025-04-04,58.151308851941515,58.31538546649095,54.34855238691281,56.10515594482422,51730500,0.0,0.0
2025-04-07,54.2037776697143,59.193692891130695,53.576417657437894,56.80007553100586,37487700,0.0,0.0
2025-04-08,59.10682976967531,60.47736516720475,55.5646649010253,56.72286605834961,30272300,0.0,0.0
2025-04-09,54.782875504886704,63.45972817056638,54.116911622164025,61.915462493896484,49437900,0.0,0.0
2025-04-10,59.92721696608037,60.32293527420637,57.02206602327529,59.44463348388672,25912800,0.0,0.0
2025-04-11,58.75937168754505,60.1395608789203,57.83280851107051,59.492897033691406,24776000,0.0,0.0
2025-04-14,61.14332565221893,62.18570773985458,60.51596933516691,61.01785659790039,20385900,0.0,0.0
2025-04-15,61.95406484695077,63.980913837382836,61.61625422733243,62.08918762207031,24738400,0.0,0.0
2025-04-16,60.863425966630835,61.596951189752566,59.16473016284442,59.93686294555664,21922600,0.0,0.0
2025-04-17,60.01408179867377,61.55834746017882,59.68592488537648,61.046810150146484,14656300,0.0,0.0
2025-04-21,60.56422466504566,60.94063917745839,59.792091859863184,60.50631332397461,15136000,0.0,0.0
2025-04-22,61.3074044786957,62.70689727824402,61.297750747475405,62.30152893066406,13252300,0.0,0.0
2025-04-23,64.15465050280261,66.42279143887349,63.85545109460236,63.99057388305664,17243900,0.0,0.0
2025-04-24,63.951970626834985,65.95951248919516,63.488687204050215,65.7857894897461,13672300,0.0,0.0
2025-04-25,65.49622661985377,66.31661701459056,65.39971140229163,66.04637145996094,12253400,0.0,0.0
2025-04-28,66.26836421138631,66.98258566982456,65.40935887869102,65.90159606933594,14304800,0.0,0.0
2025-04-29,65.66030718760197,66.7026892728976,65.60239952629873,66.48069763183594,8862800,0.0,0.0
2025-04-30,65.15842497843255,66.26836847980965,64.39594217946288,65.99811553955078,15756500,0.0,0.0
2025-05-01,65.83403325113018,66.50000076733912,65.52518013821165,65.76647186279297,9682300,0.0,0.0
2025-05-02,67.15631315855765,68.36277175641774,66.94397526715206,68.1311264038086,13291200,0.0,0.0
2025-05-05,67.40146533761218,69.01645785007467,67.36254905053231,68.33543395996094,10318500,0.56,0.0
2025-05-06,67.566849486828,68.36461476247983,67.29444291795016,67.58631134033203,7744300,0.0,0.0
2025-05-07,67.85874173310303,68.77325618328042,67.76145469899426,68.34518432617188,11619200,0.0,0.0
2025-05-08,69.07483345576858,70.28120875049237,69.02618623784673,69.69747924804688,12698400,0.0,0.0
2025-05-09,70.08663262766132,70.3006685040786,69.35696891579681,69.51262664794922,8941900,0.0,0.0
2025-05-12,72.57721531739513,73.59874747731581,72.2756233600477,72.87881469726562,18464100,0.0,0.0
2025-05-13,73.09284043585899,74.20192863672085,72.99555342960358,73.52091217041016,12397800,0.0,0.0
2025-05-14,73.57928194017641,73.80304873194686,72.93718176915826,73.24850463867188,11372000,0.0,0.0
2025-05-15,72.56749719776742,74.10465746156656,72.45075573433037,73.90035247802734,12627700,0.0,0.0
2025-05-16,73.33606249694553,73.83223588377166,73.0831177623088,73.6668472290039,14008700,0.0,0.0
2025-05-19,72.96637744849907,74.25058539469171,72.76207248234613,74.06573486328125,12691700,0.0,0.0
2025-05-20,73.79332513248212,73.98790658432706,73.37498428916979,73.84197235107422,8930900,0.0,0.0
2025-05-21,72.94692011548364,73.37498446552448,71.21517859125692,71.42921447753906,17143800,0.0,0.0
2025-05-22,71.23464044774991,71.90593346881238,70.94277198054272,71.42921447753906,12067800,0.0,0.0
2025-05-23,69.70720507797148,71.40975366539043,69.70720507797148,71.108154296875,9851900,0.0,0.0
2025-05-27,72.14914533024235,73.50145470214619,71.4973068279578,73.42362213134766,12148500,0.0,0.0
2025-05-28,73.52091847826345,73.696038073557,72.76206937283256,72.99555969238281,9993200,0.0,0.0
2025-05-29,73.55010391083998,73.66685278198865,72.65505149960384,73.48200225830078,11879200,0.0,0.0
2025-05-30,73.26796377426693,73.47226872463956,72.4604749006579,73.27769470214844,12512200,0.0,0.0
2025-06-02,73.12204410166814,73.8419769621421,72.28536236279682,73.74468994140625,9073400,0.0,0.0
2025-06-03,73.57928941118584,74.659192348138,73.39444630967427,74.45488739013672,9802600,0.0,0.0
2025-06-04,74.42570193174468,75.47641950512788,74.27976769835422,74.32841491699219,10119600,0.0,0.0
2025-06-05,74.53270899608692,75.17480913775252,73.60847135705292,74.59107971191406,14760500,0.0,0.0
2025-06-06,75.60288791326343,76.28391182582727,75.37912853333134,76.13797760009766,11515200,0.0,0.0
2025-06-09,76.46876353736056,76.77036295053912,75.99205194059455,76.05042266845703,9288000,0.0,0.0
2025-06-10,75.71964105760361,76.19635262757323,75.41804166137821,75.91421508789062,10942400,0.0,0.0
2025-06-11,76.07961061255901,76.78008906076045,75.74883324675508,76.25473022460938,9030500,0.0,0.0
2025-06-12,75.69044674072485,76.13797289545901,75.24291316346809,76.1087875366211,6739700,0.0,0.0
2025-06-13,74.95105945619679,75.1359099768799,74.04627613144137,74.28949737548828,11987200,0.0,0.0
2025-06-16,75.03861080489916,76.17689179630953,74.86349122333779,75.953125,10396600,0.0,0.0
2025-06-17,75.39859345367185,75.87530506300767,75.01916886751336,75.26239013671875,8078600,0.0,0.0
2025-06-18,75.30130235715752,76.82873154824192,75.1650990475722,76.22554016113281,14866100,0.0,0.0
2025-06-20,76.74116340284662,77.12058794557154,76.20608112536125,76.32282257080078,17336500,0.0,0.0
2025-06-23,76.24499871705184,77.29570885657131,75.40831703866849,77.2081527709961,12007200,0.0,0.0
2025-06-24,77.83079217638212,79.24147231556995,77.71404331600935,78.93988037109375,18393000,0.0,0.0
2025-06-25,78.93988409643207,80.46731316807524,78.88151337475243,80.38948059082031,13221900,0.0,0.0
2025-06-26,80.42840451526352,82.4909234731945,80.42840451526352,82.08231353759766,18600500,0.0,0.0
2025-06-27,82.1990513297173,82.27688391089383,81.53748923476387,82.09203338623047,21872400,0.0,0.0
2025-06-30,82.59793768494983,83.12329647374735,82.31580014527022,82.81197357177734,18035200,0.0,0.0
2025-07-01,82.6952179250363,84.13509086775876,82.47145112827026,83.93077850341797,17088900,0.0,0.0
2025-07-02,84.14482573050154,84.57289752686626,83.14275531857857,84.40750885009766,13420200,0.0,0.0
2025-07-03,84.76747050547918,86.39219415654298,84.4950638830322,86.31436157226562,13229900,0.0,0.0
2025-07-07,85.74035167408162,86.42137562200546,84.77719761029437,85.22472381591797,12407300,0.0,0.0
2025-07-08,85.23445745571432,85.40957705674886,83.16221502890863,83.24977111816406,18075600,0.0,0.0
2025-07-09,84.29076463383886,84.29076463383886,83.26923230784597,83.46381378173828,9929400,0.0,0.0
2025-07-10,83.5027125425488,84.71881866455078,83.43461089661761,84.71881866455078,9586100,0.0,0.0
2025-07-11,83.59027689424835,84.60207817860433,83.29841584959324,84.3783187866211,10256000,0.0,0.0
2025-07-14,84.1350943861669,85.15661913797526,83.88214221892346,85.12743377685547,13450800,0.0,0.0
2025-07-15,86.24625264884509,89.31084173817399,85.73062481087518,88.26012420654297,39270900,0.0,0.0
2025-07-16,88.99952014774725,89.13572344947946,85.83764400142051,87.5791015625,23321000,0.0,0.0
2025-07-17,87.68613312997181,90.67289014930724,87.442911850148,90.56587219238281,23949200,0.0,0.0
2025-07-18,90.62423850420592,91.25661523361458,90.22535209460908,90.91609954833984,16603700,0.0,0.0
2025-07-21,91.05230132458793,91.52902030695863,90.02104562542159,90.1377944946289,11894500,0.0,0.0
2025-07-22,91.03284629999952,91.91817518506333,90.20589556042205,91.45118713378906,15282600,0.0,0.0
2025-07-23,91.93764084554898,93.38723754882812,91.91818640969338,93.38723754882812,22339800,0.0,0.0
2025-07-24,93.67910297918465,94.28229438631101,92.71594885157592,92.80350494384766,15644400,0.0,0.0
2025-07-25,92.80350288183323,93.58181387873358,91.86953413906706,93.4650650024414,13543400,0.0,0.0
2025-07-28,93.46506442958666,93.59153681123522,92.49217940068598,92.95916748046875,19370700,0.0,0.0
2025-07-29,93.39696437642985,93.50398232524643,91.80143349546775,91.91818237304688,13169900,0.0,0.0
2025-07-30,92.3267909084325,93.38723202920468,92.01546799547404,93.21211242675781,13998000,0.0,0.0
2025-07-31,92.88132753793737,93.54288960207646,91.01339021184694,91.15931701660156,14638800,0.0,0.0
2025-08-01,89.35948891963963,89.53460852272181,85.55551229508193,89.34003448486328,17725600,0.0,0.0
2025-08-04,89.84925137396213,90.89708430639072,89.63380783192906,90.17241668701172,11611400,0.6,0.0
2025-08-05,90.41724046321596,90.79916040142709,87.82213789155445,89.62401580810547,19836100,0.0,0.0
2025-08-06,89.97655787549017,90.71102043996427,89.71215463966891,90.3193130493164,13153600,0.0,0.0
2025-08-07,91.30839668273873,91.31819161027552,89.21273047030131,89.34004211425781,12964000,0.0,0.0
2025-08-08,90.06469486079564,91.3573486408624,89.44774154147191,90.80895233154297,10772600,0.0,0.0
2025-08-11,91.10273694236867,91.23983602583196,88.91893906196056,90.39765167236328,12133300,0.0,0.0
2025-08-12,91.28880088539346,93.77618164907012,91.08315226538163,93.756591796875,21046400,0.0,0.0
2025-08-13,94.01121734584936,94.2070710601171,92.62063654906368,92.6891860961914,16605000,0.0,0.0
2025-08-14,92.50311551852207,93.51177629545084,92.27788450476474,93.4823989868164,13288800,0.0,0.0
2025-08-15,93.48238986686407,93.52156209833507,91.65112727012554,91.74906158447266,12000400,0.0,0.0
2025-08-18,91.4161024310078,92.40518074113523,91.3965200507109,92.26808166503906,8780700,0.0,0.0
2025-08-19,92.02327316396513,92.39539821024142,91.49445916893652,91.79803466796875,11504400,0.0,0.0
2025-08-20,91.59238028774912,91.80782384311534,88.80142393718639,91.23983764648438,13447400,0.0,0.0
2025-08-21,90.92646025295667,90.93625517872243,89.5652569537479,90.67184448242188,17635200,0.0,0.0
2025-08-22,91.0341898458267,93.63908744427673,90.91667314055606,93.28654479980469,20124400,0.0,0.0
2025-08-25,93.25716750006816,93.4726035860747,92.91441231083162,93.03192901611328,8647000,0.0,0.0
2025-08-26,92.71855152052909,93.75658952149365,92.08201582374654,93.73700714111328,11031100,0.0,0.0
2025-08-27,93.17882098194785,95.43116841529393,93.12005889492858,94.86318969726562,11315600,0.0,0.0
2025-08-28,95.35283313438654,95.47034236786062,94.54002606993802,94.81422424316406,10878900,0.0,0.0
2025-08-29,94.64774907294056,94.98070186721209,94.06018048394725,94.56940460205078,8362600,0.0,0.0
2025-09-02,93.05150847578795,93.05150847578795,91.03418699551429,92.81648254394531,15128800,0.0,0.0
2025-09-03,92.92420310399835,93.26695080664895,91.46507290052037,93.0613021850586,14158800,0.0,0.0
2025-09-04,93.32571666462619,95.1373895701564,93.32571666462619,95.06884002685547,12900100,0.0,0.0
2025-09-05,95.35282687396676,95.9501903427062,92.1995331462181,93.42363739013672,17020800,0.0,0.0
2025-09-08,93.87411620591047,93.98183798781237,92.67938914942775,93.8839111328125,11398800,0.0,0.0
2025-09-09,93.52156272014653,96.10687024370836,93.4725955626474,95.32344055175781,18101600,0.0,0.0
2025-09-10,95.48013248152952,96.34189919270624,94.51064399753828,95.15696716308594,12238300,0.0,0.0
2025-09-11,95.33323363692465,96.9882249067641,94.88276418771905,96.77278137207031,13426500,0.0,0.0
2025-09-12,96.73362079510257,97.63455980205461,96.40066799870985,97.37995147705078,9502900,0.0,0.0
2025-09-15,97.73248932324982,98.09481941076925,97.34077445689888,97.72269439697266,10620100,0.0,0.0
2025-09-16,97.79124434518937,98.76073285315425,97.15470861863761,98.55508422851562,12350700,0.0,0.0
2025-09-17,98.40819182059886,100.09256055039104,98.32985482279953,99.65188598632812,14371600,0.0,0.0
2025-09-18,99.8575345223309,100.57240725638246,99.58333635193632,100.28842163085938,11677600,0.0,0.0
2025-09-19,100.41571922210923,100.99349283317545,99.75960114710001,100.55281829833984,24745700,0.0,0.0
2025-09-22,99.65188268947854,101.65940921320863,99.59312060389836,101.34603881835938,11474500,0.0,0.0
2025-09-23,101.385214713488,103.40253623623347,100.28842202757114,100.86619567871094,15747900,0.0,0.0
2025-09-24,101.24811771667474,101.91403077743742,99.51478925615393,99.5441665649414,12272400,0.0,0.0
2025-09-25,98.93699348889054,100.14151527040708,98.07522684944071,99.99462127685547,11232900,0.0,0.0
2025-09-26,100.38635225064921,102.15885296963602,100.38635225064921,101.27749633789062,11296300,0.0,0.0
2025-09-29,101.99236904188949,102.22739496922723,100.74867492240908,101.02288055419922,10748700,0.0,0.0
2025-09-30,100.96411447914369,101.47334601814869,97.08615321028529,99.39726257324219,17789100,0.0,0.0
2025-10-01,98.84887498643135,99.04472869017914,96.5769376547936,96.66506958007812,13793300,0.0,0.0
2025-10-02,97.02739901104935,97.38972907972159,94.69669978673308,95.32344055175781,14511900,0.0,0.0
2025-10-03,95.32344170446366,96.53775848880515,95.28427694359787,95.71515655517578,13863600,0.0,0.0
2025-10-06,97.1449154146836,97.98709978080578,95.02966704422631,96.01874542236328,10398000,0.0,0.0
2025-10-07,96.41045405586789,96.81196386240771,94.67712561173288,95.77392578125,8519400,0.0,0.0
2025-10-08,96.15583868374118,96.15583868374118,94.58897927894121,94.69670104980469,8496000,0.0,0.0
2025-10-09,95.01007156689894,95.28427719305283,93.48239186359551,93.932861328125,11300600,0.0,0.0
2025-10-10,94.2070628070927,95.87184911788576,91.71968947416995,91.98409271240234,18619500,0.0,0.0
2025-10-13,93.59011186595025,94.9513151597266,93.43343041101977,94.109130859375,18463600,0.0,0.0
2025-10-14,93.39426893584596,99.12307584610826,93.07110359169955,97.77165985107422,33164600,0.0,0.0
2025-10-15,99.0936914600425,100.03380264477877,96.79236945062921,97.71289825439453,15730100,0.0,0.0
2025-10-16,98.13398985448283,98.61383663455658,93.26695009971628,94.26582336425781,20534000,0.0,0.0
2025-10-17,94.21685952230219,95.97957271511991,93.30612561790299,95.05904388427734,14007800,0.0,0.0
2025-10-20,95.45075323087984,97.53662416216353,95.10800553860402,97.24284362792969,11302700,0.0,0.0
2025-10-21,96.8805049765072,97.34076936001908,95.94039382929405,96.21459197998047,9150100,0.0,0.0
2025-10-22,96.15583767006677,96.43983074740943,93.03192129063682,94.30499267578125,14369200,0.0,0.0
2025-10-23,94.81421668651858,95.50950699073884,94.30499261558938,94.6869125366211,8189100,0.0,0.0
2025-10-24,95.37240874626995,97.4484922225753,95.33323651411257,96.73361206054688,11870700,0.0,0.0
2025-10-27,97.24284330513106,99.13286054065159,97.04698214495265,98.8978271484375,13214200,0.0,0.0
2025-10-28,98.90763082428916,99.4266498698339,98.05565151265496,99.28955078125,8766400,0.0,0.0
2025-10-29,99.19161729905039,99.82815300855788,96.97843470485768,97.06657409667969,11878800,0.0,0.0
2025-10-30,96.58672658618134,99.35810061747281,96.2733561725917,98.14379119873047,9584000,0.0,0.0
2025-10-31,97.83041713760872,99.40706407351188,97.65414581957793,99.13286590576172,11190300,0.0,0.0
2025-11-03,99.22151601389884,100.12782669644876,97.57636363050977,100.09827423095703,10829100,0.6,0.0
2025-11-04,98.66000396322467,101.02429908501529,97.2217262471414,99.50720977783203,13449100,0.0,0.0
2025-11-05,99.74363726967766,100.7583120808421,97.53696532490058,100.17709350585938,9992400,0.0,0.0
2025-11-06,99.96035736704353,100.8174089268685,98.48267397050512,99.34957885742188,9282500,0.0,0.0
2025-11-07,98.52208734459413,99.32988736289595,95.92136496782304,99.29048156738281,14887100,0.0,0.0
2025-11-10,99.75348285020594,101.36908276664234,98.8176121871241,99.98005676269531,11270600,0.0,0.0
2025-11-11,100.12783021335015,100.57113224306964,98.81761574736254,99.26092529296875,9639500,0.0,0.0
2025-11-12,99.70423187004675,102.3148075936142,99.67467940216918,101.33953857421875,15069200,0.0,0.0
2025-11-13,100.9257728963384,102.02911253725533,98.97523502336723,99.17225646972656,11427000,0.0,0.0
2025-11-14,98.34476109147839,100.03917265137562,96.68975532551909,98.80776977539062,10134500,0.0,0.0
2025-11-17,98.5910447285772,98.78806618849893,95.77359425955218,96.72916412353516,11389600,0.0,0.0
2025-11-18,96.04943109718562,98.08863410292115,94.94609133681136,96.85723114013672,10463700,0.0,0.0
2025-11-19,96.70945802237786,99.0934522741765,96.63064643160263,98.34476470947266,8426800,0.0,0.0
2025-11-20,99.5663134498032,101.32968331988303,96.01002124232781,96.177490234375,12633700,0.0,0.0
2025-11-21,96.67005556136755,97.85220691611036,94.40427861757979,97.23157501220703,14404700,0.0,0.0
2025-11-24,97.25127827545042,99.12301221824012,97.13306088933454,98.20684814453125,17389200,0.0,0.0
2025-11-25,98.86687874829256,100.23619820107064,98.04922540141445,99.66482543945312,10881900,0.0,0.0
2025-11-26,100.20664242300681,101.76313747424723,99.95050851834893,100.97503662109375,11384100,0.0,0.0
2025-11-28,101.27057670369265,102.81721843325973,100.98489033123927,102.05867004394531,5865200,0.0,0.0
2025-12-01,101.56610857483818,102.79751146133206,100.88637929229655,101.15235900878906,9663700,0.0,0.0
2025-12-02,102.05866612169221,102.6497379831377,101.47744758743865,101.65476989746094,8056900,0.0,0.0
2025-12-03,101.56611740842706,105.39824292321951,101.56611740842706,105.13226318359375,14003600,0.0,0.0
2025-12-04,105.07315476837461,107.09265110151561,105.043594784161,106.18634033203125,12811300,0.0,0.0
2025-12-05,106.06811945983857,107.74283193025312,105.91050379531083,107.26011657714844,14936300,0.0,0.0
2025-12-08,107.57534780080486,108.60972918030518,106.13707020290855,107.29951477050781,11394800,0.0,0.0
2025-12-09,107.18131653249816,108.21569050828248,105.41794659371857,107.80194091796875,15822700,0.0,0.0
2025-12-10,107.73297559685496,110.24504047444903,107.63446486978762,109.4372329711914,16584300,0.0,0.0
2025-12-11,109.6145593523324,110.66863995441531,109.45694368635537,110.07756805419922,10829700,0.0,0.0
2025-12-12,111.61436411282169,111.74242731128456,109.53575537444001,110.13668060302734,11227900,0.0,0.0
2025-12-15,110.77700445097233,111.83108505722294,110.5504305210057,111.1218032836914,10692100,0.0,0.0
2025-12-16,111.12180269882053,111.69316794261194,108.90527743899742,109.6244125366211,12418200,0.0,0.0
2025-12-17,110.2253378304182,111.32867755502653,109.30917375516952,109.8017349243164,9949700,0.0,0.0
2025-12-18,110.55041913080046,112.15616567853947,110.45190840983918,111.1513442993164,21155800,0.0,0.0
2025-12-19,111.51584685810818,113.88999532592263,111.36808451852393,113.15115356445312,37660800,0.0,0.0
2025-12-22,113.49593470261641,116.8847576829935,113.16099674175356,116.33308410644531,20178100,0.0,0.0
2025-12-23,116.40205427638931,118.48065540943007,116.31338936135617,117.62360382080078,16135000,0.0,0.0
2025-12-24,117.928990084914,121.01242019006061,117.47583472707655,119.75146484375,13529600,0.0,0.0
2025-12-26,119.84013704182523,120.22433416237976,117.8895914547977,118.62843322753906,10603700,0.0,0.0
2025-12-29,118.5693236505617,118.7761984369267,116.22473522253793,116.37249755859375,11000600,0.0,0.0
2025-12-30,116.53012813529116,116.64834552752686,114.7963106286045,115.46619415283203,8636100,0.0,0.0
2025-12-31,115.65335435688067,115.87008245574118,114.6386796357486,114.95391845703125,6203300,0.0,0.0
2026-01-02,115.46619078576836,116.95372765216872,114.85541221752567,116.93402099609375,9245400,0.0,0.0
2026-01-05,117.5349403738399,122.25367713955525,117.52509456218066,121.46558380126953,19993400,0.0,0.0
2026-01-06,121.83992722785166,122.3226350538233,120.39179623405002,120.67748260498047,11940100,0.0,0.0
2026-01-07,120.4903027329743,120.75628995542051,118.90425527312865,119.56429290771484,11595800,0.0,0.0
2026-01-08,119.08158867465889,120.59867801738089,118.37230688580465,118.80575561523438,14801500,0.0,0.0
2026-01-09,119.14069376708349,119.9287871001974,118.36244624556421,119.5150375366211,7565700,0.0,0.0
2026-01-12,115.16079736248376,116.97341877094992,114.93421592848219,115.94889068603516,19926900,0.0,0.0
2026-01-13,115.96859688098526,116.47101135203226,113.82102999371195,114.5697250366211,18332300,0.0,0.0
2026-01-14,116.15578292978873,116.98328211777488,108.82647004928378,110.73760986328125,27984600,0.0,0.0
2026-01-15,112.15617130774146,116.20502452432092,111.07253829100652,115.71246337890625,18719700,0.0,0.0
2026-01-16,116.04740911888021,117.57434416346041,115.25930827814507,116.2838363647461,17153800,0.0,0.0
2026-01-20,112.75710246461792,114.78645208587551,110.71789951548313,111.1218032836914,20451300,0.0,0.0
2026-01-21,111.45674159233609,113.87028833297028,111.45674159233609,112.16603088378906,14199900,0.0,0.0
2026-01-22,112.86546748954734,114.90467045613433,112.35320717385375,113.93925476074219,11271500,0.0,0.0
2026-01-23,113.25951327188307,113.9096900887308,111.51584257292181,111.90003967285156,12164400,0.0,0.0
2026-01-26,112.20542941672794,113.76192442601402,112.16602362354375,113.11174011230469,11728700,0.0,0.0
2026-01-27,113.19056315993711,114.24464380771532,112.0084117923707,113.08219909667969,11976800,0.0,0.0
2026-01-28,112.89501937477486,113.98850578036107,111.45674165118558,112.50096893310547,11378300,0.0,0.0
2026-01-29,113.13144696681067,114.62883714638963,111.71287589486232,113.48609161376953,14443200,0.0,0.0
2026-01-30,112.71769381044244,114.91451988635231,112.48126655859446,113.9885025024414,12396600,0.0,0.0
2026-02-02,113.83996436694693,115.84028809893532,113.48347117817796,115.09759521484375,11773700,0.6,0.0
2026-02-03,115.8600896977247,117.76138166416462,114.25587035131825,116.56317138671875,15332100,0.0,0.0
2026-02-04,116.63249244153653,118.77145163160019,115.79077532797113,116.28590393066406,12408300,0.0,0.0
2026-02-05,115.2758437856679,115.2758437856679,111.81984073279578,114.61236572265625,18704600,0.0,0.0
2026-02-06,116.21658668516605,121.77193023361565,116.21658668516605,121.49465942382812,15248800,0.0,0.0
2026-02-09,120.9995244940137,123.9405894606344,120.50439591525769,122.56412506103516,12887500,0.0,0.0
2026-02-10,122.5146186201312,123.78214659242764,118.33573214236081,120.95991516113281,12121300,0.0,0.0
2026-02-11,122.38587570045195,123.02954434927875,116.21657797962028,116.24628448486328,13771400,0.0,0.0
2026-02-12,116.8899565202116,118.01884908252558,109.85913216832519,110.06708526611328,19353300,0.0,0.0
2026-02-13,108.70052301452618,110.34435349458037,107.33397088013093,109.7799072265625,16665200,0.0,0.0
2026-02-17,111.20587905730389,113.39434641461419,110.89889420863321,112.67145538330078,12314600,0.0,0.0
2026-02-18,113.91918729697991,115.89970166398916,113.84986959633709,115.13719940185547,11678900,0.0,0.0
2026-02-19,113.86966808016042,114.78071040414491,113.06756220263809,114.4242172241211,8085300,0.0,0.0
2026-02-20,114.13703910850997,114.99855797779887,112.73086823973051,114.86982727050781,12986800,0.0,0.0
2026-02-23,114.21625917717503,115.77097019803989,107.7993969005768,109.67098236083984,17996400,0.0,0.0
2026-02-24,108.38364008079613,110.31464602133012,106.45264169532447,108.49256896972656,14981000,0.0,0.0
2026-02-25,110.23543210979388,113.39435502143368,109.75020819321475,113.22600555419922,13649100,0.0,0.0
2026-02-26,113.58249477038186,115.86008929129564,113.34483516417623,115.0579833984375,14759400,0.0,0.0
2026-02-27,112.07731447427857,112.07731447427857,107.60135508373534,109.11644744873047,29106900,0.0,0.0
2026-03-02,105.22472905291073,110.79987420301183,105.16530848523804,110.3641586303711,18976600,0.0,0.0
2026-03-03,106.3833271541784,111.28509708121119,105.70995198220635,109.6808853149414,15813300,0.0,0.0
2026-03-04,110.5820163549147,111.23558971351066,109.41351259217316,110.23542785644531,13042200,0.0,0.0
2026-03-05,109.49273867642076,110.51270238710045,106.8388490691381,107.88851928710938,15549100,0.0,0.0
2026-03-06,104.1651549553803,105.5515089603164,102.08560883785076,105.49209594726562,16586900,0.0,0.0
2026-03-09,103.43235634487338,106.00703098015302,101.01613403516191,105.55150604248047,18525600,0.0,0.0
2026-03-10,107.35378359685069,109.8294265257876,106.3239152318054,107.9083251953125,17843900,0.0,0.0
2026-03-11,107.28445791957773,108.47277105382639,106.43284370603406,108.12618255615234,12958400,0.0,0.0
2026-03-12,105.3237592708187,105.95752329170986,103.62051563152505,104.47213745117188,17487000,0.0,0.0
2026-03-13,105.08609684817029,106.84875345643957,104.36320576749998,104.66028594970703,11406900,0.0,0.0
2026-03-16,106.26449647187124,107.63105622713283,105.57131946200143,106.30410766601562,11902600,0.0,0.0
2026-03-17,107.44290282491599,108.67081959892606,106.37342326929627,106.66059875488281,12758400,0.0,0.0
2026-03-18,106.06645296326897,108.4826830324215,106.06645296326897,107.61125183105469,12337200,0.0,0.0
2026-03-19,106.28430230190604,109.50263805694419,105.78917372420786,108.77974700927734,16714500,0.0,0.0
2026-03-20,108.53218717161067,110.12650186159074,107.79939896198135,108.45296478271484,29718400,0.0,0.0
2026-03-23,112.02779589163298,112.28526488267138,109.88884423818543,110.55231475830078,16883200,0.0,0.0
2026-03-24,109.0966333138354,113.68152895998823,108.42325811931742,112.63185119628906,14105700,0.0,0.0
2026-03-25,113.86967264099727,114.99856523793422,112.48331105816123,113.3646469116211,11314900,0.0,0.0
2026-03-26,112.94873772850907,113.67162883378782,110.48299933047889,111.3148193359375,12689900,0.0,0.0
2026-03-27,109.98786805215806,110.77017215494772,105.91791031318544,106.33381652832031,23143000,0.0,0.0
2026-03-30,107.40329249123842,108.35393847437764,105.48219115058848,106.22488403320312,20319300,0.0,0.0
2026-03-31,108.03706278067739,112.66156225290855,107.29436985474919,112.3050765991211,18267700,0.0,0.0
2026-04-01,114.34499290117374,115.65213202075977,112.95863139735526,114.17665100097656,13273700,0.0,0.0
2026-04-02,111.22568248657191,114.48362940791469,110.66123621479291,114.12713623046875,9833900,0.0,0.0
2026-04-06,114.67178446873666,116.55326706673098,114.67178446873666,116.21658325195312,13319700,0.0,0.0
2026-04-07,115.34516180205625,116.55326923793731,114.62227072294523,115.98882293701172,8450100,0.0,0.0
2026-04-08,120.76186063416198,123.27711478953306,120.54401039981312,122.28685760498047,16312000,0.0,0.0
2026-04-09,121.61348335580642,124.2574758008139,121.13816413438816,123.70292663574219,8835400,0.0,0.0
2026-04-10,124.01981006862555,124.24757254969073,122.40569354651278,123.17809295654297,8958000,0.0,0.0
2026-04-13,121.81153734620734,125.07938149426563,121.15796398355808,125.04967498779297,14416800,0.0,0.0
2026-04-14,126.82223732167037,129.7137863150528,125.61411486463071,128.31752014160156,17034700,0.0,0.0
2026-04-15,129.9712515972542,131.56556622125217,129.29788398469606,130.40696716308594,14738900,0.0,0.0
2026-04-16,129.96136227565145,131.476454605085,127.96103847144884,128.07986450195312,9290300,0.0,0.0
2026-04-17,129.80292274133012,132.26866874483747,129.38701650762886,130.89219665527344,15929400,0.0,0.0
2026-04-20,130.69414069038507,132.13992284713694,130.36735400200706,131.75372314453125,10151800,0.0,0.0
2026-04-21,132.2983713789721,133.97189339766388,129.98115798746397,130.39706420898438,8081400,0.0,0.0
2026-04-22,131.11996165035052,131.17937466571456,128.1392777584969,128.466064453125,10439100,0.0,0.0
2026-04-23,128.22840509585623,128.7235336758864,125.6042145556213,127.25794219970703,9084600,0.0,0.0
2026-04-24,127.03018876835486,127.80258815341908,126.25778938329063,126.73311614990234,6835000,0.0,0.0
2026-04-27,126.61428505356734,128.13927447934725,126.39642726272369,127.8818130493164,6155900,0.0,0.0
2026-04-28,129.18895997600626,130.0306695235168,126.76281776639343,127.27775573730469,9585300,0.0,0.0
2026-04-29,127.30746342647573,127.66395662347468,125.34675839804437,126.3667221069336,12796000,0.0,0.0
2026-04-30,126.4558377955923,127.66395275379539,125.31704809226372,126.73311614990234,12127700,0.0,0.0
2026-05-01,127.38668513016005,129.20875474495813,125.62402852952106,126.19837951660156,10616500,0.0,0.0
2026-05-04,126.21827290007542,126.40731420455053,123.96970309861653,124.99449157714844,15027900,0.6,0.0
2026-05-05,125.67105221602995,127.92957356009627,125.41237290420982,127.3624496459961,13566900,0.0,0.0
2026-05-06,129.82991661222715,130.9143991603054,126.82518915145074,126.95452880859375,13363800,0.0,0.0
2026-05-07,126.9744388099562,130.5661706936728,126.41726640010542,128.43699645996094,18802300,0.0,0.0
2026-05-08,129.5314294411837,131.28252092289478,124.5865692340273,124.91490173339844,17505500,0.0,0.0
2026-05-11,125.23328961653753,127.44205337518261,124.05925834029135,125.21338653564453,11377100,0.0,0.0
2026-05-12,125.43226870987591,125.91978789655303,122.62653411529195,125.80039978027344,9937100,0.0,0.0
2026-05-13,124.36768548696716,125.21338423011832,123.13396017236076,123.47223663330078,7207100,0.0,0.0
2026-05-14,124.4472779048383,125.71085020148226,122.85537310917633,124.18859100341797,8226300,0.0,0.0
2026-05-15,123.85032032887487,123.87021581877275,122.10917271696441,122.7956771850586,7762100,0.0,0.0
2026-05-18,122.68622797703118,123.82046062467701,121.19381579951816,121.79078674316406,8770600,0.0,0.0
2026-05-19,120.83563777812272,120.83563777812272,119.15419186554536,119.36312866210938,11092200,0.0,0.0
2026-05-20,120.3580679539436,124.64626315774574,119.28352937032146,124.18859100341797,11182000,0.0,0.0
2026-05-21,123.40258797420195,124.81540302452127,122.65638187977683,124.5865707397461,6834900,0.0,0.0
2026-05-22,125.3526708054905,125.8501415290833,124.2482851918504,124.45722198486328,6331000,0.0,0.0
2026-05-26,125.61136206642927,126.78539331848417,124.62637212495642,126.21827697753906,8966900,0.0,0.0
2026-05-27,126.44711193477632,127.12367246024553,123.83041851535926,124.7557144165039,8246300,0.0,0.0
2026-05-28,123.8403643524122,124.71591010177848,122.61658302049709,124.04930114746094,7933200,0.0,0.0
2026-05-29,124.01945337434822,126.2083215300344,122.89516467670504,125.26313018798828,17325700,0.0,0.0
2026-06-01,123.45234493781942,128.44695559133143,122.97476967091895,128.43699645996094,12543700,0.0,0.0
2026-06-02,128.03901668752684,131.78995017727834,128.03901668752684,130.59600830078125,13589300,0.0,0.0
2026-06-03,130.26767704789177,131.18303654371488,127.62114432308728,129.27273559570312,11146400,0.0,0.0
2026-06-04,130.60597637293262,134.98371294779037,130.20799065965295,134.46633911132812,11482600,0.0,0.0
2026-06-05,134.72502655768483,135.14290014852037,130.52637238770654,131.79989624023438,12557900,0.0,0.0
2026-06-08,132.7251925675315,134.19771694646732,132.29737500151288,132.60580444335938,11550500,0.0,0.0
2026-06-09,134.0484619140625,135.24238865876998,131.25267877254512,134.0484619140625,11663300,0.0,0.0
2026-06-10,133.51119187095384,136.4263629507631,131.88943249469332,132.70529174804688,15085500,0.0,0.0
2026-06-11,133.72013331755554,137.53076113536315,133.13312146828144,137.37158203125,12464200,0.0,0.0
2026-06-12,139.0430682671208,140.40613320168055,137.51086510708737,139.12266540527344,10359700,0.0,0.0
2026-06-15,141.7095116941432,142.8338004562712,140.1673645020593,140.49569702148438,12775600,0.0,0.0
2026-06-16,142.31642804584905,142.77410782400543,140.33650414137955,142.26669311523438,13234700,0.0,0.0
2026-06-17,142.47562070303584,145.79872169136078,142.31642641840168,143.0526885986328,13140300,0.0,0.0
2026-06-18,145.74897597920074,147.21154110017517,142.31641589021902,142.33631896972656,29331200,0.0,0.0
2026-06-22,143.97798542716734,145.6295767135605,143.74913796050168,144.93312072753906,14979400,0.0,0.0
2026-06-23,143.40091664048268,145.40074349788802,142.41591913552688,144.23666381835938,13297300,0.0,0.0
2026-06-24,144.25657468081437,145.18186299589604,142.45571779915625,142.8636474609375,13904300,0.0,0.0
2026-06-25,144.1570714585737,147.04239569852118,144.08743344890993,144.24661254882812,12155900,0.0,0.0
2026-06-26,143.89838469993384,144.3660083892297,140.0479510203787,141.0428924560547,17927100,0.0,0.0
2026-06-29,141.13244890305003,143.11237264634224,140.71456013972448,141.7692108154297,9526100,0.0,0.0
2026-06-30,140.2867466041401,141.18218785024914,138.674946288503,139.25201416015625,22118600,0.0,0.0
2026-07-01,139.53060200963643,140.5653344940641,137.56060690063364,139.42115783691406,13702800,0.0,0.0
2026-07-02,141.1623047981329,141.39113709215457,137.5208152666115,139.261962890625,9500100,0.0,0.0
2026-07-06,141.15233947991257,143.16212547152946,140.8439100576628,143.1322784423828,14139700,0.0,0.0
2026-07-07,143.3312732921698,143.97799439071082,139.94847818854987,140.05792236328125,9737600,0.0,0.0
2026-07-08,139.43109635407228,139.5305965732532,136.45621590714575,136.69500732421875,9831400,0.0,0.0
2026-07-09,138.05806784065416,139.1326064105763,137.31186176556392,138.86398315429688,10269000,0.0,0.0
2026-07-10,140.67477552724736,140.72452563766586,139.04307210409488,140.0778045654297,10517800,0.0,0.0
2026-07-13,140.386241270526,140.75436474000549,136.87409925154216,139.9982147216797,12439900,0.0,0.0
2026-07-14,137.04324535718789,143.56009992666844,131.49147005930803,132.59585571289062,32127800,0.0,0.0
2026-07-15,133.40175668321942,134.4364891520009,131.10344427240486,134.20765686035156,18092200,0.0,0.0
2026-07-16,134.03851529053154,134.31709768601883,130.54627621607176,131.0437469482422,13763500,0.0,0.0
2026-07-17,128.78522457973165,130.5860661872384,126.43716213473894,128.70562744140625,15691900,0.0,0.0
2026-07-20,128.90461007807704,130.60596661432007,127.79028052735973,128.06886291503906,10961300,0.0,0.0
2026-07-21,128.91456701526718,132.86447048371576,128.51658133849566,132.1680145263672,11224200,0.0,0.0
2026-07-22,132.04863261479693,133.2326153886869,131.4317737638366,131.5810089111328,10635500,0.0,0.0
2026-07-23,129.8398664890717,131.79990246975677,129.362298817202,131.212890625,10724500,0.0,0.0
2026-07-24,131.57106663858704,132.60579909676542,130.73530425827136,131.5213165283203,10822000,0.0,0.0
2026-07-27,133.57088862207982,134.6653302811956,130.35723201446035,132.4267120361328,12451600,0.0,0.0
2026-07-28,132.10832566335569,132.3272139987841,130.08859571684977,131.79989624023438,9420800,0.0,0.0
2026-07-29,131.09348429105208,131.76009326264787,126.13867995821055,126.48690795898438,12942600,0.0,0.0
2026-07-30,128.31760521806888,131.90934460530337,128.14846698651075,131.65066528320312,10467700,0.0,0.0
2026-07-31,132.8744405031057,134.75487933284813,131.27258407913232,131.77999877929688,9604900,0.0,0.0
2026-08-03,132.47000122070312,133.6199951171875,131.17999267578125,133.57000732421875,8084100,0.67,0.0
2026-08-04,134.32000732421875,138.0500030517578,134.32000732421875,136.8699951171875,12152500,0.0,0.0
2026-08-05,137.3000030517578,139.1699981689453,137.13999938964844,137.63999938964844,12028300,0.0,0.0
2026-08-06,138.33999633789062,139.25999450683594,133.66000366210938,133.82000732421875,8882600,0.0,0.0
2026-08-07,133.82000732421875,135.24000549316406,132.52000427246094,135.0,10160300,0.0,0.0
2026-08-10,134.8699951171875,136.13999938964844,134.47000122070312,135.22000122070312,7077300,0.0,0.0
2026-08-11,135.91000366210938,137.14999389648438,135.33999633789062,135.77000427246094,5067500,0.0,0.0
2026-08-12,136.8699951171875,138.58999633789062,136.41000366210938,137.5800018310547,6060400,0.0,0.0
2026-08-13,138.2899932861328,139.05999755859375,137.10000610351562,138.72999572753906,9507100,0.0,0.0
2026-08-14,138.16000366210938,140.27999877929688,138.16000366210938,139.3300018310547,6829700,0.0,0.0
2026-08-17,139.25,140.8800048828125,137.80999755859375,138.50999450683594,8949800,0.0,0.0
2026-08-18,137.3000030517578,138.2100067138672,136.4499969482422,137.64999389648438,7079800,0.0,0.0
2026-08-19,137.74000549316406,137.7899932861328,132.35000610351562,132.88999938964844,10383200,0.0,0.0
2026-08-20,132.5,133.0800018310547,129.61000061035156,129.6699981689453,7830500,0.0,0.0
2026-08-21,131.22000122070312,132.25,130.33999633789062,131.64999389648438,11274100,0.0,0.0
2026-08-24,131.38999938964844,132.63999938964844,131.00999450683594,131.72000122070312,9324500,0.0,0.0
