Date,Open,High,Low,Close,Volume,Dividends,Stock Splits
2020-01-02 00:00:00-05:00,66.8279384487744,67.83252716064453,66.73278153365436,67.83252716064453,27278000,0.0,0.0
2020-01-03 00:00:00-05:00,66.80761528460377,68.08379778892568,66.77390994004057,67.47766876220703,23408000,0.0,0.0
2020-01-06 00:00:00-05:00,66.98750339759994,69.3014879316115,66.95628606830468,69.27621459960938,46768000,0.0,0.0
2020-01-07 00:00:00-05:00,69.40753802370638,69.5582024487993,68.96644963729894,69.14238739013672,34330000,0.0,0.0
2020-01-08 00:00:00-05:00,69.12802647532469,69.97204388362319,69.01949180178964,69.63453674316406,35314000,0.0,0.0
2020-01-09 00:00:00-05:00,70.47162431370698,70.80615951418059,69.89077616220537,70.36557006835938,33200000,0.0,0.0
2020-01-10 00:00:00-05:00,70.84530347811571,71.11639816188107,70.3561412229082,70.82002258300781,26258000,0.0,0.0
2020-01-13 00:00:00-05:00,71.1317546271615,71.44051730380278,70.64210083819175,71.36865997314453,30730000,0.0,0.0
2020-01-14 00:00:00-05:00,71.36716436377095,71.49750880179123,70.76103550256398,70.90080261230469,26076000,0.0,0.0
2020-01-15 00:00:00-05:00,71.02124763841545,71.40583792168397,70.95384451597616,71.32752990722656,21550000,0.0,0.0
2020-01-16 00:00:00-05:00,71.63727043008046,71.89746776178359,71.36716643681049,71.8707046508789,26080000,0.0,0.0
2020-01-17 00:00:00-05:00,72.48426869061286,73.3768514456116,72.18740154979925,73.3258056640625,52424000,0.0,0.0
2020-01-21 00:00:00-05:00,73.30002755955512,73.83925246721381,72.86439154992613,73.46110534667969,48930000,0.0,0.0
2020-01-22 00:00:00-05:00,73.831821043348,74.36954862534002,73.48142768998797,73.54138946533203,28458000,0.0,0.0
2020-01-23 00:00:00-05:00,73.72377206652983,74.0186578379967,73.36544584943454,73.58202362060547,26650000,0.0,0.0
2020-01-24 00:00:00-05:00,73.98496973313786,74.05336352547234,72.51599297869527,72.6641845703125,29786000,0.0,0.0
2020-01-27 00:00:00-05:00,70.94789079814586,71.19767480231553,70.35117700362538,70.95730590820312,34132000,0.0,0.0
2020-01-28 00:00:00-05:00,71.45340418513541,72.10066465532061,70.88940505128319,71.88755798339844,29724000,0.0,0.0
2020-01-29 00:00:00-05:00,72.28204821190393,72.56355620090642,71.63429624956653,72.19482421875,21566000,0.0,0.0
2020-01-30 00:00:00-05:00,71.27301221062503,72.1229736667599,71.11937574477422,72.07341766357422,27110000,0.0,0.0
2020-01-31 00:00:00-05:00,72.74793528121658,72.83763974165787,70.72586425069801,71.00935363769531,43822000,0.0,0.0
2020-02-03 00:00:00-05:00,72.4401606618482,73.66183373200143,72.19037662681714,73.47845458984375,71636000,0.0,0.0
2020-02-04 00:00:00-05:00,72.08530406404785,72.7221511823301,70.47656803193662,71.63529205322266,95880000,0.0,0.0
2020-02-05 00:00:00-05:00,72.53728878225081,72.58536256030895,70.85570477873623,71.66700744628906,36376000,0.0,0.0
2020-02-06 00:00:00-05:00,71.96089840725588,73.42690277747084,71.88656063613087,73.14985656738281,37822000,0.0,0.0
2020-02-07 00:00:00-05:00,72.72464050558949,73.60978951764092,72.62651160369214,73.30548858642578,28360000,0.0,0.0
2020-02-10 00:00:00-05:00,73.21230643210724,74.78089390340634,73.11169710268464,74.76998901367188,38302000,0.0,0.0
2020-02-11 00:00:00-05:00,74.99846724762173,75.82167304144915,74.61090502112194,74.8393783569336,34852000,0.0,0.0
2020-02-12 00:00:00-05:00,75.12684294355199,75.34689187241607,74.77050554826452,75.26412963867188,31042000,0.0,0.0
2020-02-13 00:00:00-05:00,74.83640497378897,75.62689608164477,74.53903875028274,75.0044174194336,22914000,0.0,0.0
2020-02-14 00:00:00-05:00,75.06092014232502,75.33449526939701,74.6158614465477,75.26907348632812,23198000,0.0,0.0
2020-02-18 00:00:00-05:00,75.0515118488402,75.85538085243427,74.8864713768279,75.30426788330078,25642000,0.0,0.0
2020-02-19 00:00:00-05:00,75.68886406150456,75.86431032475254,75.38060043957452,75.5733871459961,22746000,0.0,0.0
2020-02-20 00:00:00-05:00,75.2829563031184,75.68241413427546,74.5519353136324,75.18284606933594,25962000,0.0,0.0
2020-02-21 00:00:00-05:00,74.56779071017739,74.8834956332235,73.27475947782071,73.52107238769531,42520000,0.0,0.0
2020-02-24 00:00:00-05:00,70.52710149169147,71.18774716204823,69.72125140837088,70.36900329589844,49560000,0.0,0.0
2020-02-25 00:00:00-05:00,70.92114587223547,71.21107083764458,68.4143740672696,68.70677947998047,51580000,0.0,0.0
2020-02-26 00:00:00-05:00,69.13594979993545,70.06223775405306,68.22254806781541,68.91242980957031,49776000,0.0,0.0
2020-02-27 00:00:00-05:00,67.3597075582135,67.86819914105875,65.13443677157909,65.16962432861328,62290000,0.0,0.0
2020-02-28 00:00:00-05:00,63.15549166870897,66.53254456868979,62.85317207191718,66.37395477294922,80198000,0.0,0.0
2020-03-02 00:00:00-05:00,66.97563144652645,68.76376926920587,65.6776390854785,68.70677947998047,55430000,0.0,0.0
2020-03-03 00:00:00-05:00,69.26976927543198,69.7906479427087,65.87784169688798,66.2981185913086,56602000,0.0,0.0
2020-03-04 00:00:00-05:00,67.35077754870201,68.5313112774351,66.26242870695833,68.47283172607422,47598000,0.0,0.0
2020-03-05 00:00:00-05:00,66.68617596648993,67.08663199651346,64.50997717418309,65.16020965576172,54380000,0.0,0.0
2020-03-06 00:00:00-05:00,62.93940012057122,64.56498121361302,62.307997902917315,64.21756744384766,64640000,0.0,0.0
2020-03-09 00:00:00-04:00,59.71846256922305,62.08596950725931,59.37550300597867,60.25520324707031,69252000,0.0,0.0
2020-03-10 00:00:00-04:00,62.16824305070715,63.23181023125932,60.19176558217221,63.1981086730957,54872000,0.0,0.0
2020-03-11 00:00:00-04:00,61.864932499631436,62.29412541390752,59.03353654424814,60.01285171508789,54732000,0.0,0.0
2020-03-12 00:00:00-04:00,55.63764838838644,58.91508605796514,54.93636636348303,55.089012145996094,94326000,0.0,0.0
2020-03-13 00:00:00-04:00,58.23313582495067,60.18631753199108,55.125688027826726,60.179874420166016,79400000,0.0,0.0
2020-03-16 00:00:00-04:00,54.00165359735801,56.77010434529723,52.885055565048226,53.1784553527832,96520000,0.0,0.0
2020-03-17 00:00:00-04:00,54.05270334557388,55.80516162378033,51.99395905552296,55.411651611328125,83194000,0.0,0.0
2020-03-18 00:00:00-04:00,52.53119691195089,54.763897729434355,51.394275053932354,54.07996368408203,93044000,0.0,0.0
2020-03-19 00:00:00-04:00,53.932764120819286,57.12396841730102,52.313622306797946,55.0949592590332,74064000,0.0,0.0
2020-03-20 00:00:00-04:00,56.048007686267525,56.4236781479315,52.638244210911644,52.94105911254883,82878000,0.0,0.0
2020-03-23 00:00:00-04:00,52.35426310073486,52.8766315654061,50.00013767795823,52.243247985839844,83672000,0.0,0.0
2020-03-24 00:00:00-04:00,54.713843223428654,56.168443781993375,53.8440533745928,56.003902435302734,72468000,0.0,0.0
2020-03-25 00:00:00-04:00,55.734794548512,56.80480495892768,53.67456396204227,54.596885681152344,90324000,0.0,0.0
2020-03-26 00:00:00-04:00,55.24612330659313,58.05918070033342,54.121596084192674,57.63494110107422,76562000,0.0,0.0
2020-03-27 00:00:00-04:00,55.87801492498947,57.04665313941578,54.71482915567299,55.02507781982422,62794000,0.0,0.0
2020-03-30 00:00:00-04:00,56.13424235942423,57.044173024062125,54.44174969491328,56.81173324584961,58736000,0.0,0.0
2020-03-31 00:00:00-04:00,56.93166734073544,58.154323238547406,56.33644338766307,57.586856842041016,65228000,0.0,0.0
2020-04-01 00:00:00-04:00,55.70603956639152,55.97465756314441,54.19394647198858,54.620662689208984,51970000,0.0,0.0
2020-04-02 00:00:00-04:00,54.516589764619354,55.64508338449243,54.17611063573357,55.3606071472168,56410000,0.0,0.0
2020-04-03 00:00:00-04:00,55.24562600577843,55.44783157309285,53.28154321364978,54.1547966003418,51374000,0.0,0.0
2020-04-06 00:00:00-04:00,56.152084641071774,59.01420235812891,55.75559886997343,58.6395263671875,63320000,0.0,0.0
2020-04-07 00:00:00-04:00,60.31566330394941,60.502509752587144,58.34513751348153,58.60830307006836,61620000,0.0,0.0
2020-04-08 00:00:00-04:00,59.62627903343339,60.21109350341691,58.67719432513304,59.81956481933594,40334000,0.0,0.0
2020-04-09 00:00:00-04:00,60.373655297137006,60.56247930945825,59.09697386880248,59.798255920410156,54028000,0.0,0.0
2020-04-13 00:00:00-04:00,59.54698356017191,60.192262693866695,58.59690819494701,59.98856735229492,38702000,0.0,0.0
2020-04-14 00:00:00-04:00,61.45358277533107,63.22685654351929,60.88710314879472,62.705482482910156,63358000,0.0,0.0
2020-04-15 00:00:00-04:00,61.77771006857329,63.19514183500943,61.157707976694326,62.312469482421875,42236000,0.0,0.0
2020-04-16 00:00:00-04:00,62.80013802922198,63.10840538961774,61.36585746351938,62.318904876708984,57896000,0.0,0.0
2020-04-17 00:00:00-04:00,63.52173597337611,63.93308931599049,62.74363573527321,63.38792419433594,51050000,0.0,0.0
2020-04-20 00:00:00-04:00,62.93642855436658,63.27988346361511,62.26983873721597,62.50326919555664,35292000,0.0,0.0
2020-04-21 00:00:00-04:00,61.58937276726455,61.95066721324188,59.72044319356517,60.07529830932617,49648000,0.0,0.0
2020-04-22 00:00:00-04:00,61.510082220526535,63.43154382404846,61.316301082632826,62.36748123168945,46296000,0.0,0.0
2020-04-23 00:00:00-04:00,62.73074553471791,63.84139948935235,62.47253710306715,62.99985885620117,34202000,0.0,0.0
2020-04-24 00:00:00-04:00,62.198476293536736,63.323997976696404,61.65331112209811,63.268985748291016,37402000,0.0,0.0
2020-04-27 00:00:00-04:00,64.03221368825741,64.13629414565634,62.697052671356346,62.98450469970703,44186000,0.0,0.0
2020-04-28 00:00:00-04:00,63.59608296834432,63.67339274554905,60.97829284393305,61.08782196044922,80700000,0.0,0.0
2020-04-29 00:00:00-04:00,66.65892460884133,67.4097664682987,65.75345562296938,66.5191650390625,108358000,0.0,0.0
2020-04-30 00:00:00-04:00,65.98291477764961,66.90672236515653,65.49424409029045,66.74317169189453,55842000,0.0,0.0
2020-05-01 00:00:00-04:00,65.62261230338001,66.97760179374693,64.90745711448741,65.2870864868164,48872000,0.0,0.0
2020-05-04 00:00:00-04:00,64.83162512222222,65.64144560406487,64.23094864842768,65.56362915039062,30806000,0.0,0.0
2020-05-05 00:00:00-04:00,66.28722046090816,67.94799308300591,66.16480889484865,66.858154296875,39666000,0.0,0.0
2020-05-06 00:00:00-04:00,67.30322237891274,67.83302473191479,66.6653768871208,66.68024444580078,31732000,0.0,0.0
2020-05-07 00:00:00-04:00,67.46724765565328,68.1952965450196,67.03260232501718,67.86224365234375,30652000,0.0,0.0
2020-05-08 00:00:00-04:00,68.48374294304661,69.21822742140198,67.99755269554913,68.60863494873047,33326000,0.0,0.0
2020-05-11 00:00:00-04:00,68.23444914371004,70.1544207533012,68.17051714278251,69.56266784667969,32718000,0.0,0.0
2020-05-12 00:00:00-04:00,69.79214367959435,70.09495481486462,68.12145686010034,68.1546630859375,33918000,0.0,0.0
2020-05-13 00:00:00-04:00,68.20323154118306,68.65770538437538,65.81689032510918,66.82395935058594,40368000,0.0,0.0
2020-05-14 00:00:00-04:00,66.08996899266552,67.27198506358019,65.5834587375986,67.24671173095703,36660000,0.0,0.0
2020-05-15 00:00:00-04:00,66.82049185975197,68.1249195115489,66.3615562640386,68.04959106445312,41544000,0.0,0.0
2020-05-18 00:00:00-04:00,67.48062455886121,69.02591991175245,67.11486460350257,68.65025329589844,47094000,0.0,0.0
2020-05-19 00:00:00-04:00,68.66512886344131,69.01254263159231,68.0842808724935,68.11599731445312,31586000,0.0,0.0
2020-05-20 00:00:00-04:00,68.84750402851577,69.98095458703384,68.76127070528746,69.83871459960938,38262000,0.0,0.0
2020-05-21 00:00:00-04:00,69.92942638175046,70.20052108564059,69.10671959654051,69.71929168701172,30894000,0.0,0.0
2020-05-22 00:00:00-04:00,69.57803347006285,70.22727525632826,69.18402813173392,70.04093170166016,28544000,0.0,0.0
2020-05-26 00:00:00-04:00,71.46430955805518,71.62042645531723,70.34622550732381,70.44385528564453,44590000,0.0,0.0
2020-05-27 00:00:00-04:00,70.37596228255275,70.64111296949386,69.11712797478641,70.38983917236328,31684000,0.0,0.0
2020-05-28 00:00:00-04:00,69.38476281548232,71.58822421683158,69.33916947365334,70.28874969482422,35170000,0.0,0.0
2020-05-29 00:00:00-04:00,70.39727026219002,71.20510940143461,70.17672981418404,71.0460205078125,37044000,0.0,0.0
2020-06-01 00:00:00-04:00,70.6584640274907,71.44548411572828,70.48896178135337,71.11293029785156,25162000,0.0,0.0
2020-06-02 00:00:00-04:00,71.1193624308014,71.5158481937541,70.45574467809989,71.48165130615234,23442000,0.0,0.0
2020-06-03 00:00:00-04:00,71.50097863487548,71.81370394521399,70.95184711636607,71.32999420166016,27732000,0.0,0.0
2020-06-04 00:00:00-04:00,71.20758919005584,71.43259900133093,69.68261343947218,70.09346771240234,26982000,0.0,0.0
2020-06-05 00:00:00-04:00,70.15986891378326,71.67939953713636,69.7623924809076,71.36815643310547,42642000,0.0,0.0
2020-06-08 00:00:00-04:00,70.6872055170517,71.81321492577551,70.59799261823765,71.76564025878906,33878000,0.0,0.0
2020-06-09 00:00:00-04:00,71.62686152321996,72.74494544839004,71.4841224171889,71.96585083007812,33624000,0.0,0.0
2020-06-10 00:00:00-04:00,72.43321799548916,72.99126556620439,72.07886198518231,72.59131622314453,31762000,0.0,0.0
2020-06-11 00:00:00-04:00,71.41821322493519,71.9420714461508,69.30594657750737,69.47891235351562,47144000,0.0,0.0
2020-06-12 00:00:00-04:00,70.66637905468488,71.09508037664003,68.68098578681742,70.02507019042969,36676000,0.0,0.0
2020-06-15 00:00:00-04:00,68.86386165002531,70.62375348540785,68.7503661032029,70.41262817382812,30468000,0.0,0.0
2020-06-16 00:00:00-04:00,71.81321161861592,72.21812185182957,70.82150937457023,71.68782806396484,30648000,0.0,0.0
2020-06-17 00:00:00-04:00,72.00848353832393,72.46741153025238,71.12580754686152,71.98865509033203,30610000,0.0,0.0
2020-06-18 00:00:00-04:00,71.85535389400442,72.00998103439683,70.68522565709645,71.07576751708984,34862000,0.0,0.0
2020-06-19 00:00:00-04:00,71.36718955593845,71.59021051083286,70.3264150166452,70.60594177246094,52784000,0.0,0.0
2020-06-22 00:00:00-04:00,70.62426351742366,71.90986092830514,70.33582083244812,71.8954849243164,29442000,0.0,0.0
2020-06-23 00:00:00-04:00,71.9619068378626,73.11171506401635,71.61498454974334,72.5556411743164,37752000,0.0,0.0
2020-06-24 00:00:00-04:00,72.52093138540484,73.14092954173177,70.87155554973336,71.00537109375,31592000,0.0,0.0
2020-06-25 00:00:00-04:00,70.93202293315196,71.48214515083893,70.35315627186846,71.42168426513672,23958000,0.0,0.0
2020-06-26 00:00:00-04:00,71.00192894001768,71.2194974492893,67.15454331252376,67.52822875976562,97640000,0.0,0.0
2020-06-29 00:00:00-04:00,67.41917770561653,69.28563069385827,66.98849501522294,69.24449157714844,45074000,0.0,0.0
2020-06-30 00:00:00-04:00,69.23012852105167,70.57420557968574,68.73699600814484,70.2793197631836,40286000,0.0,0.0
2020-07-01 00:00:00-04:00,70.3348389789325,71.78745836250906,70.08752781778017,71.46630096435547,42182000,0.0,0.0
2020-07-02 00:00:00-04:00,71.9539643543716,73.77184427310539,71.91579724002281,72.85050964355469,57218000,0.0,0.0
2020-07-06 00:00:00-04:00,73.75351267291511,74.83640917181805,73.19991930923392,74.32345581054688,44712000,0.0,0.0
2020-07-07 00:00:00-04:00,74.1490043020227,75.39743275025508,73.83032740946122,73.84123229980469,42364000,0.0,0.0
2020-07-08 00:00:00-04:00,74.38044955606385,74.89439355873654,73.95918199653875,74.51921844482422,31766000,0.0,0.0
2020-07-09 00:00:00-04:00,74.83293808896195,75.7849985849552,74.12224472312172,75.2656021118164,41836000,0.0,0.0
2020-07-10 00:00:00-04:00,74.9974808669184,76.38963919030913,74.37649193816277,76.27416229248047,35918000,0.0,0.0
2020-07-13 00:00:00-04:00,76.81586355325133,78.12525214839029,74.6659286390458,74.94693756103516,42954000,0.0,0.0
2020-07-14 00:00:00-04:00,73.98346627119216,75.47077370788296,73.64347873991565,75.37462615966797,38108000,0.0,0.0
2020-07-15 00:00:00-04:00,75.49209008651471,76.14133186204778,74.23325586952488,75.17738342285156,31026000,0.0,0.0
2020-07-16 00:00:00-04:00,74.41513840582077,75.12931041610598,73.75945351224223,75.08024597167969,26484000,0.0,0.0
2020-07-17 00:00:00-04:00,75.1788676895288,75.50200636800437,74.24663566725596,75.17589569091797,34264000,0.0,0.0
2020-07-20 00:00:00-04:00,75.08420032253589,77.7609649381559,74.47460794232198,77.5047378540039,30166000,0.0,0.0
2020-07-21 00:00:00-04:00,78.55494094995885,78.65505117777408,76.94867771392333,77.11222839355469,27486000,0.0,0.0
2020-07-22 00:00:00-04:00,77.10183310378895,77.66037988743525,76.48331697322058,77.55481719970703,24482000,0.0,0.0
2020-07-23 00:00:00-04:00,77.60833887916083,77.82739713519356,74.76653311104509,75.17095184326172,33910000,0.0,0.0
2020-07-24 00:00:00-04:00,74.30066345548695,75.10552305492557,73.72575942026643,74.74769592285156,29902000,0.0,0.0
2020-07-27 00:00:00-04:00,74.99798885025126,76.20230640806061,74.95189639606012,75.79937744140625,27124000,0.0,0.0
2020-07-28 00:00:00-04:00,75.57982812818864,75.6298832481758,74.3665870026742,74.52171325683594,30910000,0.0,0.0
2020-07-29 00:00:00-04:00,74.58860929092415,75.99265563453109,74.4899812798863,75.50597381591797,22676000,0.0,0.0
2020-07-30 00:00:00-04:00,74.24019694838614,76.36733890949552,74.10142804829563,76.24244689941406,36042000,0.0,0.0
2020-07-31 00:00:00-04:00,74.19459395635562,74.58958993707091,72.06100916107408,73.74359130859375,91468000,0.0,0.0
2020-08-03 00:00:00-04:00,73.89475522037439,74.2282920907646,72.93922369965598,73.48637390136719,45482000,0.0,0.0
2020-08-04 00:00:00-04:00,73.68213307465254,73.99932014227736,72.55809766985357,73.01752471923828,37212000,0.0,0.0
2020-08-05 00:00:00-04:00,73.19199180453877,73.84519626003934,72.91444645952018,73.30448913574219,29134000,0.0,0.0
2020-08-06 00:00:00-04:00,73.15878241875599,74.65154238351218,72.94814864418152,74.58612060546875,33306000,0.0,0.0
2020-08-07 00:00:00-04:00,74.78882893893368,75.33647070213861,73.66033162813625,74.26001739501953,27718000,0.0,0.0
2020-08-10 00:00:00-04:00,73.88485534335744,74.69516746531231,73.22520012701789,74.18321228027344,20546000,0.0,0.0
2020-08-11 00:00:00-04:00,74.04343941326381,74.8582208141743,73.25989046753106,73.37635803222656,31098000,0.0,0.0
2020-08-12 00:00:00-04:00,73.70247590056702,74.91918811247346,73.59740476873101,74.69963073730469,22512000,0.0,0.0
2020-08-13 00:00:00-04:00,74.74770466605213,76.1730693636547,74.74770466605213,75.1659927368164,22388000,0.0,0.0
2020-08-14 00:00:00-04:00,75.01531784878155,75.32160764285088,74.29123915630834,74.57026672363281,21942000,0.0,0.0
2020-08-17 00:00:00-04:00,75.13229025369915,75.51936096663643,74.58861108119994,75.14566802978516,19990000,0.0,0.0
2020-08-18 00:00:00-04:00,75.6353335447207,77.18410047054229,75.41479306689972,77.10530090332031,28378000,0.0,0.0
2020-08-19 00:00:00-04:00,76.94223100784141,77.75354125629191,76.32322343836007,76.55169677734375,30472000,0.0,0.0
2020-08-20 00:00:00-04:00,76.3217300452834,78.31406556338243,76.04865405295624,78.11978912353516,26382000,0.0,0.0
2020-08-21 00:00:00-04:00,77.89924747722306,78.89442843243806,77.42892300821778,78.08609771728516,34838000,0.0,0.0
2020-08-24 00:00:00-04:00,78.92367069100864,79.73200903262453,78.05983234855898,78.5608901977539,25638000,0.0,0.0
2020-08-25 00:00:00-04:00,78.31060210938294,79.7369573344737,78.20057765629728,79.5867919921875,25150000,0.0,0.0
2020-08-26 00:00:00-04:00,79.60908564477356,81.9131558254161,79.3454247617791,81.48395538330078,52188000,0.0,0.0
2020-08-27 00:00:00-04:00,81.60687253223567,81.67526631440305,80.22909022649999,80.7103271484375,31350000,0.0,0.0
2020-08-28 00:00:00-04:00,80.75741347984508,81.34618686734322,80.56610901540381,81.25102996826172,22418000,0.0,0.0
2020-08-31 00:00:00-04:00,81.45620943407884,81.50230188313334,80.55223025727368,80.76038360595703,26422000,0.0,0.0
2020-09-01 00:00:00-04:00,80.89072586563118,82.23183081944713,80.76038141438515,82.02664947509766,22652000,0.0,0.0
2020-09-02 00:00:00-04:00,82.66746052539978,85.54643467567958,82.27989831423639,85.11476135253906,49522000,0.0,0.0
2020-09-03 00:00:00-04:00,84.22912884691586,84.25291996362634,79.6789756844659,80.7593994140625,63726000,0.0,0.0
2020-09-04 00:00:00-04:00,79.74289125622084,81.03096897134081,76.2226083165763,78.36560821533203,55850000,0.0,0.0
2020-09-08 00:00:00-04:00,75.57982146335551,77.09389228963359,75.15855385977208,75.51043701171875,54032000,0.0,0.0
2020-09-09 00:00:00-04:00,76.76431129264915,77.2509930776457,75.58823926894804,76.68154907226562,39242000,0.0,0.0
2020-09-10 00:00:00-04:00,76.82775166747923,77.99142901908637,75.33201208144567,75.63185119628906,33024000,0.0,0.0
2020-09-11 00:00:00-04:00,75.73592613662498,76.25878610515645,73.99486445257723,75.12187194824219,30706000,0.0,0.0
2020-09-14 00:00:00-04:00,75.90938200375422,77.16574324687778,74.59404965914706,74.77841186523438,42660000,0.0,0.0
2020-09-15 00:00:00-04:00,75.7230488068471,76.86789598953742,75.43609590207801,76.08136749267578,23042000,0.0,0.0
2020-09-16 00:00:00-04:00,76.44613252697442,77.03540497341557,74.9152054033124,74.93998718261719,22128000,0.0,0.0
2020-09-17 00:00:00-04:00,73.6375492023131,74.27440401171852,72.4803147274743,73.6985092163086,40008000,0.0,0.0
2020-09-18 00:00:00-04:00,73.76095327714144,74.10292221630368,70.951862206745,71.91680145263672,63056000,0.0,0.0
2020-09-21 00:00:00-04:00,70.9518489978719,71.37013697756234,69.51756861538587,70.87850189208984,56908000,0.0,0.0
2020-09-22 00:00:00-04:00,71.87864080173308,72.55514489120695,70.84679000199299,72.3494644165039,33950000,0.0,0.0
2020-09-23 00:00:00-04:00,71.9663575191047,72.01542196505994,69.51757431347869,69.8501205444336,37726000,0.0,0.0
2020-09-24 00:00:00-04:00,69.51757350502828,71.26755132764286,69.49130194472214,70.5177001953125,34552000,0.0,0.0
2020-09-25 00:00:00-04:00,70.62624357149211,71.6615578347478,69.76537731139764,71.32058715820312,30326000,0.0,0.0
2020-09-28 00:00:00-04:00,72.95263050693028,73.00218651543129,71.67842929521623,72.29198455810547,30784000,0.0,0.0
2020-09-29 00:00:00-04:00,72.55216627798126,72.95310628877834,72.0610151428717,72.65673828125,31816000,0.0,0.0
2020-09-30 00:00:00-04:00,72.40496388039755,73.65686345741786,72.14824521381277,72.63591766357422,40924000,0.0,0.0
2020-10-01 00:00:00-04:00,73.5309847051695,74.09647363654604,73.19099712373635,73.74111938476562,32884000,0.0,0.0
2020-10-02 00:00:00-04:00,72.34005638769705,73.30153216216262,71.73145447344945,72.14032745361328,31222000,0.0,0.0
2020-10-05 00:00:00-04:00,72.48971861393626,73.58252935432779,72.36284527360293,73.48985290527344,21602000,0.0,0.0
2020-10-06 00:00:00-04:00,73.12655549244805,73.57358785450597,71.61545709524182,71.91331481933594,26096000,0.0,0.0
2020-10-07 00:00:00-04:00,72.32418219519838,72.80293864392578,71.0316426314214,72.31575775146484,36108000,0.0,0.0
2020-10-08 00:00:00-04:00,72.62848419076307,73.74755887897275,72.62848419076307,73.51958465576172,26076000,0.0,0.0
2020-10-09 00:00:00-04:00,73.98693253652546,74.92808805462509,73.69650854901934,74.85870361328125,32966000,0.0,0.0
2020-10-12 00:00:00-04:00,76.22410298533136,78.72294124362386,75.79292119611887,77.54191589355469,55344000,0.0,0.0
2020-10-13 00:00:00-04:00,78.15746645271066,78.5613860495805,77.24654502979156,77.66483306884766,39072000,0.0,0.0
2020-10-14 00:00:00-04:00,78.03801846578263,78.4964473454377,76.61562602854337,77.48491668701172,33174000,0.0,0.0
2020-10-15 00:00:00-04:00,76.5462485174522,77.87942818375831,76.37923428577766,77.08992767333984,31210000,0.0,0.0
2020-10-16 00:00:00-04:00,77.40512942894904,78.1921494513825,77.19846587067573,77.69605255126953,34194000,0.0,0.0
2020-10-19 00:00:00-04:00,78.10393113108431,78.50041690354607,75.47672984424212,75.82513427734375,29734000,0.0,0.0
2020-10-20 00:00:00-04:00,75.48614593995441,78.00035081850514,75.35679216195857,76.87235260009766,41670000,0.0,0.0
2020-10-21 00:00:00-04:00,77.80260233594682,80.04720230384581,77.66829522867764,78.60250854492188,60322000,0.0,0.0
2020-10-22 00:00:00-04:00,78.55345638173165,79.96196457771984,78.18076166313445,79.62693786621094,30512000,0.0,0.0
2020-10-23 00:00:00-04:00,80.0427610123963,80.9878794606781,79.8871356369497,80.93138122558594,30548000,0.0,0.0
2020-10-26 00:00:00-04:00,80.04025290665729,80.76284171616221,77.70000470854104,78.51824951171875,35826000,0.0,0.0
2020-10-27 00:00:00-04:00,78.74821578247979,79.39596773671335,78.15646293187241,79.24134063720703,25902000,0.0,0.0
2020-10-28 00:00:00-04:00,76.81932392288722,77.00764880260952,74.76107508383566,74.87605285644531,45174000,0.0,0.0
2020-10-29 00:00:00-04:00,75.18431118327405,78.73879084927967,75.16101918675622,77.15979766845703,55406000,0.0,0.0
2020-10-30 00:00:00-04:00,82.63922363317832,83.32712413026837,79.37466827076221,80.09527587890625,99878000,0.0,0.0
2020-11-02 00:00:00-05:00,80.4635004553769,82.18325135824611,80.00258361891864,80.50215911865234,44228000,0.0,0.0
2020-11-03 00:00:00-05:00,80.82134439367809,82.22092895585259,79.89703764384542,81.5597915649414,31432000,0.0,0.0
2020-11-04 00:00:00-05:00,84.52946169743666,87.72364199998071,84.40159768740916,86.5252685546875,71342000,0.0,0.0
2020-11-05 00:00:00-05:00,87.74444631593936,88.80355922055054,86.28637474344528,87.3504409790039,39758000,0.0,0.0
2020-11-06 00:00:00-05:00,86.79735014914868,87.64781063793222,86.0707909999368,87.21316528320312,28622000,0.0,0.0
2020-11-09 00:00:00-05:00,89.00973736210345,90.04604232881928,87.10512476391894,87.29692077636719,53440000,0.0,0.0
2020-11-10 00:00:00-05:00,85.72831679334512,87.19580329792034,85.05181286532692,86.12232208251953,43022000,0.0,0.0
2020-11-11 00:00:00-05:00,86.65163125520539,87.37025744779257,86.38697971158325,86.5936508178711,31838000,0.0,0.0
2020-11-12 00:00:00-05:00,86.33445155052767,87.473354716202,86.1347226524478,86.37509155273438,26474000,0.0,0.0
2020-11-13 00:00:00-05:00,86.63180866553387,88.07550413337701,86.03609314698612,87.83414459228516,29744000,0.0,0.0
2020-11-16 00:00:00-05:00,87.43171451318527,88.92844464336729,87.29244651932197,87.92186737060547,25468000,0.0,0.0
2020-11-17 00:00:00-05:00,87.6160955653566,88.07602186164671,87.20127861757139,87.30882263183594,21314000,0.0,0.0
2020-11-18 00:00:00-05:00,87.06001562220402,87.47434095308526,86.16445340083658,86.26704406738281,20108000,0.0,0.0
2020-11-19 00:00:00-05:00,85.89980034337418,87.39950253324328,85.74071145834314,87.1556625366211,20106000,0.0,0.0
2020-11-20 00:00:00-05:00,87.32565489367907,87.64086066015253,85.9875220571306,86.05591583251953,27694000,0.0,0.0
2020-11-23 00:00:00-05:00,86.24624457507814,86.53220683419836,84.7574470410167,85.61880493164062,22530000,0.0,0.0
2020-11-24 00:00:00-05:00,85.61581961817127,87.54768668835644,85.2802938462471,87.4198226928711,27984000,0.0,0.0
2020-11-25 00:00:00-05:00,87.61361710340941,87.74098199849014,86.64966101469372,87.43122863769531,19600000,0.0,0.0
2020-11-27 00:00:00-05:00,87.45154481486274,89.06078000238365,87.45154481486274,88.56566619873047,14790000,0.0,0.0
2020-11-30 00:00:00-05:00,88.00215878980163,88.2345947781287,86.62387750763935,86.9489974975586,32418000,0.0,0.0
2020-12-01 00:00:00-05:00,87.55661139988837,90.28541271304861,87.37670339819209,88.97899627685547,37350000,0.0,0.0
2020-12-02 00:00:00-05:00,88.97900820349736,90.83158444204322,88.47398769607074,90.44649505615234,29424000,0.0,0.0
2020-12-03 00:00:00-05:00,90.22693546266429,91.3811977041033,90.05148923543042,90.29136657714844,24728000,0.0,0.0
2020-12-04 00:00:00-05:00,90.21106654990662,90.67098516788612,89.88247546731743,90.38651275634766,20544000,0.0,0.0
2020-12-07 00:00:00-05:00,89.9796162202592,90.66058195291019,89.35961804606805,90.05297088623047,22288000,0.0,0.0
2020-12-08 00:00:00-05:00,89.63122447433899,90.00044805346998,88.77680130408386,89.7704849243164,19936000,0.0,0.0
2020-12-09 00:00:00-05:00,89.7224195621186,90.61500993483831,87.32567250408466,88.11170196533203,31728000,0.0,0.0
2020-12-10 00:00:00-05:00,87.35539924282726,87.96945350590143,85.91467559079892,87.60568237304688,28688000,0.0,0.0
2020-12-11 00:00:00-05:00,87.22654341563204,88.08443768580932,86.86673495252047,87.96003723144531,18628000,0.0,0.0
2020-12-14 00:00:00-05:00,87.7578328663275,88.70344266311149,86.68781505650074,86.84294128417969,33050000,0.0,0.0
2020-12-15 00:00:00-05:00,87.21959899351037,87.42478033349926,86.31810030713507,87.28006744384766,21352000,0.0,0.0
2020-12-16 00:00:00-05:00,87.67803488029331,87.67803488029331,86.6843513067573,87.08727264404297,24676000,0.0,0.0
2020-12-17 00:00:00-05:00,87.42131779941667,87.55909602721862,85.79672351081625,86.26060485839844,34880000,0.0,0.0
2020-12-18 00:00:00-05:00,86.54111351698864,86.64964817459027,84.99630960699481,85.55237579345703,85256000,0.0,0.0
2020-12-21 00:00:00-05:00,84.70539704892414,86.08665047301542,83.95554588894409,85.9657211303711,33974000,0.0,0.0
2020-12-22 00:00:00-05:00,85.70651435079037,85.86907434812254,84.53936593674798,85.25502014160156,20370000,0.0,0.0
2020-12-23 00:00:00-05:00,85.43890137207586,86.43902813362216,85.30359602075463,85.65200805664062,22974000,0.0,0.0
2020-12-24 00:00:00-05:00,85.69016438918781,86.35477287610888,85.45970970994662,85.9458999633789,9312000,0.0,0.0
2020-12-28 00:00:00-05:00,86.47867070685578,88.56467341724073,86.32553337453282,87.91840362548828,27650000,0.0,0.0
2020-12-29 00:00:00-05:00,88.5760685497921,88.63752009733834,86.98418156215027,87.11551666259766,19726000,0.0,0.0
2020-12-30 00:00:00-05:00,87.4743497229206,87.61113729202937,85.6406113261825,86.04948425292969,21026000,0.0,0.0
2020-12-31 00:00:00-05:00,86.10003157948303,87.10263870414872,86.04154446235164,86.86177825927734,21070000,0.0,0.0
2021-01-04 00:00:00-05:00,87.22653987680384,87.34994209759138,84.60677228691033,85.54792785644531,37324000,0.0,0.0
2021-01-05 00:00:00-05:00,85.4963891255804,86.5738332163736,85.09048820170439,86.2378158569336,20360000,0.0,0.0
2021-01-06 00:00:00-05:00,84.26579245837004,86.43208444826773,84.05962045926168,85.38684844970703,46588000,0.0,0.0
2021-01-07 00:00:00-05:00,85.57915243705426,88.10971491007409,85.57915243705426,87.93724822998047,41936000,0.0,0.0
2021-01-08 00:00:00-05:00,88.07701571767527,89.17726037008994,87.28701600900457,89.10143280029297,35484000,0.0,0.0
2021-01-11 00:00:00-05:00,88.07006012945878,88.43482947963955,86.83699831013621,87.04267120361328,34796000,0.0,0.0
2021-01-12 00:00:00-05:00,86.50097826490368,87.61807170115141,85.06471635577631,86.10796356201172,29528000,0.0,0.0
2021-01-13 00:00:00-05:00,85.6069030910112,87.04763429733303,85.6069030910112,86.59465026855469,23432000,0.0,0.0
2021-01-14 00:00:00-05:00,86.67491942949295,87.60071580176646,85.54493996879263,85.78530883789062,29212000,0.0,0.0
2021-01-15 00:00:00-05:00,85.6911419451579,86.61296808342607,84.83325536240837,85.62175750732422,31444000,0.0,0.0
2021-01-19 00:00:00-05:00,86.38401590342727,89.39927873716123,85.87998609845495,88.43929290771484,41660000,0.0,0.0
2021-01-20 00:00:00-05:00,90.51586333657515,94.15113159683025,90.17588335880014,93.1772689819336,64152000,0.0,0.0
2021-01-21 00:00:00-05:00,93.85031725362155,95.75492235156246,93.1445696134799,93.37948608398438,58634000,0.0,0.0
2021-01-22 00:00:00-05:00,93.74176301889445,94.38258034216909,93.00033636251251,93.79627990722656,32744000,0.0,0.0
2021-01-25 00:00:00-05:00,94.79641468314033,95.24642668111035,92.14096048462264,93.88152313232422,50586000,0.0,0.0
2021-01-26 00:00:00-05:00,93.47067208076419,94.94559256063314,92.98200896097454,94.55902099609375,31462000,0.0,0.0
2021-01-27 00:00:00-05:00,92.92153956485564,93.19709601317666,89.07415506455348,90.14763641357422,82512000,0.0,0.0
2021-01-28 00:00:00-05:00,90.7453441830221,93.56979410024235,90.7453441830221,91.84558868408203,55278000,0.0,0.0
2021-01-29 00:00:00-05:00,90.89500711521993,91.56506801621617,89.28627865285289,90.56493377685547,44530000,0.0,0.0
2021-02-01 00:00:00-05:00,91.41886545698281,94.9351859580172,91.41886545698281,93.82156372070312,40252000,0.0,0.0
2021-02-02 00:00:00-05:00,94.81575036485842,96.61182068763402,94.48071611878922,95.11261749267578,66332000,0.0,0.0
2021-02-03 00:00:00-05:00,102.37274430388717,104.40522092105503,99.79261830171446,102.03919982910156,97882000,0.0,0.0
2021-02-04 00:00:00-05:00,102.12542242838796,102.55560597377604,100.86063667469075,101.77899932861328,48596000,0.0,0.0
2021-02-05 00:00:00-05:00,102.07290628559923,103.8759190376055,101.5991106521008,103.52354431152344,29866000,0.0,0.0
2021-02-08 00:00:00-05:00,104.07712806646019,104.82053612407776,102.26073770644324,103.30992889404297,28828000,0.0,0.0
2021-02-09 00:00:00-05:00,102.82820120258684,104.00328263700314,102.5903127397753,102.8574447631836,21892000,0.0,0.0
2021-02-10 00:00:00-05:00,103.24152671661228,104.02161204925905,101.7101080573944,103.40705871582031,25102000,0.0,0.0
2021-02-11 00:00:00-05:00,103.63108362772132,103.7797591856027,102.5338111240634,103.51956939697266,20480000,0.0,0.0
2021-02-12 00:00:00-05:00,103.07451629921232,104.05234166129615,102.76723583999629,103.830810546875,18990000,0.0,0.0
2021-02-16 00:00:00-05:00,103.66826276783938,106.31430228054721,103.66826276783938,104.60743713378906,31004000,0.0,0.0
2021-02-17 00:00:00-05:00,103.77878024223801,105.18927736768207,103.49976020138155,104.99995422363281,20294000,0.0,0.0
2021-02-18 00:00:00-05:00,104.32492564110814,105.16696166739435,103.74655051019732,104.36506652832031,22546000,0.0,0.0
2021-02-19 00:00:00-05:00,104.46320894592502,104.99796454492676,103.25591195162085,103.52254486083984,37938000,0.0,0.0
2021-02-22 00:00:00-05:00,101.77752695631393,103.10228226972528,101.49998913762553,101.81023406982422,29466000,0.0,0.0
2021-02-23 00:00:00-05:00,99.81443122747064,102.71421734338914,98.63686930885748,102.10065460205078,34658000,0.0,0.0
2021-02-24 00:00:00-05:00,100.60987256668675,103.49826214728957,100.48547967083988,103.27474212646484,22608000,0.0,0.0
2021-02-25 00:00:00-05:00,101.89299855167025,103.23460268506196,99.442725419644,99.91156768798828,41548000,0.0,0.0
2021-02-26 00:00:00-05:00,100.60539916727085,101.92222134850445,99.1711187675962,100.2069320678711,40042000,0.0,0.0
2021-03-01 00:00:00-05:00,101.49998201929594,102.89907502090055,100.82694907500807,102.5734634399414,26060000,0.0,0.0
2021-03-02 00:00:00-05:00,102.33458149918383,103.81644435737358,101.92967878703757,102.31674194335938,25564000,0.0,0.0
2021-03-03 00:00:00-05:00,101.69574615075186,102.88717733019561,98.82370641561394,99.68656158447266,33892000,0.0,0.0
2021-03-04 00:00:00-05:00,99.85803141312911,102.81778652007944,99.39017985813133,100.80265808105469,49216000,0.0,0.0
2021-03-05 00:00:00-05:00,102.15170316057323,104.38440020130358,100.49786526440951,103.93191528320312,53100000,0.0,0.0
2021-03-08 00:00:00-05:00,103.28714038353706,104.75809077632987,99.37829635558003,99.49278259277344,36868000,0.0,0.0
2021-03-09 00:00:00-05:00,101.58670894507843,102.28897784929946,100.88542314472488,101.12133026123047,33920000,0.0,0.0
2021-03-10 00:00:00-05:00,102.16408434665642,102.16408434665642,100.07907232110979,100.91466522216797,27100000,0.0,0.0
2021-03-11 00:00:00-05:00,102.00649022859612,104.63567305247624,101.9187671112629,104.10388946533203,27702000,0.0,0.0
2021-03-12 00:00:00-05:00,102.9079951600995,102.96746538300351,100.72782616573727,101.5990982055664,33818000,0.0,0.0
2021-03-15 00:00:00-04:00,101.35031815559856,101.84641512971943,100.49837533892563,101.81916046142578,26168000,0.0,0.0
2021-03-16 00:00:00-04:00,102.39157914363233,104.75511989536767,102.05952443443275,103.27871704101562,31900000,0.0,0.0
2021-03-17 00:00:00-04:00,102.51448074840832,104.02756080916568,101.30768292105009,103.19593811035156,26382000,0.0,0.0
2021-03-18 00:00:00-04:00,101.50889575281752,102.52835937144968,100.07164322644284,100.17869567871094,31700000,0.0,0.0
2021-03-19 00:00:00-04:00,100.59450866025328,100.95679000162345,99.26628238475064,100.45722198486328,46072000,0.0,0.0
2021-03-22 00:00:00-04:00,100.4904423351425,101.51684073971637,99.8149288786167,100.64209747314453,33536000,0.0,0.0
2021-03-23 00:00:00-04:00,101.10100929699755,102.29839198447732,100.50876484586558,101.16940307617188,28510000,0.0,0.0
2021-03-24 00:00:00-04:00,101.68632764385609,102.47136638997688,100.55832930680076,100.73328399658203,25218000,0.0,0.0
2021-03-25 00:00:00-04:00,100.56079425955063,101.3830017702902,98.92727656545988,100.72979736328125,35616000,0.0,0.0
2021-03-26 00:00:00-04:00,100.69659679630594,101.07325412851259,99.31187234420693,100.3467025756836,27978000,0.0,0.0
2021-03-29 00:00:00-04:00,100.2193458581718,101.55995940740273,99.39118661186053,101.39045715332031,26492000,0.0,0.0
2021-03-30 00:00:00-04:00,101.74679577665506,102.22703448790296,100.91269258418674,101.42415618896484,27312000,0.0,0.0
2021-03-31 00:00:00-04:00,101.81715946283474,103.3961603316529,101.4504087988673,102.21958923339844,42570000,0.0,0.0
2021-04-01 00:00:00-04:00,103.69302968898464,105.84890836816066,103.6523896883466,105.55303192138672,39880000,0.0,0.0
2021-04-05 00:00:00-04:00,106.41389756983538,110.46993447035067,106.31775001395617,109.97283935546875,48510000,0.0,0.0
2021-04-06 00:00:00-04:00,109.57438188030405,110.42087973789896,109.12189695310158,109.49211120605469,35240000,0.0,0.0
2021-04-07 00:00:00-04:00,109.68242342069358,111.23862398278051,109.68242342069358,110.967529296875,24134000,0.0,0.0
2021-04-08 00:00:00-04:00,112.20505028993573,112.59113031315094,111.1647751250388,111.53251647949219,28664000,0.0,0.0
2021-04-09 00:00:00-04:00,111.28521181469488,112.69917231745536,110.87980246049328,112.5356216430664,26146000,0.0,0.0
2021-04-12 00:00:00-04:00,111.71540675186817,111.85268587954289,110.41196211759205,111.24458312988281,25024000,0.0,0.0
2021-04-13 00:00:00-04:00,111.56026570494154,112.17878171242072,111.16675191989482,111.73075103759766,25682000,0.0,0.0
2021-04-14 00:00:00-04:00,112.3750381583166,112.3750381583166,110.81834616308481,111.1102523803711,21002000,0.0,0.0
2021-04-15 00:00:00-04:00,112.10345542149517,113.79099102796425,111.5691914039024,113.25820922851562,29174000,0.0,0.0
2021-04-16 00:00:00-04:00,113.45595676086148,113.70375943501823,112.54800739975896,113.13430786132812,26282000,0.0,0.0
2021-04-19 00:00:00-04:00,112.51134359641581,114.19193706583053,112.51134359641581,113.48173522949219,30290000,0.0,0.0
2021-04-20 00:00:00-04:00,113.86482638561692,113.9396632750493,111.8640739438885,112.9489517211914,22288000,0.0,0.0
2021-04-21 00:00:00-04:00,112.60401833502164,112.99802369437015,111.25448135103781,112.91625213623047,23204000,0.0,0.0
2021-04-22 00:00:00-04:00,112.77005078473594,113.43813044163085,111.03146919796461,111.6361083984375,24146000,0.0,0.0
2021-04-23 00:00:00-04:00,112.35372791548767,114.29253725619483,112.06875636037209,113.98575592041016,29066000,0.0,0.0
2021-04-26 00:00:00-04:00,114.21325394420712,115.2049638616611,113.85641745009418,114.48137664794922,32038000,0.0,0.0
2021-04-27 00:00:00-04:00,114.86297539492868,114.90361539393929,113.3033038884258,113.54219055175781,44386000,0.0,0.0
2021-04-28 00:00:00-04:00,118.57358292629367,120.50049681684617,116.6268481486784,116.91529083251953,81106000,0.0,0.0
2021-04-29 00:00:00-04:00,118.41152443414508,119.1514613795989,117.64927859207835,118.58647155761719,41234000,0.0,0.0
2021-04-30 00:00:00-04:00,117.36032575299777,118.04574569638535,116.29675872843767,116.64070892333984,44856000,0.0,0.0
2021-05-03 00:00:00-04:00,117.20620391311888,118.03089194443908,115.748631417019,116.12429809570312,28242000,0.0,0.0
2021-05-04 00:00:00-04:00,114.66076596304627,115.22773705405598,111.84226028056607,114.32772064208984,44818000,0.0,0.0
2021-05-05 00:00:00-04:00,115.40814695486216,115.72384428239883,114.39958829572701,114.72123718261719,26636000,0.0,0.0
2021-05-06 00:00:00-04:00,114.30293896833592,115.8403091430664,113.64428210307986,115.8403091430664,25190000,0.0,0.0
2021-05-07 00:00:00-04:00,117.15566315675112,117.52042496312349,116.27694974187273,116.56291198730469,28898000,0.0,0.0
2021-05-10 00:00:00-04:00,115.38386451451022,115.52561297200754,113.2230248324833,113.58036041259766,30914000,0.0,0.0
2021-05-11 00:00:00-04:00,111.16774499673892,113.01188892902981,110.71426189771958,112.50537872314453,34186000,0.0,0.0
2021-05-12 00:00:00-04:00,110.3311599450094,111.41108433707822,108.71697157773784,109.0455551147461,46376000,0.0,0.0
2021-05-13 00:00:00-04:00,110.32769928437514,110.98784598165807,109.36622368361735,110.47241973876953,33204000,0.0,0.0
2021-05-14 00:00:00-04:00,111.93445441533588,113.23194736658283,111.51120550382073,112.91773223876953,31996000,0.0,0.0
2021-05-17 00:00:00-04:00,112.18374021644,113.48272295866457,111.78428241583579,113.44010162353516,21598000,0.0,0.0
2021-05-18 00:00:00-04:00,114.10569642967033,114.36985643689593,112.11534216607272,112.12921905517578,22204000,0.0,0.0
2021-05-19 00:00:00-04:00,110.44218365077748,112.74971749134802,110.29399964826719,112.57675170898438,23684000,0.0,0.0
2021-05-20 00:00:00-04:00,113.54319564211424,114.58396240325392,113.17248227319268,114.33368682861328,32352000,0.0,0.0
2021-05-21 00:00:00-04:00,114.85208159408714,114.92543627002019,113.45893261370185,113.69831085205078,40632000,0.0,0.0
2021-05-24 00:00:00-04:00,114.727182946644,117.23791673774083,114.58197094605173,117.014404296875,31832000,0.0,0.0
2021-05-25 00:00:00-04:00,117.55758744041395,118.15231234760691,116.7150598583625,117.1051025390625,22440000,0.0,0.0
2021-05-26 00:00:00-04:00,117.28599041375585,118.3996202017259,117.28301841520451,117.96943664550781,21572000,0.0,0.0
2021-05-27 00:00:00-04:00,118.40259591136595,118.40259591136595,116.77751007748608,117.09568786621094,35224000,0.0,0.0
2021-05-28 00:00:00-04:00,117.67752023857234,117.75929178976516,116.60850070207313,116.8067398071289,21482000,0.0,0.0
2021-06-01 00:00:00-04:00,117.67852956724136,118.23707631258098,116.67938586720457,118.01256561279297,23354000,0.0,0.0
2021-06-02 00:00:00-04:00,118.40756176310758,118.63009113043775,116.58422905839494,117.48772430419922,21158000,0.0,0.0
2021-06-03 00:00:00-04:00,116.25564239868717,116.81517979607065,115.45226497101265,116.34732818603516,18696000,0.0,0.0
2021-06-04 00:00:00-04:00,117.42227730033494,118.89719763736252,117.08228976726608,118.62659454345703,24458000,0.0,0.0
2021-06-07 00:00:00-04:00,118.42193410416897,119.16881330030914,118.00364606009472,119.05928039550781,24120000,0.0,0.0
2021-06-08 00:00:00-04:00,119.54051472569788,119.91271031100788,118.68658309033567,118.86797332763672,24240000,0.0,0.0
2021-06-09 00:00:00-04:00,119.51176430716637,119.58362163847241,118.79164827724793,119.33879852294922,17942000,0.0,0.0
2021-06-10 00:00:00-04:00,119.2882456679508,120.7294684105752,119.1326278842615,120.68634796142578,25904000,0.0,0.0
2021-06-11 00:00:00-04:00,120.92771539665284,121.01295807193074,119.88495971809364,120.44202423095703,21958000,0.0,0.0
2021-06-14 00:00:00-04:00,120.54412122364742,121.36980002367956,119.83739044524599,121.36930847167969,22098000,0.0,0.0
2021-06-15 00:00:00-04:00,121.37375524077353,121.69639482901378,119.99201021626274,120.3523178100586,21562000,0.0,0.0
2021-06-16 00:00:00-04:00,120.50347104008702,120.81471417778299,118.41994866002946,119.71099853515625,26472000,0.0,0.0
2021-06-17 00:00:00-04:00,119.6366578615454,121.44561439859767,119.44089162710867,120.6734619140625,25842000,0.0,0.0
2021-06-18 00:00:00-04:00,120.30027053137374,120.53419632623287,118.96015621393956,119.05531311035156,46116000,0.0,0.0
2021-06-21 00:00:00-04:00,119.44138689425938,120.92770381044767,118.84467309980958,120.74185180664062,27414000,0.0,0.0
2021-06-22 00:00:00-04:00,120.67991442988735,121.32420295984515,119.99994678817278,121.25531005859375,22390000,0.0,0.0
2021-06-23 00:00:00-04:00,121.02039789763651,122.01359006179285,120.7636791926811,121.05360412597656,19148000,0.0,0.0
2021-06-24 00:00:00-04:00,121.6215484389123,121.9739231126459,121.22507021343145,121.42330932617188,21362000,0.0,0.0
2021-06-25 00:00:00-04:00,120.92770239628572,121.55514196023191,120.49652817244363,121.43173217773438,34594000,0.0,0.0
2021-06-28 00:00:00-04:00,121.60024905200277,121.70581929197255,120.33844268954444,121.4590072631836,28526000,0.0,0.0
2021-06-29 00:00:00-04:00,121.59232707368952,121.93974845822787,120.6214362690933,121.19782257080078,23108000,0.0,0.0
2021-06-30 00:00:00-04:00,120.92225223112071,121.18244957571629,120.28787799190353,121.01641845703125,24474000,0.0,0.0
2021-07-01 00:00:00-04:00,120.65513520406986,121.50955844445609,120.46333917788319,121.36831665039062,18110000,0.0,0.0
2021-07-02 00:00:00-04:00,122.06760325950343,124.30179007333106,121.97789880918043,124.15657806396484,25982000,0.0,0.0
2021-07-06 00:00:00-04:00,124.5441347516448,125.31678632682912,123.48750228216251,125.08087921142578,26404000,0.0,0.0
2021-07-07 00:00:00-04:00,126.0443374513042,126.16525922771358,125.04420319403772,125.36238098144531,24060000,0.0,0.0
2021-07-08 00:00:00-04:00,122.93590362834043,124.49160506602671,122.93194096335237,123.94495391845703,23790000,0.0,0.0
2021-07-09 00:00:00-04:00,123.92611335864795,124.62937290029038,123.45677202918988,124.41527557373047,18632000,0.0,0.0
2021-07-12 00:00:00-04:00,125.06899063825736,125.95265737591463,124.50697281548125,125.85948181152344,17668000,0.0,0.0
2021-07-13 00:00:00-04:00,125.92192889241436,126.93196989649446,125.56112974067463,126.2222671508789,19240000,0.0,0.0
2021-07-14 00:00:00-04:00,126.83333904936362,128.18981821391048,126.79021860093354,127.1098861694336,23742000,0.0,0.0
2021-07-15 00:00:00-04:00,127.51828061987972,127.56882728892863,125.41790166192334,125.88872528076172,24218000,0.0,0.0
2021-07-16 00:00:00-04:00,126.54093661242045,126.68812995291671,125.04470541650979,125.8540267944336,20424000,0.0,0.0
2021-07-19 00:00:00-04:00,124.98125995365034,125.09574617911319,122.41947279512615,123.48304748535156,27968000,0.0,0.0
2021-07-20 00:00:00-04:00,124.42419961251387,125.92638235763302,123.25755022531956,125.10021209716797,26312000,0.0,0.0
2021-07-21 00:00:00-04:00,125.02486962588229,126.47451673659734,124.91583584769378,126.42793273925781,20746000,0.0,0.0
2021-07-22 00:00:00-04:00,126.72033913018305,127.35372269021474,126.37837023776311,127.29275512695312,14302000,0.0,0.0
2021-07-23 00:00:00-04:00,129.2840991163657,132.22651378843682,128.6596466811027,131.84588623046875,41506000,0.0,0.0
2021-07-26 00:00:00-04:00,132.15661564044643,133.0571234833798,131.13863447051622,132.85690307617188,30572000,0.0,0.0
2021-07-27 00:00:00-04:00,133.07054257003838,133.2177359147412,128.9604875498707,130.74069213867188,54710000,0.0,0.0
2021-07-28 00:00:00-04:00,135.11392866954762,137.08148279421212,134.0885209333833,134.89784240722656,95130000,0.0,0.0
2021-07-29 00:00:00-04:00,134.95331470842268,135.459824888862,134.35165520894898,134.58409118652344,31716000,0.0,0.0
2021-07-30 00:00:00-04:00,133.84814909697133,134.11528112375458,133.07500591131242,133.5423583984375,25576000,0.0,0.0
2021-08-02 00:00:00-04:00,133.92939444509605,134.14696285245657,132.61802488014746,133.66920471191406,21634000,0.0,0.0
2021-08-03 00:00:00-04:00,133.94725240636728,134.53900531485272,132.14771857757245,134.4379119873047,20762000,0.0,0.0
2021-08-04 00:00:00-04:00,134.15989647499984,134.45726275713403,133.30497408561808,133.9378662109375,19676000,0.0,0.0
2021-08-05 00:00:00-04:00,134.48797455260816,135.15159999068044,133.6608059857469,135.053955078125,17870000,0.0,0.0
2021-08-06 00:00:00-04:00,134.8463161522818,135.27302867961484,134.02162798493478,134.54547119140625,20488000,0.0,0.0
2021-08-09 00:00:00-04:00,134.74766566385927,135.9782545970757,134.14995363195558,135.70962524414062,17760000,0.0,0.0
2021-08-10 00:00:00-04:00,136.13483939066336,136.56156692108615,135.16593769907715,135.60455322265625,19414000,0.0,0.0
2021-08-11 00:00:00-04:00,135.9758020046338,136.47239056111437,135.0737964513372,135.08123779296875,15352000,0.0,0.0
2021-08-12 00:00:00-04:00,134.7803782734539,136.09324556598622,134.23522443439262,135.98817443847656,16506000,0.0,0.0
2021-08-13 00:00:00-04:00,136.04367130953105,136.6448469030297,135.82858330220628,136.5169677734375,15948000,0.0,0.0
2021-08-16 00:00:00-04:00,136.31625185991177,137.14639993489493,134.10981879520125,137.09385681152344,22384000,0.0,0.0
2021-08-17 00:00:00-04:00,136.53927624045247,137.0502482689052,134.8859374907993,135.46034240722656,21716000,0.0,0.0
2021-08-18 00:00:00-04:00,135.30027185515118,135.89946615420885,134.13213260953893,134.25851440429688,19258000,0.0,0.0
2021-08-19 00:00:00-04:00,133.25390393778633,135.1540470600647,133.07003326839052,134.48745727539062,21782000,0.0,0.0
2021-08-20 00:00:00-04:00,134.80467835737872,136.34502089676778,134.06127020467258,136.22161865234375,31194000,0.0,0.0
2021-08-23 00:00:00-04:00,136.75684366705852,139.63630956779562,136.39802587425726,138.81063842773438,28454000,0.0,0.0
2021-08-24 00:00:00-04:00,139.37564707931514,140.83124608973588,139.1050514652728,140.0199432373047,19268000,0.0,0.0
2021-08-25 00:00:00-04:00,140.38022622324365,140.9397636176069,140.13342175774235,140.83023071289062,15848000,0.0,0.0
2021-08-26 00:00:00-04:00,140.50411569948363,141.1657446019955,140.1145645733413,140.1973419189453,20610000,0.0,0.0
2021-08-27 00:00:00-04:00,140.40746320935864,143.2423262781944,140.25332765406952,142.73829650878906,28780000,0.0,0.0
2021-08-30 00:00:00-04:00,143.13082479723923,144.68753203308154,142.89590833586342,143.3196563720703,24434000,0.0,0.0
2021-08-31 00:00:00-04:00,143.8712474507567,143.89552255155283,143.01286173699748,143.42568969726562,22448000,0.0,0.0
2021-09-01 00:00:00-04:00,143.72557265051026,144.96854887327217,143.61009573998498,143.93917846679688,21936000,0.0,0.0
2021-09-02 00:00:00-04:00,143.93964934296415,144.24047911372418,141.92649470207718,142.02760314941406,32342000,0.0,0.0
2021-09-03 00:00:00-04:00,141.82294596604638,142.88799546511845,141.14891473928407,142.4761505126953,19850000,0.0,0.0
2021-09-07 00:00:00-04:00,142.57029576143597,143.29437443751178,142.35668998079893,143.0123748779297,20124000,0.0,0.0
2021-09-08 00:00:00-04:00,142.83348703566523,143.13083818572056,141.74314906987232,142.42807006835938,18344000,0.0,0.0
2021-09-09 00:00:00-04:00,142.5762555754694,143.04212585693128,141.91908838731538,142.27938842773438,15314000,0.0,0.0
2021-09-10 00:00:00-04:00,142.9449634747417,143.4465279342337,139.5010145668301,139.63780212402344,36840000,0.0,0.0
2021-09-13 00:00:00-04:00,140.7018679540071,141.6935778474216,140.00852254788668,141.08151245117188,22094000,0.0,0.0
2021-09-14 00:00:00-04:00,141.7386966019526,142.10297447171783,140.50414475974426,141.29165649414062,19674000,0.0,0.0
2021-09-15 00:00:00-04:00,141.51663270038054,143.18087624925593,140.10515271027106,143.16006469726562,27408000,0.0,0.0
2021-09-16 00:00:00-04:00,142.68530075918127,143.03173149903006,141.14991911518433,142.34779357910156,26190000,0.0,0.0
2021-09-17 00:00:00-04:00,141.7733487206506,142.18915623964807,139.23535291367506,139.5624542236328,53384000,0.0,0.0
2021-09-20 00:00:00-04:00,136.9471499261735,137.77828102826925,135.1238250653687,137.500244140625,46518000,0.0,0.0
2021-09-21 00:00:00-04:00,138.5211835537175,138.78088932420297,137.06262052986705,137.8109893798828,25332000,0.0,0.0
2021-09-22 00:00:00-04:00,138.07962340432297,139.64870264345097,137.33373489370697,139.05050659179688,25056000,0.0,0.0
2021-09-23 00:00:00-04:00,139.7483157407974,140.45108373468472,139.1674677468827,139.9748077392578,20952000,0.0,0.0
2021-09-24 00:00:00-04:00,139.30324860172112,141.07950537458137,139.00836284376217,140.9650115966797,22984000,0.0,0.0
2021-09-27 00:00:00-04:00,139.56695681837593,140.69099261912118,138.83643488323244,139.8321075439453,21882000,0.0,0.0
2021-09-28 00:00:00-04:00,137.4363214393238,137.87393879510293,134.17028392552325,134.6361541748047,45772000,0.0,0.0
2021-09-29 00:00:00-04:00,135.77604845611555,135.94555070244238,132.68843655514806,133.17263793945312,30848000,0.0,0.0
2021-09-30 00:00:00-04:00,133.08143210735338,134.35116361737062,132.3821276786133,132.50106811523438,37996000,0.0,0.0
2021-10-01 00:00:00-04:00,133.26579353336834,135.70715804170354,132.8945886396275,135.34288024902344,35360000,0.0,0.0
2021-10-04 00:00:00-04:00,134.7654811569935,134.7654811569935,129.89814958771572,132.48471069335938,51202000,0.0,0.0
2021-10-05 00:00:00-04:00,132.86289428566997,136.01841621357198,132.86289428566997,134.8274688720703,32404000,0.0,0.0
2021-10-06 00:00:00-04:00,133.5656355859823,136.53926754708024,133.3673964801773,136.35589599609375,24364000,0.0,0.0
2021-10-07 00:00:00-04:00,137.67123135730094,138.81113270818318,137.4323522466048,138.00131225585938,25110000,0.0,0.0
2021-10-08 00:00:00-04:00,138.3502060903865,139.097576749606,137.99386876227683,138.556884765625,26526000,0.0,0.0
2021-10-11 00:00:00-04:00,138.0677377987258,139.47525527556462,137.63852974209917,137.69305419921875,17954000,0.0,0.0
2021-10-12 00:00:00-04:00,138.25404471568856,138.28081538664392,134.56674022139998,135.24969482421875,36332000,0.0,0.0
2021-10-13 00:00:00-04:00,136.19483027400855,136.7870823219551,135.31909643090742,136.3727569580078,19654000,0.0,0.0
2021-10-14 00:00:00-04:00,138.24812282051505,140.09523891303556,137.6048250070832,139.91038513183594,31894000,0.0,0.0
2021-10-15 00:00:00-04:00,140.36984272210256,140.47243341674425,139.51789982843047,140.12550354003906,30274000,0.0,0.0
2021-10-18 00:00:00-04:00,139.83653402400074,141.5409184042978,139.8295917986677,141.5230712890625,20396000,0.0,0.0
2021-10-19 00:00:00-04:00,142.1272172677941,142.39980927751645,141.346647938062,141.97804260253906,20164000,0.0,0.0
2021-10-20 00:00:00-04:00,142.0781590742051,142.28433864697428,140.1338971977449,140.52294921875,23288000,0.0,0.0
2021-10-21 00:00:00-04:00,140.52295525974566,140.90656241415812,139.26511158996246,140.63893127441406,26292000,0.0,0.0
2021-10-22 00:00:00-04:00,137.926969706927,139.34737337961698,134.86016945665278,136.35739135742188,50588000,0.0,0.0
2021-10-25 00:00:00-04:00,136.3410289296942,136.7870707005219,134.23370805453146,136.2389373779297,34412000,0.0,0.0
2021-10-26 00:00:00-04:00,138.03948851571823,138.85177438830706,137.08891772648917,138.08409118652344,49236000,0.0,0.0
2021-10-27 00:00:00-04:00,138.17973449966777,147.34347311686153,138.17973449966777,144.93235778808594,85782000,0.0,0.0
2021-10-28 00:00:00-04:00,145.84130142868378,145.86459342888665,143.3558332615814,144.5670928955078,36206000,0.0,0.0
2021-10-29 00:00:00-04:00,143.80286589775253,146.93905794038585,143.37813478343114,146.74478149414062,43320000,0.0,0.0
2021-11-01 00:00:00-04:00,146.74479239872048,146.74479239872048,141.96665019325252,142.2357635498047,46924000,0.0,0.0
2021-11-02 00:00:00-04:00,143.30873631409102,145.32039357899643,143.06687765221287,144.15423583984375,33482000,0.0,0.0
2021-11-03 00:00:00-04:00,144.61813015361963,145.3798843880956,143.3201457071093,145.30950927734375,27494000,0.0,0.0
2021-11-04 00:00:00-04:00,145.83139615139723,148.41747395240975,145.02207467610023,146.96435546875,38412000,0.0,0.0
2021-11-05 00:00:00-04:00,147.85841557801552,149.00624241473633,146.89447456017774,147.54371643066406,38354000,0.0,0.0
2021-11-08 00:00:00-05:00,148.50815818871942,149.29122320690345,147.12591397324758,147.7211456298828,23052000,0.0,0.0
2021-11-09 00:00:00-05:00,147.92135382889896,148.5175685400609,145.9508203469495,147.609619140625,19530000,0.0,0.0
2021-11-10 00:00:00-05:00,146.20359249121142,146.76858990508995,143.2671365563009,144.6112060546875,29970000,0.0,0.0
2021-11-11 00:00:00-05:00,145.2019429091839,146.23875436957107,144.32074920952851,144.48529052734375,16518000,0.0,0.0
2021-11-12 00:00:00-05:00,145.32685883285086,147.5417315550425,144.1329471350042,147.37123107910156,22360000,0.0,0.0
2021-11-15 00:00:00-05:00,147.59176109433906,148.2350588729297,146.27791087379003,147.14720153808594,23508000,0.0,0.0
2021-11-16 00:00:00-05:00,146.84737335766715,147.45497691847146,146.01772444610071,146.57627868652344,18904000,0.0,0.0
2021-11-17 00:00:00-05:00,146.72644398004232,147.25376579403348,145.9458745981903,146.7457733154297,19594000,0.0,0.0
2021-11-18 00:00:00-05:00,146.9385362999372,149.25698220130275,146.58467946540668,148.52149963378906,35608000,0.0,0.0
2021-11-19 00:00:00-05:00,148.65732984777023,149.63963221382073,147.59029904384553,147.6175537109375,33682000,0.0,0.0
2021-11-22 00:00:00-05:00,148.0199796793374,148.51260548030166,144.86297594328792,145.01611328125,30594000,0.0,0.0
2021-11-23 00:00:00-05:00,144.86842802033317,145.37097563328547,142.84834603035105,144.5006866455078,27218000,0.0,0.0
2021-11-24 00:00:00-05:00,144.19489123717437,144.96407174008007,143.1040693827115,144.83570861816406,18040000,0.0,0.0
2021-11-26 00:00:00-05:00,143.07976736967893,143.28693003446975,140.59579672453097,140.9333038330078,30470000,0.0,0.0
2021-11-29 00:00:00-05:00,142.73435339938078,145.0116607886392,142.62878315864714,144.25140380859375,32596000,0.0,0.0
2021-11-30 00:00:00-05:00,143.734009820056,144.71679630771678,140.35695646818255,140.65036010742188,42068000,0.0,0.0
2021-12-01 00:00:00-05:00,142.73433859612626,144.66769552061407,139.67348254273247,139.81175231933594,34020000,0.0,0.0
2021-12-02 00:00:00-05:00,140.00850599610223,142.60002820764856,138.98210021683846,141.7094268798828,29194000,0.0,0.0
2021-12-03 00:00:00-05:00,142.41816088869103,143.1308356569036,139.0678634936082,140.75341796875,41230000,0.0,0.0
2021-12-06 00:00:00-05:00,141.7832787246902,142.5881383480877,138.91818113605103,141.8967742919922,30618000,0.0,0.0
2021-12-07 00:00:00-05:00,144.3168433799786,146.2343501809629,143.95108326822435,145.9751434326172,32240000,0.0,0.0
2021-12-08 00:00:00-05:00,146.29922253666786,147.0887305485921,145.11919542765767,146.884033203125,24270000,0.0,0.0
2021-12-09 00:00:00-05:00,146.29378297525568,147.78952259539568,145.82196873525865,146.3408660888672,23270000,0.0,0.0
2021-12-10 00:00:00-05:00,147.39303059375538,147.66808793780228,145.41457182465953,146.70066833496094,24458000,0.0,0.0
2021-12-13 00:00:00-05:00,146.48260348264037,146.66945372410888,144.23851000057718,144.5447998046875,27070000,0.0,0.0
2021-12-14 00:00:00-05:00,142.7026193273764,143.21011265403155,139.9738104375734,142.64215087890625,38446000,0.0,0.0
2021-12-15 00:00:00-05:00,142.148536251989,145.43142268224105,140.43274769467823,145.1538848876953,36370000,0.0,0.0
2021-12-16 00:00:00-05:00,145.87696937173112,146.37901781040114,142.3447831853687,143.17543029785156,33650000,0.0,0.0
2021-12-17 00:00:00-05:00,141.24755251079608,142.5703265958565,140.05810246195654,140.4793701171875,50416000,0.0,0.0
2021-12-20 00:00:00-05:00,138.76952565181767,140.52843495533597,138.09649260542437,140.36239624023438,27192000,0.0,0.0
2021-12-21 00:00:00-05:00,140.80495248159482,142.60450151263055,139.26758970259098,142.21148681640625,28756000,0.0,0.0
2021-12-22 00:00:00-05:00,141.81004635956177,145.2123723601168,141.81004635956177,145.12811279296875,26322000,0.0,0.0
2021-12-23 00:00:00-05:00,145.21234005517059,146.9405153414092,145.1647578366683,145.62518310546875,26384000,0.0,0.0
2021-12-27 00:00:00-05:00,145.9617111068582,147.0401457449663,145.87596932932522,146.6064910888672,15976000,0.0,0.0
2021-12-28 00:00:00-05:00,146.93310171719043,146.9955515001699,144.77078743444807,145.39772033691406,18200000,0.0,0.0
2021-12-29 00:00:00-05:00,145.35562205393356,146.1213391000838,144.36739075288057,145.36602783203125,17788000,0.0,0.0
2021-12-30 00:00:00-05:00,145.4046743627597,146.00535087821257,144.71132895620318,144.91551208496094,15688000,0.0,0.0
2021-12-31 00:00:00-05:00,144.76632590571236,145.40912459334086,143.578857421875,143.578857421875,18136000,0.0,0.0
2022-01-03 00:00:00-05:00,143.78006634339744,144.56907529374837,142.44986625187568,143.71713256835938,28646000,0.0,0.0
2022-01-04 00:00:00-05:00,144.11807263912576,145.19750561007717,142.45334497286012,143.13034057617188,28400000,0.0,0.0
2022-01-05 00:00:00-05:00,143.15065613098375,143.22945569243274,136.47783061916755,136.56405639648438,54618000,0.0,0.0
2022-01-06 00:00:00-05:00,135.79436399283284,138.71000766618633,135.3582289281207,136.53677368164062,37348000,0.0,0.0
2022-01-07 00:00:00-05:00,136.93128920152486,137.23163499485634,134.57320114440378,135.81271362304688,29760000,0.0,0.0
2022-01-10 00:00:00-05:00,133.89075867659383,137.59937427004354,131.99407910389132,137.45068359375,44408000,0.0,0.0
2022-01-11 00:00:00-05:00,136.7940355023196,138.98361984255865,135.49108996730467,138.50782775878906,28730000,0.0,0.0
2022-01-12 00:00:00-05:00,139.9093868006954,141.35457977142337,139.45790011942026,140.1874237060547,26108000,0.0,0.0
2022-01-13 00:00:00-05:00,140.29594448293275,141.59444309970127,137.19246729901857,137.36891174316406,31436000,0.0,0.0
2022-01-14 00:00:00-05:00,135.87416542111617,139.50497974939202,135.79438276109653,138.2545623779297,29662000,0.0,0.0
2022-01-18 00:00:00-05:00,134.9781501263122,135.9262405888457,134.24812727626664,134.80270385742188,34872000,0.0,0.0
2022-01-19 00:00:00-05:00,135.3235557494751,136.74693894623502,133.82881433443535,133.92892456054688,28648000,0.0,0.0
2022-01-20 00:00:00-05:00,135.05247646638676,136.41638959519287,131.79584612438092,132.13583374023438,29908000,0.0,0.0
2022-01-21 00:00:00-05:00,131.4281249429967,133.68014407192317,128.94315552881451,129.20582580566406,55652000,0.0,0.0
2022-01-24 00:00:00-05:00,124.87075517822278,130.04983783070446,123.40574871292903,129.6543426513672,76622000,0.0,0.0
2022-01-25 00:00:00-05:00,127.60847149388137,128.26167595997225,125.38865318603597,125.81932830810547,46960000,0.0,0.0
2022-01-26 00:00:00-05:00,129.96654697196033,131.8310108586025,126.0244974232128,128.0971221923828,49130000,0.0,0.0
2022-01-27 00:00:00-05:00,130.14991337232922,131.48655634744904,127.7992518215496,127.87112426757812,31950000,0.0,0.0
2022-01-28 00:00:00-05:00,128.51937364185733,132.18438456774498,127.35569637367115,132.17892456054688,34362000,0.0,0.0
2022-01-31 00:00:00-05:00,132.9828264004286,134.28230836211273,131.0474879109952,134.11428833007812,39986000,0.0,0.0
2022-02-01 00:00:00-05:00,136.38512440213515,136.5818812789118,133.1874810681943,136.43418884277344,68644000,0.0,0.0
2022-02-02 00:00:00-05:00,149.92062310914736,150.21451067811546,144.24347030048295,146.69918823242188,123200000,0.0,0.0
2022-02-03 00:00:00-05:00,144.42487252128518,148.35948154682154,141.41158317819725,141.8323516845703,71518000,0.0,0.0
2022-02-04 00:00:00-05:00,142.18372697506842,143.6016501301799,139.27997087416557,142.03355407714844,57998000,0.0,0.0
2022-02-07 00:00:00-05:00,142.98212679238782,142.98212679238782,137.67914411624972,137.97750854492188,54974000,0.0,0.0
2022-02-08 00:00:00-05:00,137.80457400105325,138.7695132466174,135.80976527306845,138.17379760742188,54284000,0.0,0.0
2022-02-09 00:00:00-05:00,139.72456379307548,141.2718486626082,138.95488402410078,140.3475341796875,40144000,0.0,0.0
2022-02-10 00:00:00-05:00,138.47559928783693,140.24093608556134,136.74444425283198,137.401611328125,39330000,0.0,0.0
2022-02-11 00:00:00-05:00,137.38182183921865,137.93341878729322,132.22751362039665,133.10226440429688,39958000,0.0,0.0
2022-02-14 00:00:00-05:00,132.08528518005716,135.10203810058192,132.08528518005716,134.3348388671875,34302000,0.0,0.0
2022-02-15 00:00:00-05:00,136.36137222330987,136.89465323637597,134.62775140934284,135.4078369140625,26680000,0.0,0.0
2022-02-16 00:00:00-05:00,135.44549125984014,136.87233817056384,133.73812696337785,136.52740478515625,25022000,0.0,0.0
2022-02-17 00:00:00-05:00,135.04552392763165,135.90837156390384,131.31411513265346,131.37408447265625,38950000,0.0,0.0
2022-02-18 00:00:00-05:00,132.293931857016,132.89164396954067,129.05218420049687,129.25686645507812,45620000,0.0,0.0
2022-02-22 00:00:00-05:00,128.6968214918031,131.01873151195204,127.09650976671601,128.67254638671875,44990000,0.0,0.0
2022-02-23 00:00:00-05:00,130.49140310139634,130.89036178652327,126.40662154377361,126.46659088134766,32786000,0.0,0.0
2022-02-24 00:00:00-05:00,123.85523180480044,131.83100899869677,123.85523180480044,131.52471923828125,54456000,0.0,0.0
2022-02-25 00:00:00-05:00,132.37818496175834,134.0825696110589,130.5935034058996,133.2777099609375,36406000,0.0,0.0
2022-02-28 00:00:00-05:00,131.88058572904305,134.5583337933557,131.427102602085,133.8699493408203,38864000,0.0,0.0
2022-03-01 00:00:00-05:00,133.69299913792386,135.0578951055112,132.04760096390638,132.8831787109375,26496000,0.0,0.0
2022-03-02 00:00:00-05:00,133.44470905944584,134.07362324299785,131.90188646501582,133.38870239257812,23520000,0.0,0.0
2022-03-03 00:00:00-05:00,134.8145494526599,135.2402787650286,131.8562842947509,132.7226104736328,24604000,0.0,0.0
2022-03-04 00:00:00-05:00,131.75916874799498,132.6750434625872,129.19192148220066,130.74713134765625,30430000,0.0,0.0
2022-03-07 00:00:00-05:00,130.33232674161766,130.57714987008313,125.18496092413871,125.26773071289062,45112000,0.0,0.0
2022-03-08 00:00:00-05:00,125.14034587725057,130.0963991793199,124.5699036581928,125.98733520507812,40428000,0.0,0.0
2022-03-09 00:00:00-05:00,130.09637428773922,132.56003202673313,128.75873321649877,132.24729919433594,37026000,0.0,0.0
2022-03-10 00:00:00-05:00,130.1122619277312,132.10062719921083,129.76186860445603,131.26553344726562,27102000,0.0,0.0
2022-03-11 00:00:00-05:00,132.31523116771578,132.61953964393146,128.49213662745805,128.72903442382812,31526000,0.0,0.0
2022-03-14 00:00:00-04:00,129.10518948279775,129.26278859105312,124.17391792288964,124.8439712524414,38812000,0.0,0.0
2022-03-15 00:00:00-04:00,125.85996865327388,128.71317811067638,124.61550282436785,128.06243896484375,30920000,0.0,0.0
2022-03-16 00:00:00-04:00,129.58394480607387,132.16108344524727,127.6030057057171,132.1090545654297,35576000,0.0,0.0
2022-03-17 00:00:00-04:00,131.9787056808196,132.90202164574634,131.02317416057818,132.6626434326172,28264000,0.0,0.0
2022-03-18 00:00:00-04:00,132.25179767226226,135.0465201210338,131.09604557963877,134.92906188964844,44566000,0.0,0.0
2022-03-21 00:00:00-04:00,134.96670973028958,135.84542305630865,132.9139133143383,134.90525817871094,26832000,0.0,0.0
2022-03-22 00:00:00-04:00,134.905281506743,139.81028984562343,134.905281506743,138.638671875,35496000,0.0,0.0
2022-03-23 00:00:00-04:00,137.48341434965386,138.36162868482575,136.62354624695533,137.06016540527344,25154000,0.0,0.0
2022-03-24 00:00:00-04:00,137.97653660408002,140.37428175630868,136.53978312219112,140.32769775390625,26396000,0.0,0.0
2022-03-25 00:00:00-04:00,140.6686864254767,140.78664378948878,138.50933614210646,140.42782592773438,24126000,0.0,0.0
2022-03-28 00:00:00-04:00,139.66207420173586,140.75439330324906,138.5826413227132,140.2122039794922,35050000,0.0,0.0
2022-03-29 00:00:00-04:00,141.39374081978931,142.52966445696305,140.79008476675781,141.2529754638672,34318000,0.0,0.0
2022-03-30 00:00:00-04:00,141.20789506521558,141.4661035387116,140.35545318525374,140.69097900390625,19884000,0.0,0.0
2022-03-31 00:00:00-04:00,140.80446372092825,140.85898818058075,137.80259350469294,137.84521484375,37524000,0.0,0.0
2022-04-01 00:00:00-04:00,138.27390583221185,139.23636461681514,137.09188211987873,138.91868591308594,25942000,0.0,0.0
2022-04-04 00:00:00-04:00,139.12486433293225,142.4488900673313,139.07728210128434,141.7148895263672,25942000,0.0,0.0
2022-04-05 00:00:00-04:00,141.6132941655978,141.73371683584432,139.14865258935774,139.35531616210938,21418000,0.0,0.0
2022-04-06 00:00:00-04:00,137.53049665262756,138.13563495181108,134.32591048530927,135.3478546142578,32468000,0.0,0.0
2022-04-07 00:00:00-04:00,134.81456023404073,135.9589233791473,133.04772597265375,134.6941375732422,26234000,0.0,0.0
2022-04-08 00:00:00-04:00,134.39180707525873,134.4775488545769,131.7968213100517,132.11599731445312,25142000,0.0,0.0
2022-04-11 00:00:00-04:00,130.66487843192186,130.93151135411028,127.53760956872993,127.69124603271484,36884000,0.0,0.0
2022-04-12 00:00:00-04:00,130.4433348003117,130.4433348003117,125.67461550166297,126.59197998046875,32710000,0.0,0.0
2022-04-13 00:00:00-04:00,126.87495402475328,129.18843915155622,126.61822782302634,128.75230407714844,27928000,0.0,0.0
2022-04-14 00:00:00-04:00,129.33268319605867,129.33268319605867,125.48826307957773,125.61613464355469,31598000,0.0,0.0
2022-04-18 00:00:00-04:00,125.88375359295895,127.08559046617161,125.07294248805825,126.55430603027344,20808000,0.0,0.0
2022-04-19 00:00:00-04:00,126.5691670682094,129.187444684176,125.8832479970726,128.86630249023438,26490000,0.0,0.0
2022-04-20 00:00:00-04:00,129.74154190423886,130.24408945160312,126.37935709417536,126.91460418701172,31696000,0.0,0.0
2022-04-21 00:00:00-04:00,128.11398446155997,128.95502227336507,123.43199758034922,123.71746826171875,36446000,0.0,0.0
2022-04-22 00:00:00-04:00,123.90133604882998,124.2998031690539,117.8797341417918,118.583984375,56884000,0.0,0.0
2022-04-25 00:00:00-04:00,118.05417670442226,122.19396638087383,117.46936605512546,121.99225616455078,46128000,0.0,0.0
2022-04-26 00:00:00-04:00,121.21961522065254,121.4332209985113,117.46936899450668,117.60714721679688,73054000,0.0,0.0
2022-04-27 00:00:00-04:00,113.46338958402451,116.2115203098223,111.74562732959535,113.28993225097656,91820000,0.0,0.0
2022-04-28 00:00:00-04:00,115.39180660167489,118.59787504178948,113.11201872859588,117.48078155517578,48884000,0.0,0.0
2022-04-29 00:00:00-04:00,115.70848796251151,116.88356939125211,112.81415439821426,113.10655975341797,42676000,0.0,0.0
2022-05-02 00:00:00-04:00,112.40824262327081,115.71938168066022,111.61031774703048,115.55831146240234,35534000,0.0,0.0
2022-05-03 00:00:00-04:00,115.40715683615127,117.40098229604361,115.01464126005,116.30271911621094,24968000,0.0,0.0
2022-05-04 00:00:00-04:00,116.00287299219873,121.77469077330238,114.10420454212863,121.18640899658203,49916000,0.0,0.0
2022-05-05 00:00:00-04:00,119.14750092797412,119.97516100768799,113.99469020299561,115.48150634765625,45840000,0.0,0.0
2022-05-06 00:00:00-04:00,114.17211482737774,116.5381358862753,113.01339074570949,114.72917175292969,39710000,0.0,0.0
2022-05-09 00:00:00-04:00,112.25462080802374,114.06556635107472,111.01610644763626,111.5221176147461,40802000,0.0,0.0
2022-05-10 00:00:00-04:00,114.49227422836657,115.22824850518352,111.90818559117898,113.3895492553711,39900000,0.0,0.0
2022-05-11 00:00:00-04:00,112.24123109079025,115.34173644656327,112.24123109079025,112.60401153564453,37534000,0.0,0.0
2022-05-12 00:00:00-04:00,110.39857820468676,113.29043134538728,108.85922651182088,111.85218811035156,53836000,0.0,0.0
2022-05-13 00:00:00-04:00,113.52633065893913,116.83895961506994,112.60649331317624,115.0304946899414,35038000,0.0,0.0
2022-05-16 00:00:00-04:00,113.94512093552153,115.14894677053942,112.88849600182488,113.4391098022461,25990000,0.0,0.0
2022-05-17 00:00:00-04:00,115.81355766184248,115.87253633398905,113.86037975364924,115.44928741455078,23054000,0.0,0.0
2022-05-18 00:00:00-04:00,113.9892360282762,114.38572183997256,110.57500685562273,110.91598510742188,35126000,0.0,0.0
2022-05-19 00:00:00-04:00,110.45208919807725,112.01671400842774,109.03316793210402,109.4137954711914,34144000,0.0,0.0
2022-05-20 00:00:00-04:00,110.96702866649967,111.19749090818948,104.86662695851531,107.95077514648438,48962000,0.0,0.0
2022-05-23 00:00:00-04:00,108.62431643799094,111.16181369829215,107.78525231071643,110.50811004638672,37184000,0.0,0.0
2022-05-24 00:00:00-04:00,104.8423393279953,105.52280600519344,100.98900326705386,105.0385971069336,76780000,0.0,0.0
2022-05-25 00:00:00-04:00,104.0627524475445,105.56394457254443,102.94367769195411,104.87505340576172,40258000,0.0,0.0
2022-05-26 00:00:00-04:00,104.74817746889774,107.69454740943145,104.3001467738534,106.84508514404297,37948000,0.0,0.0
2022-05-27 00:00:00-04:00,108.52072351941294,111.33080496604357,108.17924616749293,111.32931518554688,37914000,0.0,0.0
2022-05-31 00:00:00-04:00,111.75553052247338,114.71776605291463,111.09340252923525,112.7621078491211,50012000,0.0,0.0
2022-06-01 00:00:00-04:00,113.84550156256307,116.07225439334378,112.25460515544829,112.89096069335938,36606000,0.0,0.0
2022-06-02 00:00:00-04:00,112.99801076939922,116.86323458869028,111.95377304234565,116.58866882324219,37992000,0.0,0.0
2022-06-03 00:00:00-04:00,115.04239803816901,115.29912428517936,112.5207591526129,113.53427124023438,26136000,0.0,0.0
2022-06-06 00:00:00-04:00,115.6787387271287,118.29801461946222,115.14299253008267,115.7937240600586,33542000,0.0,0.0
2022-06-07 00:00:00-04:00,114.46551304706918,116.65658702589174,114.0407818998257,116.11984252929688,31590000,0.0,0.0
2022-06-08 00:00:00-04:00,115.73524670504767,117.52835256429877,115.57516714354193,116.16394805908203,26108000,0.0,0.0
2022-06-09 00:00:00-04:00,115.30507039819871,117.25924660830835,113.76720845942926,113.82618713378906,25798000,0.0,0.0
2022-06-10 00:00:00-04:00,111.45669077399432,112.28336016383942,109.39596129686058,110.1844711303711,41452000,0.0,0.0
2022-06-13 00:00:00-04:00,105.8479317354448,107.83530667844167,105.18630275754612,105.4573974609375,47252000,0.0,0.0
2022-06-14 00:00:00-04:00,105.59863233927445,106.97591545107889,104.87009189196922,105.77754211425781,33706000,0.0,0.0
2022-06-15 00:00:00-04:00,107.59096455911155,110.44416645951732,106.7231636370719,108.79975128173828,39698000,0.0,0.0
2022-06-16 00:00:00-04:00,106.27861002380959,107.69356127238406,104.21391782028991,105.10154724121094,51684000,0.0,0.0
2022-06-17 00:00:00-04:00,105.1015528730424,107.74412127524249,104.12272916591733,106.20179748535156,51376000,0.0,0.0
2022-06-21 00:00:00-04:00,107.97207647212551,111.5007915016955,107.6454742593963,110.5635986328125,47416000,0.0,0.0
2022-06-22 00:00:00-04:00,109.58479714760662,112.35026855081978,109.4123229035937,110.50761413574219,30774000,0.0,0.0
2022-06-23 00:00:00-04:00,111.24506449929154,111.7515747494861,109.529283524712,111.2554702758789,28362000,0.0,0.0
2022-06-24 00:00:00-04:00,112.00185482451673,117.0411696178319,111.95972504269348,116.93807983398438,41164000,0.0,0.0
2022-06-27 00:00:00-04:00,117.233464181198,117.53726596134602,114.16714811318771,114.8154067993164,36420000,0.0,0.0
2022-06-28 00:00:00-04:00,114.78466807841109,116.27842626455549,110.86492729453904,111.02302551269531,35792000,0.0,0.0
2022-06-29 00:00:00-04:00,110.57155017231149,112.16591040015909,109.89801807125794,110.71973419189453,24716000,0.0,0.0
2022-06-30 00:00:00-04:00,109.03317519019397,109.9133707611735,105.81174046866552,108.00528717041016,43170000,0.0,0.0
2022-07-01 00:00:00-04:00,106.98434306481707,108.28976888662308,105.79241280402681,107.78177642822266,35476000,0.0,0.0
2022-07-05 00:00:00-04:00,106.15915998193664,112.38049064467288,104.80218931259407,112.26749420166016,39342000,0.0,0.0
2022-07-06 00:00:00-04:00,112.30616050739741,114.57355354870796,110.49620571439615,113.56499481201172,37432000,0.0,0.0
2022-07-07 00:00:00-04:00,114.06853442164258,118.14191207685637,113.82420284830546,117.73898315429688,40936000,0.0,0.0
2022-07-08 00:00:00-04:00,116.21946167906191,118.63305746114801,115.87402164356276,118.30447387695312,38238000,0.0,0.0
2022-07-11 00:00:00-04:00,116.9608884830124,116.9608884830124,114.31683045021927,114.6597900390625,31196000,0.0,0.0
2022-07-12 00:00:00-04:00,115.19354915850505,115.94588075015933,112.69074816289236,113.01834106445312,29960000,0.0,0.0
2022-07-13 00:00:00-04:00,110.71922052622219,113.19229389367698,110.22411430080437,110.3747787475586,43722000,0.0,0.0
2022-07-14 00:00:00-04:00,109.24184313705844,110.11658638688233,107.42049173520462,109.3974609375,37004000,0.0,0.0
2022-07-15 00:00:00-04:00,111.01609870201857,112.14607830712104,109.92526931854086,110.79505157470703,46770000,0.0,0.0
2022-07-18 00:00:00-04:00,111.64998015183659,112.68084025664578,107.41751350561796,108.07170867919922,43164600,0.0,20.0
2022-07-19 00:00:00-04:00,109.87569462538704,113.01783044467969,108.59703203078138,112.80967712402344,36530900,0.0,0.0
2022-07-20 00:00:00-04:00,112.1753157376498,114.38571897797333,111.49138548098223,112.8989028930664,35600400,0.0,0.0
2022-07-21 00:00:00-04:00,113.27555937905743,113.54319050720274,110.13342322528176,113.33502960205078,32676200,0.0,0.0
2022-07-22 00:00:00-04:00,110.02438896081073,111.35260768410927,105.56394075969678,106.9516372680664,48901200,0.0,0.0
2022-07-25 00:00:00-04:00,107.45715461067633,108.90432131164432,105.36569944827403,106.5650634765625,34690900,0.0,0.0
2022-07-26 00:00:00-04:00,105.66306147231995,106.25778639316266,103.1552995551691,104.0969467163086,47991000,0.0,0.0
2022-07-27 00:00:00-04:00,108.29969526679004,112.90882704783183,107.06068175373248,112.06629180908203,59858500,0.0,0.0
2022-07-28 00:00:00-04:00,111.38234155332044,113.33502014797911,110.48033624736327,113.21607971191406,32816600,0.0,0.0
2022-07-29 00:00:00-04:00,112.08611712100763,115.68420953971332,112.06628867044458,115.29763793945312,37223400,0.0,0.0
2022-08-01 00:00:00-04:00,114.28659900379381,115.69411641077537,113.33503005804593,113.8504638671875,26034300,0.0,0.0
2022-08-02 00:00:00-04:00,112.99802992898957,115.32737377032129,112.72049211808546,114.11809539794922,20236000,0.0,0.0
2022-08-03 00:00:00-04:00,114.6929805012981,117.57740704971904,114.4650062924766,117.04215240478516,28499000,0.0,0.0
2022-08-04 00:00:00-04:00,116.4474330419797,117.73600237782314,115.86261481324507,117.15119171142578,21602900,0.0,0.0
2022-08-05 00:00:00-04:00,115.20842372972953,117.07189713527843,114.98044193983411,116.4375228881836,19159500,0.0,0.0
2022-08-08 00:00:00-04:00,117.34942843143419,119.09396129560791,115.85269823014673,116.26901245117188,19138300,0.0,0.0
2022-08-09 00:00:00-04:00,116.11042376218631,116.28884199524232,114.69299212244628,115.60490417480469,19086500,0.0,0.0
2022-08-10 00:00:00-04:00,117.73599909418206,119.8571892675323,117.36925599576715,118.64791107177734,30930400,0.0,0.0
2022-08-11 00:00:00-04:00,120.21402762148577,120.4221809525822,117.517933416611,117.79547119140625,24293700,0.0,0.0
2022-08-12 00:00:00-04:00,119.20300201694565,120.61051940917969,118.41003042457679,120.61051940917969,19096300,0.0,0.0
2022-08-15 00:00:00-04:00,120.06535665403284,121.2250789907804,119.54993038618566,121.00701141357422,19494800,0.0,0.0
2022-08-16 00:00:00-04:00,120.45192234559127,121.35392772306473,119.57965964182924,120.63034057617188,19041200,0.0,0.0
2022-08-17 00:00:00-04:00,119.06423449827227,120.2239492265823,118.33073312003822,118.4992446899414,22847000,0.0,0.0
2022-08-18 00:00:00-04:00,118.38029859169842,119.75808091078403,117.6765398760915,119.1137924194336,17987700,0.0,0.0
2022-08-19 00:00:00-04:00,118.01353242157256,118.1027453085966,115.7337525634136,116.17979431152344,21809500,0.0,0.0
2022-08-22 00:00:00-04:00,114.18747756849332,114.61369850167412,112.84934454275668,113.23591613769531,21456600,0.0,0.0
2022-08-23 00:00:00-04:00,112.48258037151416,113.99913135467965,112.43301681739196,112.85923767089844,15870400,0.0,0.0
2022-08-24 00:00:00-04:00,112.5024176637424,113.77116618601146,111.8779576273456,112.69075012207031,17734600,0.0,0.0
2022-08-25 00:00:00-04:00,113.23591148601406,115.69411741968042,113.10705681377382,115.6247329711914,16956800,0.0,0.0
2022-08-26 00:00:00-04:00,113.71170152369614,114.10818734688105,109.22151791479679,109.37019348144531,37245700,0.0,0.0
2022-08-29 00:00:00-04:00,109.02326464751619,109.97482602837435,107.8437290366526,108.4582748413086,21191200,0.0,0.0
2022-08-30 00:00:00-04:00,109.2016908341797,109.52879220958579,106.8525261036081,107.98250579833984,27513300,0.0,0.0
2022-08-31 00:00:00-04:00,109.67746398729584,109.87570309968547,107.1796088220971,107.2688217163086,28627000,0.0,0.0
2022-09-01 00:00:00-04:00,107.32830011371269,109.47922565257869,106.41638802751207,108.77546691894531,28360900,0.0,0.0
2022-09-02 00:00:00-04:00,109.61799985264689,109.76668298662089,106.31727360258343,106.90208435058594,24160700,0.0,0.0
2022-09-06 00:00:00-04:00,106.3569145236708,107.08049412281643,104.8502699767572,105.8712158203125,25068300,0.0,0.0
2022-09-07 00:00:00-04:00,106.11900619370509,109.01334694156556,105.96041642746357,108.48799896240234,23167000,0.0,0.0
2022-09-08 00:00:00-04:00,107.09039832376389,108.63668450034882,106.21813568405852,107.42740631103516,24238300,0.0,0.0
2022-09-09 00:00:00-04:00,108.1113601188559,110.01448301287972,108.06179655462415,109.67747497558594,23197700,0.0,0.0
2022-09-12 00:00:00-04:00,110.01445951060047,110.63892701222821,108.96377872191911,109.88560485839844,22966800,0.0,0.0
2022-09-13 00:00:00-04:00,106.85252347865307,107.34812886109147,103.17512488610275,103.40310668945312,38172900,0.0,0.0
2022-09-14 00:00:00-04:00,103.65090463743046,104.35466334080722,102.74890681508529,104.0771255493164,26395100,0.0,0.0
2022-09-15 00:00:00-04:00,103.11565198138281,104.34475118044541,101.45041763715635,102.00550079345703,34188300,0.0,0.0
2022-09-16 00:00:00-04:00,101.17288193424302,102.22356291951621,100.05281649828837,101.89646911621094,42797200,0.0,0.0
2022-09-19 00:00:00-04:00,100.85569511319773,102.4218099333564,100.65745598557626,102.16409301757812,23036800,0.0,0.0
2022-09-20 00:00:00-04:00,101.18279336472388,101.4702453845617,99.6364994799985,100.25105285644531,26517100,0.0,0.0
2022-09-21 00:00:00-04:00,100.7763794996927,101.97574341360239,98.39747255636897,98.40738677978516,31487300,0.0,0.0
2022-09-22 00:00:00-04:00,97.95145158637969,100.35017992291691,97.92171647216169,99.25984954833984,34298600,0.0,0.0
2022-09-23 00:00:00-04:00,98.75432356236846,98.7840662370101,96.6133122907774,97.87214660644531,31625400,0.0,0.0
2022-09-26 00:00:00-04:00,97.23776734850438,99.00212116985077,96.94040867838093,97.3071517944336,27072700,0.0,0.0
2022-09-27 00:00:00-04:00,98.55608047686624,99.12107027493991,96.0185834977758,96.6430435180664,30072800,0.0,0.0
2022-09-28 00:00:00-04:00,96.79172426782799,99.81491229984545,96.25646959395841,99.1706314086914,32466300,0.0,0.0
2022-09-29 00:00:00-04:00,97.77302956785141,97.77302956785141,95.11658440664736,96.56375122070312,31047200,0.0,0.0
2022-09-30 00:00:00-04:00,96.19699975151396,98.03073800147999,94.72009038986029,94.8093032836914,32941500,0.0,0.0
2022-10-03 00:00:00-04:00,95.90955206825485,98.41731399775504,95.67165604887613,97.77302551269531,27982000,0.0,0.0
2022-10-04 00:00:00-04:00,99.5572084701991,100.94489744691543,99.49773068381286,100.74665832519531,28850800,0.0,0.0
2022-10-05 00:00:00-04:00,98.95256988434666,101.03411092367425,97.93162403320214,100.53850555419922,22176900,0.0,0.0
2022-10-06 00:00:00-04:00,99.79509354103838,102.02531761520133,99.70588064565636,100.5285873413086,22324000,0.0,0.0
2022-10-07 00:00:00-04:00,98.97239021921095,99.64641382042795,97.43601811981739,97.81267547607422,27502800,0.0,0.0
2022-10-10 00:00:00-04:00,98.12985750199623,98.22897705771258,96.15735036259238,96.9998779296875,18225100,0.0,0.0
2022-10-11 00:00:00-04:00,96.57365410336944,98.37765718707726,95.46349545095802,96.32585144042969,26507100,0.0,0.0
2022-10-12 00:00:00-04:00,96.44480530818547,97.88205781573463,95.88972216704339,96.7025146484375,21876400,0.0,0.0
2022-10-13 00:00:00-04:00,94.31369376135358,98.90299629495368,93.55045733483536,98.18932342529297,34574500,0.0,0.0
2022-10-14 00:00:00-04:00,99.11114884737647,99.80500082627663,95.52297120409693,95.71129608154297,25410700,0.0,0.0
2022-10-17 00:00:00-04:00,97.99107949309332,100.0428851110771,97.9613443853791,99.09132385253906,28419200,0.0,0.0
2022-10-18 00:00:00-04:00,102.22356592791553,102.56058152852803,99.09134376768007,99.88430786132812,24060700,0.0,0.0
2022-10-19 00:00:00-04:00,99.13099079757089,100.13210822606936,98.05056713051532,98.75432586669922,23811100,0.0,0.0
2022-10-20 00:00:00-04:00,99.12105896025327,101.42066722563769,98.51641989560879,99.09132385253906,25323200,0.0,0.0
2022-10-21 00:00:00-04:00,96.98996478104308,100.41955287075776,96.86111011341654,100.24113464355469,32458700,0.0,0.0
2022-10-24 00:00:00-04:00,100.90525400873032,101.84690116488177,99.10125080640549,101.6189193725586,27176400,0.0,0.0
2022-10-25 00:00:00-04:00,101.99558416765885,103.89870692702209,101.81716593632244,103.56169891357422,40611400,0.0,0.0
2022-10-26 00:00:00-04:00,95.58245054848182,97.44592398970775,93.85774600381856,94.09563446044922,88114100,0.0,0.0
2022-10-27 00:00:00-04:00,93.6892501170497,94.59125565804386,90.99316284511286,91.40946960449219,60710900,0.0,0.0
2022-10-28 00:00:00-04:00,91.45900853564996,95.70139671064247,91.32023964176592,95.44367980957031,43697300,0.0,0.0
2022-10-31 00:00:00-04:00,94.58133446001989,95.18597366412389,93.15399602416672,93.67933654785156,31675000,0.0,0.0
2022-11-01 00:00:00-04:00,94.61105231503412,95.18595629968785,89.57570802441086,89.6748275756836,47161400,0.0,0.0
2022-11-02 00:00:00-04:00,90.14069668694522,90.37858511956873,86.1163764057392,86.2055892944336,57038300,0.0,0.0
2022-11-03 00:00:00-04:00,85.56131487965403,85.75955401223071,82.60750340529754,82.69671630859375,61288000,0.0,0.0
2022-11-04 00:00:00-04:00,84.64939421866777,85.87849335362182,82.97424573696946,85.81902313232422,51124900,0.0,0.0
2022-11-07 00:00:00-05:00,86.51287043332725,88.11863452220038,86.08664952122535,87.71223449707031,34078900,0.0,0.0
2022-11-08 00:00:00-05:00,88.11864471435547,89.52616228462122,86.82015337855162,88.11864471435547,30429000,0.0,0.0
2022-11-09 00:00:00-05:00,87.67259388397157,88.65389803931104,86.51287904112137,86.55252838134766,31769100,0.0,0.0
2022-11-10 00:00:00-05:00,91.43918562996998,93.56037588946144,90.80481139698212,93.11433410644531,51620100,0.0,0.0
2022-11-11 00:00:00-05:00,93.85774604143894,96.07805594966968,93.09450954770053,95.56262969970703,33090500,0.0,0.0
2022-11-14 00:00:00-05:00,94.25421709955037,95.93927974232757,93.67932066979866,94.85885620117188,30179500,0.0,0.0
2022-11-15 00:00:00-05:00,97.39636509743826,99.25983848330503,95.85998549384487,97.57478332519531,41640800,0.0,0.0
2022-11-16 00:00:00-05:00,97.03953112343324,98.76423566096419,96.78181421845211,97.9811782836914,29105200,0.0,0.0
2022-11-17 00:00:00-05:00,96.11770867544051,98.4074031127186,95.93929043602027,97.49549102783203,26052600,0.0,0.0
2022-11-18 00:00:00-05:00,97.90186508489751,98.03072729943703,95.52296575672096,96.57364654541016,28342300,0.0,0.0
2022-11-21 00:00:00-05:00,96.43489126326328,97.53513576068444,94.52185428293382,94.7597427368164,21647400,0.0,0.0
2022-11-22 00:00:00-05:00,95.10666835170002,96.36551023797273,93.22337397827062,96.19700622558594,23438500,0.0,0.0
2022-11-23 00:00:00-05:00,96.23665063568495,97.8919783793907,96.23665063568495,97.59461212158203,18868100,0.0,0.0
2022-11-25 00:00:00-05:00,97.37655206874295,97.7730379223597,96.54393858225258,96.60340881347656,9701400,0.0,0.0
2022-11-28 00:00:00-05:00,96.18709181030358,96.72234652124172,94.7696601393946,95.20579528808594,26237500,0.0,0.0
2022-11-29 00:00:00-05:00,94.88861012981242,95.27518172427101,93.28284596351969,94.35335540771484,20061700,0.0,0.0
2022-11-30 00:00:00-05:00,93.98660272217356,100.15193477810236,93.59011691093076,100.10237121582031,43647500,0.0,0.0
2022-12-01 00:00:00-05:00,100.1321063282544,101.35129887441687,99.36887738054075,100.10237121582031,28687100,0.0,0.0
2022-12-02 00:00:00-05:00,98.17943045499304,99.88430663851699,98.03074732602357,99.55721282958984,21480700,0.0,0.0
2022-12-05 00:00:00-05:00,98.52634555474117,100.48893851504042,98.1298597604134,98.60564422607422,24405100,0.0,0.0
2022-12-06 00:00:00-05:00,98.42723321260276,98.90301015080603,95.57254133403083,96.12762451171875,24910700,0.0,0.0
2022-12-07 00:00:00-05:00,95.56262596381266,96.02848863434032,93.88747748283083,94.10554504394531,31045400,0.0,0.0
2022-12-08 00:00:00-05:00,94.54167257081721,94.73991924555087,92.62863564307744,92.8863525390625,32213300,0.0,0.0
2022-12-09 00:00:00-05:00,92.94582441131696,93.43152310128887,91.93479282039716,92.01409149169922,28225400,0.0,0.0
2022-12-12 00:00:00-05:00,91.89514325545609,92.73767083950996,90.80481299595476,92.4898681640625,29420000,0.0,0.0
2022-12-13 00:00:00-05:00,96.90075807295776,98.65519764693319,94.19474959251662,94.78947448730469,40593700,0.0,0.0
2022-12-14 00:00:00-05:00,94.36326019238705,96.01858788905928,92.77732450792483,94.23440551757812,28733600,0.0,0.0
2022-12-15 00:00:00-05:00,92.31145406282408,92.81697366079501,89.21888137485573,90.06140899658203,40107000,0.0,0.0
2022-12-16 00:00:00-05:00,89.96228779812273,90.52727761063562,88.73318105041864,89.46668243408203,58011800,0.0,0.0
2022-12-19 00:00:00-05:00,89.46667706453866,89.7640357277138,87.43469216899084,87.66267395019531,29493000,0.0,0.0
2022-12-20 00:00:00-05:00,87.33558147815765,88.39617669869548,86.6714720777627,88.23757934570312,23453800,0.0,0.0
2022-12-21 00:00:00-05:00,88.29705059692365,89.42703018514993,87.54372835066033,88.79265594482422,24745600,0.0,0.0
2022-12-22 00:00:00-05:00,87.3851332274773,87.76179054640475,85.56130172632905,86.9886474609375,27658300,0.0,0.0
2022-12-23 00:00:00-05:00,86.3443553089749,88.7629115743793,86.30470597779849,88.44572448730469,23003000,0.0,0.0
2022-12-27 00:00:00-05:00,88.01951318270693,88.15828207571641,86.24524512227134,86.62190246582031,20097300,0.0,0.0
2022-12-28 00:00:00-05:00,86.21552323538668,87.26620431857047,85.18466304181412,85.26395416259766,19523200,0.0,0.0
2022-12-29 00:00:00-05:00,85.85865973331578,88.06905500353619,85.84874551045745,87.67256927490234,23333500,0.0,0.0
2022-12-30 00:00:00-05:00,86.21551535680346,87.52391325940049,85.80911531469404,87.45452880859375,23986300,0.0,0.0
2023-01-03 00:00:00-05:00,88.80256311679109,90.24973739582715,87.74196796868762,88.33670043945312,28131200,0.0,0.0
2023-01-04 00:00:00-05:00,89.55587665525148,89.85324286170601,86.50294617668717,87.30583190917969,34854800,0.0,0.0
2023-01-05 00:00:00-05:00,86.7011940154015,86.8003135647901,85.14499364675605,85.44235229492188,27194400,0.0,0.0
2023-01-06 00:00:00-05:00,86.02718055238785,86.91927172588105,84.11414353236154,86.57234191894531,41381500,0.0,0.0
2023-01-09 00:00:00-05:00,87.58338400149272,89.2585326181373,87.08777861785474,87.24636840820312,29003900,0.0,0.0
2023-01-10 00:00:00-05:00,85.22431111215543,87.89066312190425,85.07562797410377,87.64286041259766,30467800,0.0,0.0
2023-01-11 00:00:00-05:00,88.39616224006632,90.79489009418965,88.22765825182702,90.71559143066406,26862000,0.0,0.0
2023-01-12 00:00:00-05:00,90.6759703689124,91.06254198896006,88.96117229966266,90.32904052734375,30258100,0.0,0.0
2023-01-13 00:00:00-05:00,90.05149141638756,91.37971769910212,89.33781849580512,91.31033325195312,26329200,0.0,0.0
2023-01-17 00:00:00-05:00,91.2508540286788,91.43918648040213,89.25852597951722,90.48762512207031,32602400,0.0,0.0
2023-01-18 00:00:00-05:00,91.3301539078307,91.98435660415667,89.84333784782173,90.31912231445312,29116700,0.0,0.0
2023-01-19 00:00:00-05:00,89.92263963407981,92.78723807060146,89.83342673497357,92.23216247558594,37000400,0.0,0.0
2023-01-20 00:00:00-05:00,94.26413670489272,97.43601550407813,94.18483803338714,97.1584701538086,63191100,0.0,0.0
2023-01-23 00:00:00-05:00,97.08908644403112,99.1607207694037,96.64304464751609,98.91291809082031,40005100,0.0,0.0
2023-01-24 00:00:00-05:00,97.23777151171052,98.73450183779414,96.3456803384707,96.8412857055664,33078500,0.0,0.0
2023-01-25 00:00:00-05:00,94.73000940210903,95.31482766669704,92.9359203962401,94.38308715820312,42330000,0.0,0.0
2023-01-26 00:00:00-05:00,95.65184819194218,96.71244351188778,94.54168930395645,96.66287994384766,30114000,0.0,0.0
2023-01-27 00:00:00-05:00,96.45472078244721,99.43826741577091,96.45472078244721,98.49662017822266,33879800,0.0,0.0
2023-01-30 00:00:00-05:00,96.62322927209162,97.42610757655028,95.55271982458807,96.08797454833984,27226200,0.0,0.0
2023-01-31 00:00:00-05:00,96.01858885911187,98.01091703799966,95.96902529627194,97.97126770019531,29870700,0.0,0.0
2023-02-01 00:00:00-05:00,97.84240344040079,100.3006092071235,96.72233811590564,99.54728698730469,35531100,0.0,0.0
2023-02-02 00:00:00-05:00,104.87009382209624,106.9020711952248,104.68176137141613,106.79303741455078,69883800,0.0,0.0
2023-02-03 00:00:00-05:00,102.0253238017862,106.86242958684039,101.67840154834732,103.85906219482422,65309300,0.0,0.0
2023-02-06 00:00:00-05:00,101.49997723038128,103.44274929562647,100.98454343127975,101.9955825805664,31999600,0.0,0.0
2023-02-07 00:00:00-05:00,102.31276695764967,107.229170992123,102.21364740273903,106.69391632080078,49010200,0.0,0.0
2023-02-08 00:00:00-05:00,101.15306543172245,102.23348157664965,97.17830799578448,98.49662017822266,94743500,0.0,0.0
2023-02-09 00:00:00-05:00,99.12107385512309,99.15080896730558,92.80705872811015,94.17493438720703,119455000,0.0,0.0
2023-02-10 00:00:00-05:00,94.61106278381658,95.89963977995525,93.42161291225615,93.73880004882812,54980700,0.0,0.0
2023-02-13 00:00:00-05:00,93.90731232762349,94.36326840393785,93.01522106425257,93.77845764160156,50076100,0.0,0.0
2023-02-14 00:00:00-05:00,93.60002143562618,94.01632809123518,91.44909615264258,93.84782409667969,54726100,0.0,0.0
2023-02-15 00:00:00-05:00,93.65950362229911,96.26639278959044,93.32249559012467,96.08797454833984,50169000,0.0,0.0
2023-02-16 00:00:00-05:00,94.53176333918978,96.82145754317696,93.90729578367531,94.6705322265625,42462600,0.0,0.0
2023-02-17 00:00:00-05:00,94.01634209023845,94.72010084493942,92.39075699666527,93.52073669433594,34284100,0.0,0.0
2023-02-21 00:00:00-05:00,92.18260235411577,92.28172191944829,90.91385376824827,90.98323822021484,33629300,0.0,0.0
2023-02-22 00:00:00-05:00,90.89402316340856,91.30042320267887,89.81360707091751,90.84446716308594,30884000,0.0,0.0
2023-02-23 00:00:00-05:00,91.11209428334512,91.13192273411576,88.97108290274596,90.09114837646484,41206400,0.0,0.0
2023-02-24 00:00:00-05:00,88.65388384050988,89.09992561252551,87.8014420680175,88.34660339355469,36585100,0.0,0.0
2023-02-27 00:00:00-05:00,89.08010864257812,89.36756065406263,88.55476061737971,89.08010864257812,27502300,0.0,0.0
2023-02-28 00:00:00-05:00,88.54485304599933,90.42815487570596,88.534938821612,89.2684326171875,30142000,0.0,0.0
2023-03-01 00:00:00-05:00,89.18915376446422,90.22992059802009,88.88187326493379,89.56581115722656,31111200,0.0,0.0
2023-03-02 00:00:00-05:00,88.8719465448015,91.46891349206841,88.80255454255308,91.19137573242188,32204400,0.0,0.0
2023-03-03 00:00:00-05:00,91.66716673162266,92.90618007780824,91.63742405895086,92.8268814086914,35160100,0.0,0.0
2023-03-06 00:00:00-05:00,93.19363210202732,95.12649761674808,93.17381121430402,94.29387664794922,32639300,0.0,0.0
2023-03-07 00:00:00-05:00,94.14520057401873,94.8291308506661,92.70794044588578,93.03504180908203,27835500,0.0,0.0
2023-03-08 00:00:00-05:00,93.29276092219925,95.11658511938656,93.17381290668519,93.42161560058594,34103300,0.0,0.0
2023-03-09 00:00:00-05:00,93.22337335130082,94.69036101520102,91.09226874258992,91.50857543945312,28813500,0.0,0.0
2023-03-10 00:00:00-05:00,91.35990064866066,91.97445408746843,89.60546080194823,89.83343505859375,35941000,0.0,0.0
2023-03-13 00:00:00-04:00,89.29818007846065,91.75638626521682,88.63407063707139,90.30921936035156,37335600,0.0,0.0
2023-03-14 00:00:00-04:00,91.74647024234909,93.53065272700931,91.62752978493063,93.14408111572266,36050200,0.0,0.0
2023-03-15 00:00:00-04:00,92.40067533695186,96.07806663083456,91.82577123714137,95.26527404785156,50622100,0.0,0.0
2023-03-16 00:00:00-04:00,95.35447189407667,100.30061902134946,94.66062738841612,99.43826293945312,65492000,0.0,0.0
2023-03-17 00:00:00-04:00,99.37879748699346,101.9361156180665,99.22020012817495,100.72684478759766,61028500,0.0,0.0
2023-03-20 00:00:00-04:00,99.2400149300755,100.85568559854943,98.9922122627572,100.3303451538086,32960400,0.0,0.0
2023-03-21 00:00:00-04:00,100.36009150328888,104.17625149489693,100.3303563898546,103.99783325195312,42110300,0.0,0.0
2023-03-22 00:00:00-04:00,103.35353990958235,105.65314851003183,102.4218069619865,102.46145629882812,43427400,0.0,0.0
2023-03-23 00:00:00-04:00,104.13659740739351,105.36570416377398,103.541872478814,104.6718521118164,40797800,0.0,0.0
2023-03-24 00:00:00-04:00,104.06721052991638,104.56281588589015,102.9273166987092,104.51325988769531,30393300,0.0,0.0
2023-03-27 00:00:00-04:00,103.70045921132483,103.83922809504408,101.03410018695052,101.55944061279297,31120900,0.0,0.0
2023-03-28 00:00:00-04:00,101.53963197104099,101.54953863368904,98.86335840017524,100.14202117919922,32057900,0.0,0.0
2023-03-29 00:00:00-04:00,101.38102484163565,101.58917817223534,99.76535419231203,100.49884796142578,28779600,0.0,0.0
2023-03-30 00:00:00-04:00,100.0230785716146,100.27088125455408,98.90300560483199,100.00325012207031,33086200,0.0,0.0
2023-03-31 00:00:00-04:00,100.40964837247186,102.9768804923042,100.1519314693277,102.81829071044922,36863400,0.0,0.0
2023-04-03 00:00:00-04:00,101.49006273887221,103.61125302709605,101.03410672538214,103.4427490234375,25035400,0.0,0.0
2023-04-04 00:00:00-04:00,103.41302707749486,104.65204060743034,103.12557503106923,103.79959869384766,24420100,0.0,0.0
2023-04-05 00:00:00-04:00,104.85026426841469,105.16745138275883,102.7489024717613,103.5517807006836,28290500,0.0,0.0
2023-04-06 00:00:00-04:00,104.33484197686876,108.21047194004801,103.41301570943838,107.4670639038086,48711500,0.0,0.0
2023-04-10 00:00:00-04:00,106.03972551827178,106.6443570965018,104.19607298512094,105.50447082519531,27067400,0.0,0.0
2023-04-11 00:00:00-04:00,105.6134990800635,105.79191730174914,103.75993241934815,104.42404174804688,26311800,0.0,0.0
2023-04-12 00:00:00-04:00,105.643234620716,105.8117386190125,103.42291728349981,103.72028350830078,24370300,0.0,0.0
2023-04-13 00:00:00-04:00,104.90973463774462,106.54523377059805,104.90973463774462,106.48576354980469,24843600,0.0,0.0
2023-04-14 00:00:00-04:00,105.95051585392284,107.98250090468606,105.90095229177238,107.91311645507812,26578000,0.0,0.0
2023-04-17 00:00:00-04:00,103.7401135343835,105.22692955632782,103.60133708165166,105.0385971069336,37571200,0.0,0.0
2023-04-18 00:00:00-04:00,105.55403506755718,105.6035986320666,103.15530676712977,103.58152770996094,26596400,0.0,0.0
2023-04-19 00:00:00-04:00,102.66961069827711,104.05730725261225,102.16409110128505,103.26433563232422,20905700,0.0,0.0
2023-04-20 00:00:00-04:00,102.99670263824548,105.31613193758433,102.95705330462381,104.36457061767578,27820800,0.0,0.0
2023-04-21 00:00:00-04:00,104.54299072815176,105.06833117404804,103.85905294490108,104.4835205078125,25800100,0.0,0.0
2023-04-24 00:00:00-04:00,104.56281265248298,105.69279222417367,103.77975530677848,105.0385971069336,23542800,0.0,0.0
2023-04-25 00:00:00-04:00,104.89984132217796,105.75228321957934,102.92732637507989,102.93724060058594,46664100,0.0,0.0
2023-04-26 00:00:00-04:00,103.99783368510995,105.4152654093067,101.72796008133541,102.79846954345703,53347600,0.0,0.0
2023-04-27 00:00:00-04:00,103.5319695888063,107.41752184308518,102.6299716535488,106.64437103271484,50089200,0.0,0.0
2023-04-28 00:00:00-04:00,106.09919436658583,106.40646726401752,104.16632896179492,106.39655303955078,36139800,0.0,0.0
2023-05-01 00:00:00-04:00,105.90094553226093,107.040839327923,105.88112464606859,106.25778198242188,26681700,0.0,0.0
2023-05-02 00:00:00-04:00,106.19832091951841,106.2577911455612,102.79846768787561,104.39431762695312,30997200,0.0,0.0
2023-05-03 00:00:00-04:00,104.60246094849104,106.545232957059,104.03747116825616,104.4835205078125,21795400,0.0,0.0
2023-05-04 00:00:00-04:00,104.56282340312815,104.67185719426804,103.05618634008118,103.76985931396484,23419500,0.0,0.0
2023-05-05 00:00:00-04:00,103.89871986133068,104.949400930923,103.19496107298689,104.64212799072266,26639300,0.0,0.0
2023-05-08 00:00:00-04:00,104.25553719362945,107.01110160979505,104.2357163079201,106.82276916503906,26511400,0.0,0.0
2023-05-09 00:00:00-04:00,107.43733132783537,109.18186434483572,106.24788146671654,106.4064712524414,36360100,0.0,0.0
2023-05-10 00:00:00-04:00,107.02101664654327,111.94733485864512,106.98136731248631,110.76779174804688,63153400,0.0,0.0
2023-05-11 00:00:00-04:00,114.38571076702053,116.88355828293253,113.40441433887695,115.54542541503906,78900000,0.0,0.0
2023-05-12 00:00:00-04:00,115.65446614587465,116.99259909422787,115.08947634268829,116.4771728515625,41102300,0.0,0.0
2023-05-15 00:00:00-04:00,115.08948372088383,117.4386559807011,114.99036415582506,115.48596954345703,36266800,0.0,0.0
2023-05-16 00:00:00-04:00,115.46613413085095,119.68869389632489,115.40666390786913,118.4595947265625,45035600,0.0,0.0
2023-05-17 00:00:00-04:00,118.55870818399895,120.60059973288946,117.84503529559602,119.77789306640625,33323600,0.0,0.0
2023-05-18 00:00:00-04:00,119.8869385456927,122.2261965471798,119.76799809424153,121.75041961669922,35234200,0.0,0.0
2023-05-19 00:00:00-04:00,122.46409532929638,124.86282361046274,121.07639871989548,121.68103790283203,41353400,0.0,0.0
2023-05-22 00:00:00-04:00,121.85944960031794,125.31877293153339,121.66120291685972,123.9509048461914,35253000,0.0,0.0
2023-05-23 00:00:00-04:00,123.06872361968306,123.53458629434267,121.13585822548262,121.48278045654297,34046300,0.0,0.0
2023-05-24 00:00:00-04:00,120.05544702738894,120.83850441605266,118.80651938298395,119.8373794555664,34182600,0.0,0.0
2023-05-25 00:00:00-04:00,123.4255515574692,124.21852313290142,120.88805461582595,122.39469909667969,42317000,0.0,0.0
2023-05-26 00:00:00-04:00,122.08741708575724,124.15905132995717,121.37374418942687,123.51476287841797,35635900,0.0,0.0
2023-05-30 00:00:00-04:00,124.53570932230704,124.55553777083063,120.92770304942592,122.58302307128906,35076700,0.0,0.0
2023-05-31 00:00:00-04:00,121.67111394373497,122.96959754632296,121.42331126767849,121.7900619506836,37325800,0.0,0.0
2023-06-01 00:00:00-04:00,121.74050008884288,123.32643572526102,121.54226097016722,122.6325912475586,30772700,0.0,0.0
2023-06-02 00:00:00-04:00,122.90021802977736,125.04123686671639,122.67224379356901,123.5742416381836,26980100,0.0,0.0
2023-06-05 00:00:00-04:00,122.92003685811163,126.30997552224953,122.75152529744679,124.90245819091797,32305500,0.0,0.0
2023-06-06 00:00:00-04:00,124.90247058230369,127.16242235359813,124.25818207275529,126.1910400390625,26638300,0.0,0.0
2023-06-07 00:00:00-04:00,125.85402231319067,127.90582057329998,121.04665198703012,121.42330932617188,52539000,0.0,0.0
2023-06-08 00:00:00-04:00,121.15568781042428,122.14689851551302,120.17438376750341,121.06647491455078,29389200,0.0,0.0
2023-06-09 00:00:00-04:00,121.17550631108766,122.67223656375475,120.83849830791537,121.15568542480469,23778300,0.0,0.0
2023-06-12 00:00:00-04:00,121.7107637315462,122.95969134096524,120.59069835405128,122.55329132080078,28306400,0.0,0.0
2023-06-13 00:00:00-04:00,123.881524443717,124.05994268348793,122.09734204600761,122.74163055419922,22278300,0.0,0.0
2023-06-14 00:00:00-04:00,122.01803328576474,122.95968796986351,120.38253415008784,122.58302307128906,30592300,0.0,0.0
2023-06-15 00:00:00-04:00,122.05768927234496,124.35729787447553,121.32419544608322,123.99054718017578,35246300,0.0,0.0
2023-06-16 00:00:00-04:00,124.82316689591107,125.00158512889624,122.19645696231628,122.44425964355469,45535600,0.0,0.0
2023-06-20 00:00:00-04:00,121.84953188431368,123.47511683040602,121.06647452234982,122.01803588867188,26097500,0.0,0.0
2023-06-21 00:00:00-04:00,121.32419395167761,121.58191085699323,119.04440626489465,119.4904556274414,30306300,0.0,0.0
2023-06-22 00:00:00-04:00,118.94528128923695,122.1568017665919,117.78556661162784,122.06759643554688,26952200,0.0,0.0
2023-06-23 00:00:00-04:00,120.31315570854476,121.71076646804086,119.99596857737609,121.26471710205078,34913600,0.0,0.0
2023-06-26 00:00:00-04:00,119.69860904954042,120.927708228838,117.23048890392118,117.29987335205078,33969900,0.0,0.0
2023-06-27 00:00:00-04:00,116.0509569547925,118.03337846384325,115.07956708792895,117.28997039794922,39535900,0.0,0.0
2023-06-28 00:00:00-04:00,116.06085055437069,119.3318487010765,115.82296211751444,119.12369537353516,27091400,0.0,0.0
2023-06-29 00:00:00-04:00,118.19197630756531,119.00476887917876,117.26024327719865,118.05320739746094,24090900,0.0,0.0
2023-06-30 00:00:00-04:00,119.11378128447019,120.01578660050734,118.63800441021921,118.64791107177734,29532200,0.0,0.0
2023-07-03 00:00:00-04:00,118.19196580370979,119.13362053840451,117.77565911039436,118.8461685180664,14467900,0.0,0.0
2023-07-05 00:00:00-04:00,118.19196765372497,121.5323506020042,118.18206099111318,120.6799087524414,27584800,0.0,0.0
2023-07-06 00:00:00-04:00,118.74704077325545,119.24264610609485,117.35934432883768,119.05431365966797,24745200,0.0,0.0
2023-07-07 00:00:00-04:00,119.04440879722722,119.98606354107629,118.35056430162291,118.42986297607422,21709500,0.0,0.0
2023-07-10 00:00:00-04:00,117.26022900177597,117.27013566390707,115.11921025680768,115.42648315429688,35315200,0.0,0.0
2023-07-11 00:00:00-04:00,115.2679002226587,116.67541768732227,114.33615968802944,116.11042785644531,23078800,0.0,0.0
2023-07-12 00:00:00-04:00,117.75584228302935,119.27239354834892,117.36927068843174,117.88469696044922,30404400,0.0,0.0
2023-07-13 00:00:00-04:00,119.86710994186647,123.73283317428397,119.3913254796749,123.44538116455078,44297900,0.0,0.0
2023-07-14 00:00:00-04:00,123.70309642753425,125.6656893475704,122.40460528869126,124.31764221191406,33283100,0.0,0.0
2023-07-17 00:00:00-04:00,124.83308323552517,125.98288376353565,123.10837110000271,123.5544204711914,25716200,0.0,0.0
2023-07-18 00:00:00-04:00,123.50484690725973,123.58414557513862,121.87926202742847,122.67223358154297,26193600,0.0,0.0
2023-07-19 00:00:00-04:00,123.50484670115512,124.07975069881186,120.72946139106028,120.95743560791016,37224000,0.0,0.0
2023-07-20 00:00:00-04:00,120.35280998310415,122.9993409263446,117.18093854128094,118.1523208618164,37906800,0.0,0.0
2023-07-21 00:00:00-04:00,119.55983561059963,119.92657872434836,117.68644801994229,118.96510314941406,72937900,0.0,0.0
2023-07-24 00:00:00-04:00,120.59070000224004,121.9189187390688,119.91667640915657,120.46183776855469,29686100,0.0,0.0
2023-07-25 00:00:00-04:00,120.29333663689901,122.06760477820553,119.95632105113091,121.1358642578125,52509600,0.0,0.0
2023-07-26 00:00:00-04:00,128.92679121548855,129.82878151515044,127.19217238007396,128.13381958007812,61682100,0.0,0.0
2023-07-27 00:00:00-04:00,130.51270190226427,132.0689098519843,127.65801044654415,128.2626495361328,44952100,0.0,0.0
2023-07-28 00:00:00-04:00,129.63053631303129,132.56452668916148,129.4223905323537,131.4147186279297,36591200,0.0,0.0
2023-07-31 00:00:00-04:00,131.56340397747383,132.35637563474472,130.62175675151056,131.55349731445312,28055500,0.0,0.0
2023-08-01 00:00:00-04:00,129.63054701957142,131.4642930466913,129.5314198898495,130.39378356933594,23166800,0.0,0.0
2023-08-02 00:00:00-04:00,128.3122279524498,128.9466022244464,126.43884024884467,127.25164031982422,26273300,0.0,0.0
2023-08-03 00:00:00-04:00,126.84525269371177,128.25277027475667,126.30008370553452,127.32102966308594,20089500,0.0,0.0
2023-08-04 00:00:00-04:00,128.14371584341106,130.35411143081842,126.78576204807231,126.98400115966797,26147200,0.0,0.0
2023-08-07 00:00:00-04:00,128.0247675508261,130.4532305494762,127.88599866875109,130.37393188476562,22746300,0.0,0.0
2023-08-08 00:00:00-04:00,129.47192832567612,130.35410518598817,128.4014190247344,130.2450714111328,23535200,0.0,0.0
2023-08-09 00:00:00-04:00,130.50279169045498,130.87944143501775,127.86616785514812,128.52037048339844,24912900,0.0,0.0
2023-08-10 00:00:00-04:00,130.16578804061726,130.88936757032903,128.31221386564667,128.55010986328125,20857800,0.0,0.0
2023-08-11 00:00:00-04:00,127.52918100734196,128.78800779260496,127.04348228626603,128.4212646484375,19591100,0.0,0.0
2023-08-14 00:00:00-04:00,128.25273871650413,130.21533146634363,127.8265254190536,130.17568969726562,24695600,0.0,0.0
2023-08-15 00:00:00-04:00,129.9477334332242,130.26491300365356,128.14372263533488,128.6393280029297,19770700,0.0,0.0
2023-08-16 00:00:00-04:00,127.56880187988281,129.1349164512509,126.7461028248423,127.56880187988281,25216100,0.0,0.0
2023-08-17 00:00:00-04:00,128.6591509873898,130.82990482519432,128.15362385412445,128.77809143066406,33446300,0.0,0.0
2023-08-18 00:00:00-04:00,127.38048074077112,128.1139820986366,125.26920468665479,126.33971405029297,30504800,0.0,0.0
2023-08-21 00:00:00-04:00,126.06217131195805,127.59854328866702,125.44761798387218,127.24170684814453,25248700,0.0,0.0
2023-08-22 00:00:00-04:00,127.3804753860569,129.13492247421263,127.19215806698841,127.94547271728516,22054900,0.0,0.0
2023-08-23 00:00:00-04:00,129.03581933612043,132.23744122531156,128.72854639699096,131.20657348632812,27819700,0.0,0.0
2023-08-24 00:00:00-04:00,132.77267495370916,133.07004119920114,128.43118221835817,128.6393280029297,28500700,0.0,0.0
2023-08-25 00:00:00-04:00,128.40144118659,129.61071958018746,126.13157509513833,128.73846435546875,26762900,0.0,0.0
2023-08-28 00:00:00-04:00,130.15587147682967,131.3750563736932,128.99615680059247,129.85850524902344,20543300,0.0,0.0
2023-08-29 00:00:00-04:00,131.07768470304433,135.369628072662,131.07768470304433,133.38720703125,43075600,0.0,0.0
2023-08-30 00:00:00-04:00,133.59537690208668,135.08219295170898,132.89162577508347,134.6857147216797,28315800,0.0,0.0
2023-08-31 00:00:00-04:00,134.81454720656896,136.78706173002197,134.59647966630084,134.97314453125,30053800,0.0,0.0
2023-09-01 00:00:00-04:00,136.25181824627185,136.25181824627185,133.66475792752385,134.46763610839844,21543700,0.0,0.0
2023-09-05 00:00:00-04:00,134.24958930429057,135.22097162539615,133.39714743586188,134.57669067382812,19403100,0.0,0.0
2023-09-06 00:00:00-04:00,134.8244999600997,135.33001203337403,132.49514848342264,133.27821350097656,18684500,0.0,0.0
2023-09-07 00:00:00-04:00,132.4158467757284,134.38836170715467,131.78147247047056,134.0711669921875,18844300,0.0,0.0
2023-09-08 00:00:00-04:00,133.7242241562256,135.4588426865127,133.66475394084918,135.18130493164062,23558300,0.0,0.0
2023-09-11 00:00:00-04:00,135.33991830158746,136.27165888953823,134.59651018881954,135.71658325195312,20763400,0.0,0.0
2023-09-12 00:00:00-04:00,135.0623790459448,135.66701824288407,134.00179134784412,134.1504669189453,18405500,0.0,0.0
2023-09-13 00:00:00-04:00,133.90265121619703,135.69674018178068,132.9709107286248,135.5084228515625,20749500,0.0,0.0
2023-09-14 00:00:00-04:00,136.3905946148167,137.48091727999335,135.04254749494362,136.88619995117188,24751000,0.0,0.0
2023-09-15 00:00:00-04:00,136.76725635034862,137.30251863025583,135.28044021121335,136.19235229492188,38919600,0.0,0.0
2023-09-18 00:00:00-04:00,135.40928098547076,137.93687104627568,135.40928098547076,136.99522399902344,21861300,0.0,0.0
2023-09-19 00:00:00-04:00,136.21217538464424,137.1934794427395,135.41920378337616,136.82672119140625,20353700,0.0,0.0
2023-09-20 00:00:00-04:00,136.86639614180442,136.86639614180442,132.44558909081576,132.56454467773438,29927500,0.0,0.0
2023-09-21 00:00:00-04:00,130.28472870460357,131.06777845392287,128.92677497016894,129.29351806640625,31503900,0.0,0.0
2023-09-22 00:00:00-04:00,129.61070610554586,130.86954793351885,128.4609131845869,129.10519409179688,26397300,0.0,0.0
2023-09-25 00:00:00-04:00,128.68890816561319,130.01712709218657,127.82655955465064,129.95765686035156,20094600,0.0,0.0
2023-09-26 00:00:00-04:00,128.62941408463055,129.2142247554818,126.10182382754034,127.4399642944336,25718700,0.0,0.0
2023-09-27 00:00:00-04:00,127.43996798020761,129.7494756200031,127.43996798020761,129.39263916015625,22746500,0.0,0.0
2023-09-28 00:00:00-04:00,128.6987879376221,132.12838346203904,128.64922437989011,131.14707946777344,22513100,0.0,0.0
2023-09-29 00:00:00-04:00,132.10855151732764,132.87178793711044,129.21421829354512,129.70982360839844,30859800,0.0,0.0
2023-10-02 00:00:00-04:00,130.05676271040824,133.2385405902459,130.01710581255713,132.99073791503906,22288000,0.0,0.0
2023-10-03 00:00:00-04:00,132.76275951955418,133.0799390690274,130.68121106331455,131.26602172851562,22989400,0.0,0.0
2023-10-04 00:00:00-04:00,131.62288239657767,134.37846248014134,131.36517301991339,134.05136108398438,26752300,0.0,0.0
2023-10-05 00:00:00-04:00,133.88282775878906,134.2991344106199,132.27705624495698,133.88282775878906,19832600,0.0,0.0
2023-10-06 00:00:00-04:00,132.832143768504,136.9456773507009,132.832143768504,136.3707733154297,27597600,0.0,0.0
2023-10-09 00:00:00-04:00,135.73639678634393,137.718818202532,134.41808472961787,137.20338439941406,19278100,0.0,0.0
2023-10-10 00:00:00-04:00,137.2826774721206,138.49195569665042,136.1229628059091,136.84654235839844,27786600,0.0,0.0
2023-10-11 00:00:00-04:00,137.36199550625815,139.86975763903897,137.36199550625815,139.31468200683594,25884300,0.0,0.0
2023-10-12 00:00:00-04:00,139.8102704594491,139.9787744613181,137.04478417224522,137.74855041503906,24765500,0.0,0.0
2023-10-13 00:00:00-04:00,138.15495992166953,138.7695057500951,135.4192085570894,136.1527099609375,23420500,0.0,0.0
2023-10-16 00:00:00-04:00,136.95556193967968,138.40273601931523,136.77715129783755,137.8773956298828,28501900,0.0,0.0
2023-10-17 00:00:00-04:00,137.41155773728624,138.67038456071032,135.97428998075208,138.49197387695312,23515800,0.0,0.0
2023-10-18 00:00:00-04:00,138.22433080496884,139.48317264449588,136.17253249534386,136.7474365234375,23375000,0.0,0.0
2023-10-19 00:00:00-04:00,137.28268416001447,138.4324922204464,136.17253299803895,136.53927612304688,26066000,0.0,0.0
2023-10-20 00:00:00-04:00,136.1229628278564,136.65820993362706,133.89273882524216,134.40817260742188,26335700,0.0,0.0
2023-10-23 00:00:00-04:00,133.85307305839916,136.45005512078916,132.77265713198602,135.3002471923828,26317900,0.0,0.0
2023-10-24 00:00:00-04:00,136.6185834917505,138.13513477372655,136.21218344241674,137.5899658203125,44814300,0.0,0.0
2023-10-25 00:00:00-04:00,127.03357185296261,127.18224741384032,123.97072673913938,124.5059814453125,84366200,0.0,0.0
2023-10-26 00:00:00-04:00,122.18654246977827,123.23723097831568,120.20412102421639,121.20524597167969,57061100,0.0,0.0
2023-10-27 00:00:00-04:00,121.79996533864069,122.22618623249376,119.15343464446192,121.09620666503906,44566500,0.0,0.0
2023-10-30 00:00:00-04:00,122.12706787862865,124.29782170383251,121.67111186993667,123.36608123779297,28940100,0.0,0.0
2023-10-31 00:00:00-04:00,123.96081560140948,124.26809608033074,121.61165093298484,122.98943328857422,26292300,0.0,0.0
2023-11-01 00:00:00-04:00,122.9795062521491,125.37823423377263,122.63258403370556,125.33858489990234,30082400,0.0,0.0
2023-11-02 00:00:00-04:00,127.29127202345639,127.84634757695119,125.81437024728645,126.36944580078125,27124600,0.0,0.0
2023-11-03 00:00:00-04:00,126.8947921921199,128.39151483515613,126.73619485751792,127.96530151367188,26393100,0.0,0.0
2023-11-06 00:00:00-05:00,127.91574427289191,129.19439942516289,127.53907936577991,129.10519409179688,19052700,0.0,0.0
2023-11-07 00:00:00-05:00,129.56115358521535,130.75060336661838,128.73844691253734,129.81886291503906,29757300,0.0,0.0
2023-11-08 00:00:00-05:00,129.81886492088287,131.04797161797262,129.63053247035484,130.68121337890625,26425800,0.0,0.0
2023-11-09 00:00:00-05:00,130.8001902664459,131.38500103733298,128.92680236714457,129.09530639648438,23747800,0.0,0.0
2023-11-10 00:00:00-05:00,128.95653161924707,131.63279776446794,128.27259374470339,131.4246368408203,26913300,0.0,0.0
2023-11-13 00:00:00-05:00,130.6217584430094,131.42463677369796,130.09641792725824,130.9290313720703,18324800,0.0,0.0
2023-11-14 00:00:00-05:00,133.01056927107837,134.50729201715737,132.1482207824069,132.44557189941406,32395200,0.0,0.0
2023-11-15 00:00:00-05:00,133.68458551793623,133.84318286371249,132.3960236763613,133.43678283691406,23861500,0.0,0.0
2023-11-16 00:00:00-05:00,134.00177404646607,136.01393051384863,133.1394255960663,135.72647094726562,28013200,0.0,0.0
2023-11-17 00:00:00-05:00,134.80465005712884,134.86412027691202,132.47529895112487,134.12071228027344,37240600,0.0,0.0
2023-11-20 00:00:00-05:00,132.5149627101394,135.45885973926121,132.44557070034907,135.05245971679688,27815500,0.0,0.0
2023-11-21 00:00:00-05:00,135.09209741037324,135.97427431377318,134.76501119450535,135.76612854003906,22635300,0.0,0.0
2023-11-22 00:00:00-05:00,136.26172703194487,138.19458474282766,136.26172703194487,137.27276611328125,17813900,0.0,0.0
2023-11-24 00:00:00-05:00,136.8168204777558,136.91594760397751,134.79475717504624,135.4886016845703,12514300,0.0,0.0
2023-11-27 00:00:00-05:00,134.83437943600723,137.20337221294994,134.8046443273795,135.21104431152344,23436500,0.0,0.0
2023-11-28 00:00:00-05:00,134.88397405597584,136.04368893356298,134.22977126615422,135.99412536621094,18730000,0.0,0.0
2023-11-29 00:00:00-05:00,136.360853061755,137.07451079768657,133.65483716334538,133.80352783203125,23967200,0.0,0.0
2023-11-30 00:00:00-05:00,133.8629822813629,134.35858753592206,130.12611442707868,131.36512756347656,38988300,0.0,0.0
2023-12-01 00:00:00-05:00,130.7010498046875,130.94885249162763,129.52150659490437,130.7010498046875,31442300,0.0,0.0
2023-12-04 00:00:00-05:00,128.73845875055255,128.88713431514626,126.7758581121976,128.13381958007812,36669900,0.0,0.0
2023-12-05 00:00:00-05:00,127.81662097598935,130.97858563372688,127.1227764879299,129.8386993408203,27384800,0.0,0.0
2023-12-06 00:00:00-05:00,130.28472982782802,130.68120803665548,128.73844363885704,128.87721252441406,23576200,0.0,0.0
2023-12-07 00:00:00-05:00,133.85308336988615,137.34214919311776,133.51607536911783,135.72647094726562,56767100,0.0,0.0
2023-12-08 00:00:00-05:00,133.02046296777098,135.20112331976583,132.85195897633275,133.80352783203125,32260100,0.0,0.0
2023-12-11 00:00:00-05:00,131.21649413911075,132.1680480633636,130.20545486049974,132.1184844970703,31138000,0.0,0.0
2023-12-12 00:00:00-05:00,130.65148882726206,131.83103206038206,130.10631988027265,131.35525512695312,29032800,0.0,0.0
2023-12-13 00:00:00-05:00,132.20767860500078,132.3266190406473,130.4135897855211,131.40480041503906,30104800,0.0,0.0
2023-12-14 00:00:00-05:00,132.20769564183271,132.54470366937534,128.55012552763398,130.7803497314453,38722400,0.0,0.0
2023-12-15 00:00:00-05:00,130.46314245666346,132.33653000234125,130.0270073455555,131.43453979492188,50847100,0.0,0.0
2023-12-18 00:00:00-05:00,131.46426381839478,135.9445247418158,131.26600960302858,134.6063995361328,32258000,0.0,0.0
2023-12-19 00:00:00-05:00,135.63726127584442,136.26172882321336,134.88394662917216,135.4489288330078,25476800,0.0,0.0
2023-12-20 00:00:00-05:00,137.74855205293554,140.45455302635412,136.85646847368653,137.12408447265625,49107200,0.0,0.0
2023-12-21 00:00:00-05:00,138.2639724149609,139.45342211326152,137.9566844233994,139.185791015625,27488300,0.0,0.0
2023-12-22 00:00:00-05:00,139.53274123600997,140.74201955858857,139.4732710110759,140.2464141845703,26532200,0.0,0.0
2023-12-26 00:00:00-05:00,140.34553045409487,141.42594657240042,139.94905219268907,140.27615356445312,16780300,0.0,0.0
2023-12-27 00:00:00-05:00,140.34552403156647,140.83122273553664,138.6604688106895,139.13624572753906,19628600,0.0,0.0
2023-12-28 00:00:00-05:00,139.54263593061398,139.8994723742898,138.5216901576727,138.99746704101562,16045700,0.0,0.0
2023-12-29 00:00:00-05:00,138.40276427098348,139.12634389616656,137.56022906895078,138.4622344970703,18733000,0.0,0.0
2024-01-02 00:00:00-05:00,137.3322465738531,138.2243301608941,135.28043314911363,136.95558166503906,23711200,0.0,0.0
2024-01-03 00:00:00-05:00,136.0436547238705,138.40274078957884,135.87515073698754,137.698974609375,24212100,0.0,0.0
2024-01-04 00:00:00-05:00,137.20337960162615,137.93688094484938,135.15158137245075,135.19122314453125,27137700,0.0,0.0
2024-01-05 00:00:00-05:00,135.54805692417742,135.9544569222083,133.9621138280285,134.53701782226562,22513900,0.0,0.0
2024-01-08 00:00:00-05:00,135.09208465323874,137.78817866795262,135.06234954551326,137.6196746826172,21404000,0.0,0.0
2024-01-09 00:00:00-05:00,137.2826878289855,140.24641339378692,136.9357580192586,139.71115112304688,24759600,0.0,0.0
2024-01-10 00:00:00-05:00,139.7607161678604,141.74313767378752,139.67151083001588,141.0294647216797,21320200,0.0,0.0
2024-01-11 00:00:00-05:00,142.2288332953947,143.9436236258308,139.40387666099627,140.8312225341797,24008700,0.0,0.0
2024-01-12 00:00:00-05:00,141.41605342795455,141.94139398064064,140.57353326075875,141.39622497558594,18785500,0.0,0.0
2024-01-16 00:00:00-05:00,140.75192640999762,143.08127772087843,140.20675747291105,141.2376251220703,22670500,0.0,0.0
2024-01-17 00:00:00-05:00,140.10765256153263,140.59333617350276,137.6791740029759,140.22659301757812,20968600,0.0,0.0
2024-01-18 00:00:00-05:00,140.80147859071877,142.94249726620274,140.7420083705122,142.21890258789062,25746400,0.0,0.0
2024-01-19 00:00:00-05:00,143.4678295070268,145.16279118468964,143.11099308151773,145.09341430664062,34271900,0.0,0.0
2024-01-22 00:00:00-05:00,145.80707719549898,147.0857321434837,144.55814222921296,144.7068328857422,32200400,0.0,0.0
2024-01-23 00:00:00-05:00,144.60773333501743,145.88638852663772,144.22116175386006,145.74761962890625,21636100,0.0,0.0
2024-01-24 00:00:00-05:00,147.23443853833155,148.5329373289827,146.79831851190932,147.39303588867188,25233500,0.0,0.0
2024-01-25 00:00:00-05:00,148.7509891835985,151.7047926793007,148.22563362553456,150.53515625,29149100,0.0,0.0
2024-01-26 00:00:00-05:00,149.77192479518956,151.19925532668688,149.682704348174,150.8523406982422,26115500,0.0,0.0
2024-01-29 00:00:00-05:00,150.7235290609592,152.42841304186047,150.09906134566447,152.16078186035156,27784300,0.0,0.0
2024-01-30 00:00:00-05:00,151.4570029311418,152.26978786685433,149.86115304703833,150.1287841796875,36331800,0.0,0.0
2024-01-31 00:00:00-05:00,142.35768815981584,142.73435309816574,138.6406477145511,138.86863708496094,71910000,0.0,0.0
2024-02-01 00:00:00-05:00,140.8708500003378,141.8025904131777,139.55253804649774,139.91929626464844,40466500,0.0,0.0
2024-02-02 00:00:00-05:00,138.03598318915266,141.36645142167342,135.30024736856095,141.12857055664062,62499600,0.0,0.0
2024-02-05 00:00:00-05:00,141.56471810110367,144.19142038150497,141.52506120365902,142.41714477539062,38505400,0.0,0.0
2024-02-06 00:00:00-05:00,143.3786346695141,144.08240098500607,141.93147538647906,142.83348083496094,29128200,0.0,0.0
2024-02-07 00:00:00-05:00,143.48766006197988,144.34010189614554,142.66495333978824,144.26080322265625,25208900,0.0,0.0
2024-02-08 00:00:00-05:00,144.54826480197747,145.0438701746272,143.82468519281807,144.6275634765625,22563800,0.0,0.0
2024-02-09 00:00:00-05:00,145.39076798904887,148.1265190084021,144.89516267391085,147.6903839111328,26829500,0.0,0.0
2024-02-12 00:00:00-05:00,147.11546841286923,148.02738030636831,146.0746943076273,146.23329162597656,21564100,0.0,0.0
2024-02-13 00:00:00-05:00,143.64623605036468,145.38085457275164,142.4270512666812,143.8643035888672,27837700,0.0,0.0
2024-02-14 00:00:00-05:00,144.79605648646725,145.23219160120888,142.82354180831294,144.65728759765625,22704200,0.0,0.0
2024-02-15 00:00:00-05:00,141.88189508654546,142.25855998207064,139.22545774352974,141.51515197753906,37590700,0.0,0.0
2024-02-16 00:00:00-05:00,141.7332034022547,141.9314424892963,138.90824725672493,139.284912109375,31468900,0.0,0.0
2024-02-20 00:00:00-05:00,138.432479628036,140.83120752749184,138.26397563661223,139.879638671875,25144700,0.0,0.0
2024-02-21 00:00:00-05:00,140.20673565971813,141.43584224259257,139.44349926654036,141.2970733642578,23223300,0.0,0.0
2024-02-22 00:00:00-05:00,143.65614538078825,143.72553738281633,141.5448770819428,142.8235321044922,27191900,0.0,0.0
2024-02-23 00:00:00-05:00,142.40724256933106,143.40835995334845,142.16934655124388,142.6947021484375,19493800,0.0,0.0
2024-02-26 00:00:00-05:00,140.8907113971141,141.188077680813,136.18245980002686,136.3608856201172,53641800,0.0,0.0
2024-02-27 00:00:00-05:00,136.8069057229925,138.02609065509074,135.8850719026194,137.6593475341797,33099200,0.0,0.0
2024-02-28 00:00:00-05:00,136.6879341367538,136.7969679065016,134.21982945059332,135.18130493164062,37328600,0.0,0.0
2024-02-29 00:00:00-05:00,136.07342061463353,137.6395355304316,135.20115025022022,137.24305725097656,42133000,0.0,0.0
2024-03-01 00:00:00-05:00,137.21328646339086,137.6494215802847,135.71656378920932,135.93463134765625,31151100,0.0,0.0
2024-03-04 00:00:00-05:00,134.46762668715786,134.46762668715786,130.7505871289636,132.1779327392578,55999400,0.0,0.0
2024-03-05 00:00:00-05:00,130.72087171210643,132.06891886657937,129.5215001124862,131.50392150878906,40194800,0.0,0.0
2024-03-06 00:00:00-05:00,131.94995491359472,132.40591846062833,129.69991766152992,130.2450714111328,35318600,0.0,0.0
2024-03-07 00:00:00-05:00,131.62286181229678,133.75397388585452,130.45324044956945,133.1988983154297,37738200,0.0,0.0
2024-03-08 00:00:00-05:00,133.03041390483907,136.8763016912152,132.822252972934,134.21986389160156,39370400,0.0,0.0
2024-03-11 00:00:00-04:00,134.93351836260592,137.8774153719074,134.93351836260592,136.45997619628906,32437800,0.0,0.0
2024-03-12 00:00:00-04:00,135.82560336197784,138.15495459716567,135.82560336197784,137.28268432617188,27563400,0.0,0.0
2024-03-13 00:00:00-04:00,137.77826017049807,139.84988649565838,137.76835351033176,138.56130981445312,23347200,0.0,0.0
2024-03-14 00:00:00-04:00,139.9490235510771,142.32792288200474,139.22544406599317,141.8422393798828,42753400,0.0,0.0
2024-03-15 00:00:00-04:00,141.24753819885322,141.92155427918553,138.79924632676565,139.9391326904297,49475400,0.0,0.0
2024-03-18 00:00:00-04:00,147.30383769364138,150.81271727318136,145.8764917207178,146.3820037841797,69273700,0.0,0.0
2024-03-19 00:00:00-04:00,146.8578050483476,147.4822576070713,144.79608463895917,145.73773193359375,24070400,0.0,0.0
2024-03-20 00:00:00-04:00,146.6991920761811,147.55163393242162,145.45027196690233,147.4326934814453,21311500,0.0,0.0
2024-03-21 00:00:00-04:00,148.15626300736415,149.04834657827197,145.60884427485487,146.30270385742188,24755600,0.0,0.0
2024-03-22 00:00:00-04:00,147.8093478613808,150.24773305463123,147.6705789560528,149.44485473632812,29211800,0.0,0.0
2024-03-25 00:00:00-04:00,148.62214484045748,149.05827999793414,146.5207828540801,148.75100708007812,19229300,0.0,0.0
2024-03-26 00:00:00-04:00,148.89967658168865,150.92173980939236,148.66178056238658,149.34571838378906,22149100,0.0,0.0
2024-03-27 00:00:00-04:00,149.85123348293416,150.3071970814459,147.59127418957752,149.54396057128906,22879200,0.0,0.0
2024-03-28 00:00:00-04:00,149.5241252750751,150.09901411418988,148.8500942012748,149.60340881347656,24485400,0.0,0.0
2024-04-01 00:00:00-04:00,149.3655526121771,154.3711700008442,149.28625393600836,154.1233673095703,31730800,0.0,0.0
2024-04-02 00:00:00-04:00,152.15082675469168,153.3402764470575,150.8126863978592,153.20150756835938,24586000,0.0,0.0
2024-04-03 00:00:00-04:00,152.2499594372824,153.716946940742,151.3875959008957,153.558349609375,24705000,0.0,0.0
2024-04-04 00:00:00-04:00,152.1508521323684,153.40969403638587,149.1276562800474,149.2069549560547,34724700,0.0,0.0
2024-04-05 00:00:00-04:00,148.71136073150413,152.07156486544667,148.2851473312489,151.15965270996094,23459200,0.0,0.0
2024-04-08 00:00:00-04:00,151.4371697426533,153.9052898339039,151.26866573838439,153.48898315429688,20702000,0.0,0.0
2024-04-09 00:00:00-04:00,154.71807515609422,157.16636680492698,153.825991572372,155.22360229492188,31079500,0.0,0.0
2024-04-10 00:00:00-04:00,154.83706170073978,155.2335400117824,153.32049510554046,154.76766967773438,22838600,0.0,0.0
2024-04-11 00:00:00-04:00,155.53088422887154,158.27652714867145,155.08484241109738,158.0089111328125,27166400,0.0,0.0
2024-04-12 00:00:00-04:00,156.57166307757163,158.8117940185791,155.75886296974886,156.3436737060547,25353700,0.0,0.0
2024-04-15 00:00:00-04:00,157.4637444709509,157.8404094057048,153.23127022277416,153.4989013671875,27136500,0.0,0.0
2024-04-16 00:00:00-04:00,152.83480767668053,154.28196708853187,152.08147772971566,153.04295349121094,20779500,0.0,0.0
2024-04-17 00:00:00-04:00,154.25220644098835,155.69938073798713,153.22135395349792,154.10353088378906,21763100,0.0,0.0
2024-04-18 00:00:00-04:00,153.97466932035476,155.5606125191913,153.26099639334586,154.63877868652344,19883000,0.0,0.0
2024-04-19 00:00:00-04:00,154.82711196963538,154.98570931530094,150.96139619825826,152.73565673828125,32615600,0.0,0.0
2024-04-22 00:00:00-04:00,152.95373142080075,156.2544650981797,152.70592872842704,154.9064178466797,26446200,0.0,0.0
2024-04-23 00:00:00-04:00,155.58044145804854,157.57276956282405,154.90641030278562,156.86900329589844,21151600,0.0,0.0
2024-04-24 00:00:00-04:00,156.10576891745424,158.16748886069595,155.78857425325978,157.73135375976562,22779100,0.0,0.0
2024-04-25 00:00:00-04:00,149.99992338282905,155.11457444082362,149.5439597867095,154.62887573242188,57109700,0.0,0.0
2024-04-26 00:00:00-04:00,172.83741845240817,173.17444161155032,168.15890237210272,170.43869018554688,64665300,0.0,0.0
2024-04-29 00:00:00-04:00,167.57407825152322,168.05977693862212,163.75792613748897,164.6896514892578,45610000,0.0,0.0
2024-04-30 00:00:00-04:00,164.15438620390708,166.62250601471732,161.17084777672406,161.34925842285156,33562900,0.0,0.0
2024-05-01 00:00:00-04:00,162.8559349699541,165.65114151829926,161.656563265471,162.4197998046875,33493200,0.0,0.0
2024-05-02 00:00:00-04:00,163.341630413066,165.26458189492212,162.44954669194885,165.15554809570312,24294500,0.0,0.0
2024-05-03 00:00:00-04:00,166.08722954511603,166.4837228213159,161.61687561925052,165.77005004882812,34662400,0.0,0.0
2024-05-06 00:00:00-04:00,165.98815382038057,166.6621698501134,164.5707146259979,166.62252807617188,21871300,0.0,0.0
2024-05-07 00:00:00-04:00,167.01901294123516,170.2503545716541,166.90997915272567,169.74484252929688,28039700,0.0,0.0
2024-05-08 00:00:00-04:00,167.51460097970468,168.65448718502228,167.25689165384944,167.89126586914062,19569100,0.0,0.0
2024-05-09 00:00:00-04:00,167.90118913341487,169.18976613945827,166.70181746537216,168.4661865234375,15346700,0.0,0.0
2024-05-10 00:00:00-04:00,166.55313303769844,168.35714377508077,164.72930897604326,167.1676788330078,29799900,0.0,0.0
2024-05-13 00:00:00-04:00,162.81625335334653,167.79213497268913,162.55854403329832,167.6533660888672,31327600,0.0,0.0
2024-05-14 00:00:00-04:00,168.27785221350925,169.7448398794561,167.3163765820282,168.84283447265625,25127100,0.0,0.0
2024-05-15 00:00:00-04:00,169.13029325056647,171.13252805375882,169.01133767709646,170.99375915527344,26948400,0.0,0.0
2024-05-16 00:00:00-04:00,171.7668862401435,173.5808035378088,171.17216892717605,172.64906311035156,27867900,0.0,0.0
2024-05-17 00:00:00-04:00,172.64907697879545,174.72071889069628,172.1633934028928,174.51255798339844,24479300,0.0,0.0
2024-05-20 00:00:00-04:00,174.6414258747219,177.19875144536334,174.53239208635316,175.36500549316406,22554400,0.0,0.0
2024-05-21 00:00:00-04:00,175.34517242175946,176.584185836624,174.2647563539197,176.28683471679688,16989400,0.0,0.0
2024-05-22 00:00:00-04:00,175.08746704167487,175.5929790815051,173.67004292281268,174.8297576904297,17880000,0.0,0.0
2024-05-23 00:00:00-04:00,175.5136937401354,176.68331515847908,171.42989518914035,172.02462768554688,21024900,0.0,0.0
2024-05-24 00:00:00-04:00,173.44204354526818,174.22510846580246,172.12373150315187,173.45196533203125,16579400,0.0,0.0
2024-05-28 00:00:00-04:00,172.91672082470853,175.71194253715282,172.83742214584382,174.84957885742188,20572200,0.0,0.0
2024-05-29 00:00:00-04:00,173.8881183214677,175.28572929944744,173.184367062833,174.35398864746094,23388700,0.0,0.0
2024-05-30 00:00:00-04:00,173.6600966913534,173.67992513855842,170.28006486489895,170.59725952148438,22931500,0.0,0.0
2024-05-31 00:00:00-04:00,170.34949712156035,171.53894711547682,167.95076868183696,170.98387145996094,37638900,0.0,0.0
2024-06-03 00:00:00-04:00,171.02346645598863,172.9959809508917,169.65560614326452,171.64793395996094,27459100,0.0,0.0
2024-06-04 00:00:00-04:00,171.7570001617278,172.3219975576634,170.37921780326457,172.26251220703125,26879600,0.0,0.0
2024-06-05 00:00:00-04:00,173.6601252146541,175.09737781727256,172.40128329216327,173.8682861328125,22068500,0.0,0.0
2024-06-06 00:00:00-04:00,174.35395954744376,175.59297294708358,174.2052839893571,175.17666625976562,23251000,0.0,0.0
2024-06-07 00:00:00-04:00,175.4938524938292,176.3066373799981,172.7680231459644,172.92662048339844,19661400,0.0,0.0
2024-06-10 00:00:00-04:00,173.63118065101344,175.70518493273318,171.43808427850212,173.67086791992188,23726700,0.2,0.0
2024-06-11 00:00:00-04:00,174.8716214180017,175.48687252833415,172.440371072749,175.2685546875,21540600,0.0,0.0
2024-06-12 00:00:00-04:00,176.8860828234983,179.0295587655737,174.76245808700693,176.42959594726562,27864700,0.0,0.0
2024-06-13 00:00:00-04:00,174.76246052696914,175.38764480431132,173.5418763520932,173.81973266601562,20913300,0.0,0.0
2024-06-14 00:00:00-04:00,172.886928506799,175.7051941501706,172.81745685502335,175.437255859375,18063600,0.0,0.0
2024-06-17 00:00:00-04:00,174.11745590855674,176.99526019491833,173.47242036710682,175.8838348388672,19618500,0.0,0.0
2024-06-18 00:00:00-04:00,175.78457643329608,176.03266350713454,172.7678442779151,173.75025939941406,21869900,0.0,0.0
2024-06-20 00:00:00-04:00,174.02812743639052,175.93343447480135,173.65104535533175,174.95101928710938,20160100,0.0,0.0
2024-06-21 00:00:00-04:00,175.6456729700876,179.46622050110986,175.25865768617388,178.25555419921875,57759000,0.0,0.0
2024-06-24 00:00:00-04:00,178.7814884925371,179.50589857307529,177.3028839492694,177.8486785888672,18298000,0.0,0.0
2024-06-25 00:00:00-04:00,178.24561193946573,182.87987707702328,178.04714529101605,182.6218719482422,23130200,0.0,0.0
2024-06-26 00:00:00-04:00,181.23255669280258,183.09816101305836,181.08369537751665,182.47299194335938,19839000,0.0,0.0
2024-06-27 00:00:00-04:00,182.77071833286294,184.62642010992184,182.61195409916436,183.99131774902344,18848900,0.0,0.0
2024-06-28 00:00:00-04:00,182.90965002904287,183.71344974735644,180.56770738280355,180.75624084472656,29156600,0.0,0.0
2024-07-01 00:00:00-04:00,181.6294852381344,182.47298724360064,179.9127271353494,181.5897979736328,16006100,0.0,0.0
2024-07-02 00:00:00-04:00,180.65700787416756,184.1500780686585,180.17075176456586,183.82260131835938,17372500,0.0,0.0
2024-07-03 00:00:00-04:00,183.43559898745033,184.666101253454,182.59209683114494,184.39817810058594,10242100,0.0,0.0
2024-07-05 00:00:00-04:00,184.43785005315465,189.3995914027585,184.37831157968466,189.14158630371094,20967500,0.0,0.0
2024-07-08 00:00:00-04:00,188.4469257746695,188.71486404073931,186.34315233953677,187.58358764648438,21035900,0.0,0.0
2024-07-09 00:00:00-04:00,188.85380640623399,189.89577517091524,187.27597621110633,187.5339813232422,15121400,0.0,0.0
2024-07-10 00:00:00-04:00,187.7026819141074,190.28279364749721,187.5836049591009,189.71714782714844,15952500,0.0,0.0
2024-07-11 00:00:00-04:00,188.39733505757295,189.39960141202818,183.66382932012837,184.15008544921875,25625800,0.0,0.0
2024-07-12 00:00:00-04:00,183.66383343758727,185.67829936578423,183.07835154835516,183.65391540527344,22898400,0.0,0.0
2024-07-15 00:00:00-04:00,183.50505596969933,186.79965977611926,183.50505596969933,185.1027374267578,16474000,0.0,0.0
2024-07-16 00:00:00-04:00,185.92637584595624,187.23626771226316,181.9669007256916,182.5126953125,18290700,0.0,0.0
2024-07-17 00:00:00-04:00,181.56997921247492,182.14554307379208,178.52346250305996,179.63490295410156,20734100,0.0,0.0
2024-07-18 00:00:00-04:00,180.53794629801195,181.10359218286982,175.1197322388206,176.3303985595703,25315700,0.0,0.0
2024-07-19 00:00:00-04:00,177.51126425121495,178.91046381081307,175.77465477022162,176.30059814453125,18881900,0.0,0.0
2024-07-22 00:00:00-04:00,179.20819962101348,181.30205541728276,178.8509535799711,180.27993774414062,24100300,0.0,0.0
2024-07-23 00:00:00-04:00,180.65700705961783,182.20506795075516,180.15089974687697,180.39898681640625,36352700,0.0,0.0
2024-07-24 00:00:00-04:00,172.2716763828317,174.84185492699467,170.5052975643539,171.30909729003906,49585200,0.0,0.0
2024-07-25 00:00:00-04:00,171.1999255778285,172.09303295252627,165.91070754972583,166.00001525878906,44852000,0.0,0.0
2024-07-26 00:00:00-04:00,165.87099888612107,166.80380863547714,162.8046465209646,165.72215270996094,41336900,0.0,0.0
2024-07-29 00:00:00-04:00,167.5381777702437,169.12592608314606,166.70460877031735,168.23281860351562,20293800,0.0,0.0
2024-07-30 00:00:00-04:00,168.9373636975669,169.9197787286118,167.1511339019872,168.98696899414062,18959700,0.0,0.0
2024-07-31 00:00:00-04:00,171.91443658888358,172.91670298864665,168.7091404604878,170.22743225097656,25729100,0.0,0.0
2024-08-01 00:00:00-04:00,168.94729223504007,172.71821867309802,167.58777995648467,169.45338439941406,24531400,0.0,0.0
2024-08-02 00:00:00-04:00,165.1664630337912,167.22061625981866,163.41000220136607,165.38478088378906,29130100,0.0,0.0
2024-08-05 00:00:00-04:00,154.3101575722687,163.17182044634595,153.74451178437454,158.03146362304688,53630700,0.0,0.0
2024-08-06 00:00:00-04:00,158.11086239581772,159.34137978517677,155.2132070680051,157.0788116455078,49004600,0.0,0.0
2024-08-07 00:00:00-04:00,160.01618414211123,161.73294268414506,157.25745672144262,157.72386169433594,25138600,0.0,0.0
2024-08-08 00:00:00-04:00,159.28183313078614,162.43750885518617,158.98414073021175,160.7902069091797,25578800,0.0,0.0
2024-08-09 00:00:00-04:00,158.78564981676743,162.53672526881738,157.84292193770273,162.4176483154297,28602300,0.0,0.0
2024-08-12 00:00:00-04:00,163.09243732479868,163.63821673656008,160.60163358167628,161.04818725585938,15895300,0.0,0.0
2024-08-13 00:00:00-04:00,162.1596237343071,163.46951549041373,161.72298810159427,162.9038848876953,18551700,0.0,0.0
2024-08-14 00:00:00-04:00,161.1573644799167,161.97109738750262,156.50326348113867,159.1428985595703,40591100,0.0,0.0
2024-08-15 00:00:00-04:00,159.27189898700752,160.40317542086007,158.38870962322818,160.06578063964844,31524300,0.0,0.0
2024-08-16 00:00:00-04:00,160.2344996596875,163.7970268327427,159.89710483293223,161.71310424804688,24208600,0.0,0.0
2024-08-19 00:00:00-04:00,164.01533548402497,165.4145503036196,163.0031359185699,165.3946990966797,22416200,0.0,0.0
2024-08-20 00:00:00-04:00,165.62294626435101,167.34963797695062,165.54357171525163,165.9008026123047,18341500,0.0,0.0
2024-08-21 00:00:00-04:00,163.88632244130392,165.5733267344455,163.40999947744584,164.5809783935547,22902000,0.0,0.0
2024-08-22 00:00:00-04:00,165.98014699702406,166.30762370530235,162.06037481216822,162.546630859375,22493300,0.0,0.0
2024-08-23 00:00:00-04:00,163.4596147462646,164.9084347985432,162.57642535652303,164.35272216796875,13955700,0.0,0.0
2024-08-26 00:00:00-04:00,165.1069286953162,166.26797448558267,163.20162161831215,164.88861083984375,14190400,0.0,0.0
2024-08-27 00:00:00-04:00,164.57104961527048,165.1664646925233,163.201619164844,163.419921875,11821900,0.0,0.0
2024-08-28 00:00:00-04:00,163.77714221811894,164.33286993605128,160.29400544572312,161.60391235351562,16407400,0.0,0.0
2024-08-29 00:00:00-04:00,163.05275436266322,164.70005625165825,159.02382249929119,160.5421142578125,19699800,0.0,0.0
2024-08-30 00:00:00-04:00,161.37568835446018,162.40773914692483,160.45281163127092,162.1298828125,22123800,0.0,0.0
2024-09-03 00:00:00-04:00,160.48258445374879,160.61159459119546,155.28267338679814,156.15594482421875,38945300,0.0,0.0
2024-09-04 00:00:00-04:00,155.4612989897302,157.78339053713182,154.76665816042646,155.25289916992188,19353800,0.0,0.0
2024-09-05 00:00:00-04:00,155.10407049895832,158.22996215508203,154.78651171708566,156.03688049316406,18688700,0.0,0.0
2024-09-06 00:00:00-04:00,156.09638450541732,156.62232787245784,149.39803374273566,149.76519775390625,37912100,0.0,0.0
2024-09-09 00:00:00-04:00,151.54385960268255,152.4282209390493,146.2873778721235,147.7679443359375,39260500,0.2,0.0
2024-09-10 00:00:00-04:00,149.4969156283568,150.31172831197244,147.40028159964342,147.71826171875,31118800,0.0,0.0
2024-09-11 00:00:00-04:00,148.97025775559644,150.54025030429756,146.5854677760219,150.20240783691406,29607700,0.0,0.0
2024-09-12 00:00:00-04:00,152.8256911821986,153.839233801539,151.68296725155358,153.71005249023438,29621500,0.0,0.0
2024-09-13 00:00:00-04:00,154.44535510677574,157.37667920350046,154.2267627397466,156.46250915527344,29591200,0.0,0.0
2024-09-16 00:00:00-04:00,156.313451749423,157.2474993531957,155.60795803142506,157.05870056152344,18379800,0.0,0.0
2024-09-17 00:00:00-04:00,158.0126274199818,159.53293380012653,157.3766823666018,158.31072998046875,20715600,0.0,0.0
2024-09-18 00:00:00-04:00,158.84730896980255,159.48325404924594,157.59529635899653,158.79762268066406,23677300,0.0,0.0
2024-09-19 00:00:00-04:00,162.67290003664115,162.75237989212232,160.31790373118696,161.1128387451172,26587700,0.0,0.0
2024-09-20 00:00:00-04:00,162.46423894374368,162.6927776644467,161.03335881701463,162.5536651611328,40896400,0.0,0.0
2024-09-23 00:00:00-04:00,163.3088543567614,164.44163188871738,160.64582418208624,160.82469177246094,24150900,0.0,0.0
2024-09-24 00:00:00-04:00,161.9972041569506,162.18600293337994,159.67203168983335,161.2618865966797,23332100,0.0,0.0
2024-09-25 00:00:00-04:00,160.44710243338025,161.77861000791742,160.27818118844277,160.46697998046875,18869200,0.0,0.0
2024-09-26 00:00:00-04:00,162.6033661315293,163.0405812277503,161.2519809078131,161.69912719726562,20319300,0.0,0.0
2024-09-27 00:00:00-04:00,161.77859943711212,164.6502907376612,161.5997470113798,162.911376953125,21101300,0.0,0.0
2024-09-30 00:00:00-04:00,162.2853907035285,165.09744958161895,162.22575806160205,164.7993621826172,20413900,0.0,0.0
2024-10-01 00:00:00-04:00,166.62772204069785,168.08841111718823,163.537422620915,165.93215942382812,28338100,0.0,0.0
2024-10-02 00:00:00-04:00,165.36574568962988,166.4587833748385,163.68644922877587,164.80929565429688,17760200,0.0,0.0
2024-10-03 00:00:00-04:00,163.3684842780683,165.5843532266716,162.88158291608877,164.80929565429688,15073100,0.0,0.0
2024-10-04 00:00:00-04:00,166.99535885279488,167.16428010496523,164.4317010051406,166.00169372558594,19047400,0.0,0.0
2024-10-07 00:00:00-04:00,166.65751850550026,167.4126985535878,161.71900154638254,161.94754028320312,22463100,0.0,0.0
2024-10-08 00:00:00-04:00,162.901468985077,163.68645779124333,161.8382399845631,163.33868408203125,23072700,0.0,0.0
2024-10-09 00:00:00-04:00,162.41456443992033,163.7957583809211,158.72807525360884,160.8346405029297,31181800,0.0,0.0
2024-10-10 00:00:00-04:00,159.8509116423071,162.03698715416354,159.38388779769477,161.05325317382812,14144100,0.0,0.0
2024-10-11 00:00:00-04:00,161.10293319324816,162.86170956550862,160.21857182956228,162.20590209960938,15344300,0.0,0.0
2024-10-14 00:00:00-04:00,162.6033481425783,165.1769369826469,162.36486307226147,163.9149932861328,19016100,0.0,0.0
2024-10-15 00:00:00-04:00,164.73971556910084,166.61774183416674,163.58707567908868,164.4118194580078,20247200,0.0,0.0
2024-10-16 00:00:00-04:00,163.4877403209242,164.749699418007,162.70275145459712,164.11375427246094,16406000,0.0,0.0
2024-10-17 00:00:00-04:00,164.6801076327293,165.31605267037628,161.72892116495908,161.89784240722656,21453400,0.0,0.0
2024-10-18 00:00:00-04:00,162.1562116364337,163.66658684818702,162.0469078679096,162.38475036621094,19757700,0.0,0.0
2024-10-21 00:00:00-04:00,161.91770927556843,163.45789306330104,161.58979800498344,163.03062438964844,20946500,0.0,0.0
2024-10-22 00:00:00-04:00,161.94755157914383,164.719886004102,161.94755157914383,164.0938720703125,16568100,0.0,0.0
2024-10-23 00:00:00-04:00,163.71624709624942,164.7695447784646,160.90417320390316,161.74879455566406,18280500,0.0,0.0
2024-10-24 00:00:00-04:00,161.79848222899673,162.29531475497333,159.9900045566217,161.68917846679688,22412500,0.0,0.0
2024-10-25 00:00:00-04:00,162.63315236060092,164.54098738372983,162.38473610505613,164.2230224609375,19828900,0.0,0.0
2024-10-28 00:00:00-04:00,167.68098784367282,167.68098784367282,162.91139226813863,165.66384887695312,32138600,0.0,0.0
2024-10-29 00:00:00-04:00,166.66742827978365,169.3006496598447,166.0314832783505,168.60507202148438,42169000,0.0,0.0
2024-10-30 00:00:00-04:00,179.5353953312524,180.86691803166593,172.95733750175077,173.3548126220703,68890800,0.0,0.0
2024-10-31 00:00:00-04:00,172.03325462883092,175.69988150851668,169.91674297844676,170.0260467529297,44769000,0.0,0.0
2024-11-01 00:00:00-04:00,168.99262234877236,171.22836871150324,167.81015851321018,170.2048797607422,31796500,0.0,0.0
2024-11-04 00:00:00-05:00,168.85349334018605,169.6484284063568,166.94565827865142,168.16787719726562,21492700,0.0,0.0
2024-11-05 00:00:00-05:00,168.35668494331603,169.4497227111904,167.77042612333224,168.66473388671875,18242100,0.0,0.0
2024-11-06 00:00:00-05:00,172.69900637438644,175.81911434381482,172.4009037964916,175.39183044433594,33695500,0.0,0.0
2024-11-07 00:00:00-05:00,176.2861274447148,179.93287650946746,176.06751991171046,179.60496520996094,25352900,0.0,0.0
2024-11-08 00:00:00-05:00,179.50558656989898,179.75400283427035,176.9518752564666,177.2201690673828,22006200,0.0,0.0
2024-11-11 00:00:00-05:00,177.4487430434311,179.40626480859777,177.33943925890452,179.20753479003906,17450400,0.0,0.0
2024-11-12 00:00:00-05:00,178.6808819487348,181.33396618962504,178.25359803223796,180.46946716308594,25134900,0.0,0.0
2024-11-13 00:00:00-05:00,179.31681892204128,179.8136514950511,177.4089684990119,177.746826171875,23184000,0.0,0.0
2024-11-14 00:00:00-05:00,177.15062051532624,177.68720818344102,173.21571503907634,174.4677276611328,31007500,0.0,0.0
2024-11-15 00:00:00-05:00,172.62944344024277,173.03684979342893,170.135349355116,171.39730834960938,32504600,0.0,0.0
2024-11-18 00:00:00-05:00,172.32140362031606,174.32861141194803,171.80469351153303,174.1894989013672,20135300,0.0,0.0
2024-11-19 00:00:00-05:00,172.61950254558704,177.73687175049812,172.46051249052883,176.9916229248047,23434900,0.0,0.0
2024-11-20 00:00:00-05:00,176.2165430537402,176.55438550638053,172.67909816815515,174.8651580810547,18997100,0.0,0.0
2024-11-21 00:00:00-05:00,172.79835394534456,173.0269078339117,162.6629730093742,166.56808471679688,59734400,0.0,0.0
2024-11-22 00:00:00-05:00,164.7993539822004,165.4054902668861,162.8616950123504,163.71624755859375,38604600,0.0,0.0
2024-11-25 00:00:00-05:00,165.0378213787698,167.56173904858872,164.56086640923021,166.5879364013672,33135300,0.0,0.0
2024-11-26 00:00:00-05:00,166.5680936524055,168.74422275300518,166.5184073625678,168.04864501953125,20486700,0.0,0.0
2024-11-27 00:00:00-05:00,167.9294049937709,168.40636000516253,166.95561742322607,168.15794372558594,19266500,0.0,0.0
2024-11-29 00:00:00-05:00,167.43255348682078,168.35665466444746,166.101046017883,167.87969970703125,14257200,0.0,0.0
2024-12-02 00:00:00-05:00,167.7008703464783,170.98989954223964,167.50214035040204,170.4036407470703,23789100,0.0,0.0
2024-12-03 00:00:00-05:00,170.40362122950918,171.58606987747282,169.7676762176285,170.2545623779297,22248700,0.0,0.0
2024-12-04 00:00:00-05:00,170.06574802930507,173.8019378989656,169.97632182381818,173.26535034179688,31615100,0.0,0.0
2024-12-05 00:00:00-05:00,174.24909570743614,174.94465817780926,171.23829195829458,171.54632568359375,21356200,0.0,0.0
2024-12-06 00:00:00-05:00,170.94019551806315,173.9708769207123,170.77127428081718,173.6032257080078,21462400,0.0,0.0
2024-12-09 00:00:00-05:00,173.05610866341627,175.34414569527965,172.74770667593938,174.45877075195312,25389600,0.2,0.0
2024-12-10 00:00:00-05:00,181.89990276575224,185.39165905883286,180.10925267461994,184.2078399658203,54813000,0.0,0.0
2024-12-11 00:00:00-05:00,184.34712093414166,194.59360484337623,183.88951960925283,194.3846893310547,67894100,0.0,0.0
2024-12-12 00:00:00-05:00,193.98676747620544,194.16582489848338,190.71386920648584,190.9625701904297,34817500,0.0,0.0
2024-12-13 00:00:00-05:00,190.01748306194702,191.7285469445743,188.65460660803555,188.83367919921875,25143500,0.0,0.0
2024-12-16 00:00:00-05:00,191.8678225512729,197.96597529078676,191.6191215772895,195.6381378173828,44934900,0.0,0.0
2024-12-17 00:00:00-05:00,196.2250798486302,200.37341051362353,193.9668706236853,194.4045867919922,43504000,0.0,0.0
2024-12-18 00:00:00-05:00,194.2056368053088,195.976386699195,186.764507184961,187.4210662841797,34166100,0.0,0.0
2024-12-19 00:00:00-05:00,190.63428570513082,192.02700516266594,187.40117286917095,187.53048706054688,32265200,0.0,0.0
2024-12-20 00:00:00-05:00,184.8146696474835,191.88772607244653,184.25758188521124,190.41542053222656,63462900,0.0,0.0
2024-12-23 00:00:00-05:00,191.6191324608379,194.08625719212253,189.16196548395996,193.6186981201172,25675000,0.0,0.0
2024-12-24 00:00:00-05:00,193.82759815006608,195.09100341796875,192.7731083908338,195.09100341796875,10403300,0.0,0.0
2024-12-26 00:00:00-05:00,194.13597478356786,195.72766709348628,193.36998671071595,194.58364868164062,12046600,0.0,0.0
2024-12-27 00:00:00-05:00,193.9370152813754,194.3051030426647,189.65935551931798,191.75839233398438,18891400,0.0,0.0
2024-12-30 00:00:00-05:00,188.8137872976618,191.5494980812226,188.13731273783964,190.24630737304688,14264700,0.0,0.0
2024-12-31 00:00:00-05:00,190.0871254076539,190.96255767118524,187.53047217416017,188.31637573242188,17466900,0.0,0.0
2025-01-02 00:00:00-05:00,189.65935593229025,191.00234725825092,186.52572974438567,188.44569396972656,20370800,0.0,0.0
2025-01-03 00:00:00-05:00,190.37562593745199,192.20607673113864,188.9928490622425,190.79344177246094,18596200,0.0,0.0
2025-01-06 00:00:00-05:00,192.9720631324044,197.19003728298551,192.8427489428689,195.8470458984375,29563600,0.0,0.0
2025-01-07 00:00:00-05:00,196.085805432373,199.95559215597262,193.5888530048973,194.47422790527344,26487200,0.0,0.0
2025-01-08 00:00:00-05:00,191.5693958945213,195.27005246800397,191.3803807232366,192.9422149658203,24864800,0.0,0.0
2025-01-10 00:00:00-05:00,193.29039598946073,195.49886180679007,189.32112306274666,191.04212951660156,26665200,0.0,0.0
2025-01-13 00:00:00-05:00,189.08238366148746,190.1866014129224,186.38645842630518,190.01748657226562,21823700,0.0,0.0
2025-01-14 00:00:00-05:00,190.2462913969121,190.98243652196967,187.33150825894856,188.67449951171875,17174900,0.0,0.0
2025-01-15 00:00:00-05:00,192.0866958313472,195.33970907887064,190.86309119272985,194.53392028808594,21776000,0.0,0.0
2025-01-16 00:00:00-05:00,193.1312124772056,194.46424594926418,191.80812157869914,191.90760803222656,17815400,0.0,0.0
2025-01-17 00:00:00-05:00,195.50881224351804,196.2051719482703,192.74325857357104,194.9815673828125,27735100,0.0,0.0
2025-01-21 00:00:00-05:00,198.03563938794179,201.23889429991502,196.8418624454126,197.02093505859375,29971300,0.0,0.0
2025-01-22 00:00:00-05:00,198.02566579041408,199.43828553458843,196.5036170079127,197.33924865722656,26200600,0.0,0.0
2025-01-23 00:00:00-05:00,197.11045095911172,199.25923110054313,194.18572496319172,196.95127868652344,26951400,0.0,0.0
2025-01-24 00:00:00-05:00,197.07067128135972,199.85611023612495,196.97118481318788,199.16970825195312,23877500,0.0,0.0
2025-01-27 00:00:00-05:00,191.41022766272687,195.85700244066396,189.73894916830926,190.81333923339844,41728900,0.0,0.0
2025-01-28 00:00:00-05:00,191.7484641400102,194.46427471258818,189.68921264751984,194.28521728515625,24157900,0.0,0.0
2025-01-29 00:00:00-05:00,194.54385257803781,195.7674571519655,192.4249153665142,194.39463806152344,18218300,0.0,0.0
2025-01-30 00:00:00-05:00,196.97118096512546,200.3535083038363,196.6428938419765,199.82626342773438,24354700,0.0,0.0
2025-01-31 00:00:00-05:00,200.95040684244714,204.41232049224394,200.75144907949408,202.9599151611328,32001100,0.0,0.0
2025-02-03 00:00:00-05:00,199.6471997728737,202.6912973186069,199.06026910715457,200.18438720703125,27838300,0.0,0.0
2025-02-04 00:00:00-05:00,202.33317837712485,205.97416454187623,201.75619025433605,205.30764770507812,43856400,0.0,0.0
2025-02-05 00:00:00-05:00,190.0772023789456,191.74846576717462,187.05298980095407,190.33584594726562,70373900,0.0,0.0
2025-02-06 00:00:00-05:00,188.51533691421105,191.10183309670842,187.73939109536238,190.60443115234375,29297400,0.0,0.0
2025-02-07 00:00:00-05:00,190.05727440392732,190.1865885795256,182.28785893479736,184.37693786621094,49315000,0.0,0.0
2025-02-10 00:00:00-05:00,186.37651565839897,187.22208986080463,184.89425239135454,185.50108337402344,23105600,0.0,0.0
2025-02-11 00:00:00-05:00,184.0685692836796,185.96864842614565,183.3224663388948,184.35707092285156,21239500,0.0,0.0
2025-02-12 00:00:00-05:00,182.26798713648407,184.14816605879201,180.88521020610418,182.6559600830078,22072600,0.0,0.0
2025-02-13 00:00:00-05:00,183.36225538928474,185.3120624610406,182.18837893712364,185.17279052734375,21402500,0.0,0.0
2025-02-14 00:00:00-05:00,184.0984174978102,185.43145115453234,183.36227228593566,184.2675323486328,20448400,0.0,0.0
2025-02-18 00:00:00-05:00,184.63561754552705,184.99374757151398,180.79567372558517,182.81512451171875,29916700,0.0,0.0
2025-02-19 00:00:00-05:00,183.11356559747395,184.4963424448096,182.63604878465782,184.3073272705078,19549400,0.0,0.0
2025-02-20 00:00:00-05:00,183.83977159439488,184.34711614040583,181.77057757262898,183.60101318359375,20441500,0.0,0.0
2025-02-21 00:00:00-05:00,184.18793460152546,184.37694976979722,178.14948286814752,178.72647094726562,35199200,0.0,0.0
2025-02-24 00:00:00-05:00,181.04437173412518,182.16848984705686,177.96047349552646,178.318603515625,29854200,0.0,0.0
2025-02-25 00:00:00-05:00,177.11488051844918,177.81125539535978,173.7822965453186,174.5084991455078,41913400,0.0,0.0
2025-02-26 00:00:00-05:00,174.1603418876601,175.16508845335508,170.68847049649932,171.83248901367188,35431300,0.0,0.0
2025-02-27 00:00:00-05:00,173.08591359258335,173.6529438487511,167.06734774172727,167.6244354248047,39991000,0.0,0.0
2025-02-28 00:00:00-05:00,167.80351036476668,169.7234897370402,165.90344649975822,169.39520263671875,48130600,0.0,0.0
2025-03-03 00:00:00-05:00,171.03664581195866,172.46916601222185,165.0678217638651,166.1422119140625,40770500,0.0,0.0
2025-03-04 00:00:00-05:00,165.3762007856933,172.3895559244155,164.9384846542463,170.03187561035156,45388000,0.0,0.0
2025-03-05 00:00:00-05:00,169.6339770163835,172.87703249017144,168.18155654289944,172.12098693847656,30954900,0.0,0.0
2025-03-06 00:00:00-05:00,169.64388709325567,173.90164604987194,169.6140441942678,171.45443725585938,28302000,0.0,0.0
2025-03-07 00:00:00-05:00,170.37010783184354,174.06083692312112,169.38526170085638,172.95660400390625,27385800,0.0,0.0
2025-03-10 00:00:00-04:00,167.57848498247546,167.77768707285077,163.02700292073365,165.1981658935547,43604000,0.2,0.0
2025-03-11 00:00:00-04:00,164.24206639490993,166.074610170201,160.71639599552714,163.37557983398438,39587400,0.0,0.0
2025-03-12 00:00:00-04:00,165.90526871091535,166.96097274416277,162.86761971158234,166.43312072753906,28372400,0.0,0.0
2025-03-13 00:00:00-04:00,165.36748287025196,165.45712989370372,161.4534078114044,162.10076904296875,31756200,0.0,0.0
2025-03-14 00:00:00-04:00,162.60870791000892,165.81566708355933,161.79202188086273,164.81971740722656,31995900,0.0,0.0
2025-03-17 00:00:00-04:00,164.36158101735924,165.62644141646544,163.0070887907617,163.62457275390625,31184300,0.0,0.0
2025-03-18 00:00:00-04:00,163.01701346080097,163.58471199332098,156.08521317066442,160.0192108154297,42074800,0.0,0.0
2025-03-19 00:00:00-04:00,161.10480349722013,165.19815700358515,160.3478872642785,163.22618103027344,34275600,0.0,0.0
2025-03-20 00:00:00-04:00,160.91559589904986,164.22214090970084,160.30806599087495,162.14060974121094,28138500,0.0,0.0
2025-03-21 00:00:00-04:00,160.55706656311347,163.5747931026154,160.23835534721192,163.3258056640625,36625800,0.0,0.0
2025-03-24 00:00:00-04:00,166.39330929919817,167.6382463166508,164.47111864181912,167.00082397460938,30879100,0.0,0.0
2025-03-25 00:00:00-04:00,168.2955839776117,169.93891017820465,167.63826869436164,169.8691864013672,24174400,0.0,0.0
2025-03-26 00:00:00-04:00,168.31549307909538,168.92302298152063,164.17233883294872,164.39144897460938,28901600,0.0,0.0
2025-03-27 00:00:00-04:00,163.96318944763343,164.74998295425303,161.3438371056606,161.58287048339844,24508300,0.0,0.0
2025-03-28 00:00:00-04:00,159.8399478606563,161.16456257842086,153.00773337780885,153.70489501953125,48669300,0.0,0.0
2025-03-31 00:00:00-04:00,152.48983972652445,154.9099898943082,150.0497663121255,154.01364135742188,54603500,0.0,0.0
2025-04-01 00:00:00-04:00,152.99778409802235,157.45964958057314,152.99778409802235,156.43382263183594,30672900,0.0,0.0
2025-04-02 00:00:00-04:00,154.52157130636616,157.7683766642482,154.07339703462338,156.40391540527344,25041700,0.0,0.0
2025-04-03 00:00:00-04:00,150.49796262916686,152.16119683607278,149.78087761580798,150.1095428466797,46883400,0.0,0.0
2025-04-04 00:00:00-04:00,147.41051168463707,150.4581305746649,144.7911742710094,145.01028442382812,62259500,0.0,0.0
2025-04-07 00:00:00-04:00,140.97668877946376,152.23092388429916,139.96081578919706,146.15562438964844,76794100,0.0,0.0
2025-04-08 00:00:00-04:00,150.60750263275938,151.62337549950988,142.45067281990836,144.11390686035156,52200200,0.0,0.0
2025-04-09 00:00:00-04:00,143.8350407612742,158.90376321404577,143.32711193141117,158.06716918945312,70406200,0.0,0.0
2025-04-10 00:00:00-04:00,155.90595330498695,157.0811818078422,149.322725435418,152.20103454589844,48022000,0.0,0.0
2025-04-11 00:00:00-04:00,152.28069286385934,157.03137687020202,152.2010302665367,156.50352478027344,33636200,0.0,0.0
2025-04-14 00:00:00-04:00,159.3519614550363,161.06499625643693,156.92184161132906,158.4257354736328,30333000,0.0,0.0
2025-04-15 00:00:00-04:00,158.48548058954378,159.00336349160088,154.58135959003184,155.67689514160156,27551500,0.0,0.0
2025-04-16 00:00:00-04:00,152.47990494067977,155.2585979132132,150.8963333701315,152.70896911621094,28187400,0.0,0.0
2025-04-17 00:00:00-04:00,153.66505665607545,154.0534763910807,147.8985151753075,150.54774475097656,33046600,0.0,0.0
2025-04-21 00:00:00-04:00,148.27697454416065,148.34668311054725,145.50823599827558,147.07186889648438,26049100,0.0,0.0
2025-04-22 00:00:00-04:00,148.2869392297591,151.5735760354548,147.93835078181212,150.8564910888672,26971800,0.0,0.0
2025-04-23 00:00:00-04:00,154.9797361333446,156.8919577671247,153.18702360261742,154.72079467773438,31128800,0.0,0.0
2025-04-24 00:00:00-04:00,155.51754490565963,158.94361442258594,155.1590023934932,158.63487243652344,45894000,0.0,0.0
2025-04-25 00:00:00-04:00,164.4014202116321,165.42724716152773,160.38772903857225,161.30401611328125,56034000,0.0,0.0
2025-04-28 00:00:00-04:00,161.7721085344851,162.4891935610974,157.95763441398879,159.95948791503906,29745800,0.0,0.0
2025-04-29 00:00:00-04:00,159.67063181307037,160.08892878120992,156.88197016182332,159.5112762451172,26809000,0.0,0.0
2025-04-30 00:00:00-04:00,157.34012853089786,158.62491214751483,154.7705764946502,158.1568145751953,34981100,0.0,0.0
2025-05-01 00:00:00-04:00,159.80011945187778,161.29404393761732,158.26636366652554,160.6466827392578,30203200,0.0,0.0
2025-05-02 00:00:00-04:00,162.7481319399907,164.3018109241553,161.21436100650547,163.36561584472656,25715000,0.0,0.0
2025-05-05 00:00:00-04:00,162.3397856484502,164.72010459701127,162.06092097475153,163.54489135742188,21341800,0.0,0.0
2025-05-06 00:00:00-04:00,161.51315867988768,164.13251121588542,160.5371322432176,162.56886291503906,21277200,0.0,0.0
2025-05-07 00:00:00-04:00,163.4154348555188,164.3317067909572,147.2412056374208,150.76687622070312,127490100,0.0,0.0
2025-05-08 00:00:00-04:00,154.37217520033343,155.2984009569833,152.2806751349548,153.65509033203125,57498700,0.0,0.0
2025-05-09 00:00:00-04:00,153.54553309206753,154.42197351796025,151.5835113549108,152.13128662109375,32435300,0.0,0.0
2025-05-12 00:00:00-04:00,156.85213429722808,158.45561403019718,155.61715111506345,157.81820678710938,44138800,0.0,0.0
2025-05-13 00:00:00-04:00,158.1468266808066,159.919630909492,155.52748962665564,158.8838348388672,42382100,0.0,0.0
2025-05-14 00:00:00-04:00,159.3121190412647,166.32359816964652,158.9635305710967,164.7001953125,48755900,0.0,0.0
2025-05-15 00:00:00-04:00,165.1682887318073,165.53680044166376,161.71234217984835,163.29591369628906,33146700,0.0,0.0
2025-05-16 00:00:00-04:00,167.0506320085185,168.66408078965867,164.94917762065725,165.51687622070312,42846900,0.0,0.0
2025-05-19 00:00:00-04:00,163.84368649742183,165.9650643097772,163.55486775907139,165.86546325683594,30426100,0.0,0.0
2025-05-20 00:00:00-04:00,165.75590012466307,167.817523283891,162.24019892385144,163.31582641601562,46607700,0.0,0.0
2025-05-21 00:00:00-04:00,163.02700354080346,172.43872486137178,162.89752522096424,167.8772735595703,73416000,0.0,0.0
2025-05-22 00:00:00-04:00,171.15394376538748,176.05401394301808,170.0185618363875,170.1779022216797,74864400,0.0,0.0
2025-05-23 00:00:00-04:00,168.3752347830085,169.2715985296926,167.2099755896054,167.78762817382812,35211400,0.0,0.0
2025-05-27 00:00:00-04:00,169.47079940418584,172.46860243837372,169.3114438097941,172.19969177246094,37995700,0.0,0.0
2025-05-28 00:00:00-04:00,172.45864324425892,174.56009759174123,171.21370619473115,171.66188049316406,34784000,0.0,0.0
2025-05-29 00:00:00-04:00,173.29524158580244,173.71353862116436,169.93889608019336,171.16390991210938,29317300,0.0,0.0
2025-05-30 00:00:00-04:00,170.6559680857075,171.5124853397844,166.76180154699824,171.0443878173828,52639900,0.0,0.0
2025-06-02 00:00:00-04:00,167.1601697701311,169.1819461523069,166.71199550949316,168.34535217285156,38612300,0.0,0.0
2025-06-03 00:00:00-04:00,166.8116037120677,167.79758408844376,164.61054841286258,165.50689697265625,45084900,0.0,0.0
2025-06-04 00:00:00-04:00,166.0646474005772,167.5386486033552,165.68618167672102,167.3693389892578,26900800,0.0,0.0
2025-06-05 00:00:00-04:00,169.6500488073603,170.23765541573877,166.9111874462575,167.5286865234375,36379100,0.0,0.0
2025-06-06 00:00:00-04:00,170.13806952300837,173.79320267833577,170.13806952300837,172.9765167236328,35731800,0.0,0.0
2025-06-09 00:00:00-04:00,174.04348698482235,175.96800471005412,173.87397240224888,175.58908081054688,28935900,0.21,0.0
2025-06-10 00:00:00-04:00,175.69878257607027,180.59481935710423,174.41245877453574,178.0919647216797,61766100,0.0,0.0
2025-06-11 00:00:00-04:00,179.2586188457646,179.8569029175766,176.24720547354727,176.8455047607422,31646800,0.0,0.0
2025-06-12 00:00:00-04:00,175.6788256293735,176.2172980493167,174.25290075490625,175.2001953125,20941900,0.0,0.0
2025-06-13 00:00:00-04:00,171.9494740114175,176.6261351195968,171.8996131999643,174.17312622070312,27663100,0.0,0.0
2025-06-16 00:00:00-04:00,174.23296058008373,176.43668073159893,174.15318632141427,176.2671661376953,27389200,0.0,0.0
2025-06-17 00:00:00-04:00,175.2002045527736,176.8554862045177,174.08339534937244,175.44949340820312,24973000,0.0,0.0
2025-06-18 00:00:00-04:00,175.50931582595604,176.0577543370001,172.70731159680278,172.8269805908203,28707500,0.0,0.0
2025-06-20 00:00:00-04:00,173.45517315134433,173.8440631360939,164.98933381824614,166.1659698486328,75659900,0.0,0.0
2025-06-23 00:00:00-04:00,165.7970377232315,166.86398612208345,161.53917977382372,164.72010803222656,57671000,0.0,0.0
2025-06-24 00:00:00-04:00,166.44516047022438,167.7414654003419,165.65741447979076,166.29559326171875,40524300,0.0,0.0
2025-06-25 00:00:00-04:00,167.15316152434053,171.86970222006798,167.07338726794845,170.19447326660156,35479000,0.0,0.0
2025-06-26 00:00:00-04:00,171.93948268163984,173.19590810922037,169.45657569929264,173.04632568359375,31796700,0.0,0.0
2025-06-27 00:00:00-04:00,173.04634474267505,178.17172298843596,171.24149586849427,178.02215576171875,108140200,0.0,0.0
2025-06-30 00:00:00-04:00,180.265759020371,180.71447592478233,174.08339834249907,175.72869873046875,63378900,0.0,0.0
2025-07-01 00:00:00-04:00,175.24010681519917,175.58910209855603,173.03638654380393,175.33981323242188,35904500,0.0,0.0
2025-07-02 00:00:00-04:00,175.04064818266679,178.35121133766924,174.57199915363273,178.1318359375,29128900,0.0,0.0
2025-07-03 00:00:00-04:00,177.99224872548783,179.158918782044,176.54637635874988,179.01931762695312,21689700,0.0,0.0
2025-07-07 00:00:00-04:00,178.5506411042797,178.78996387462078,175.18025102838192,176.28709411621094,34175600,0.0,0.0
2025-07-08 00:00:00-04:00,177.3440914457585,177.44379785510552,172.3184197808512,173.864013671875,40442500,0.0,0.0
2025-07-09 00:00:00-04:00,174.75147104078385,178.92955429499338,172.27853009035698,176.11756896972656,43025600,0.0,0.0
2025-07-10 00:00:00-04:00,175.1303863111691,177.92240891673904,173.8839422139032,177.11471557617188,29252400,0.0,0.0
2025-07-11 00:00:00-04:00,176.2870917998284,180.91389212460822,175.97797606848104,179.67742919921875,34282900,0.0,0.0
2025-07-14 00:00:00-04:00,180.49507959550706,183.14751640721383,179.16886118965368,181.04351806640625,32536600,0.0,0.0
2025-07-15 00:00:00-04:00,182.28996266650833,183.69595532751242,181.08341324296114,181.48226928710938,33448300,0.0,0.0
2025-07-16 00:00:00-04:00,182.71874486155866,183.80564050002502,181.51218023918355,182.4495086669922,33104200,0.0,0.0
2025-07-17 00:00:00-04:00,181.62187886390834,183.53641535247564,179.96659729454643,183.0577850341797,31992600,0.0,0.0
2025-07-18 00:00:00-04:00,184.8725832213821,185.88968586946515,183.1874035754976,184.53355407714844,34014500,0.0,0.0
2025-07-21 00:00:00-04:00,185.720180506412,189.74868135121883,185.62045888710102,189.55923461914062,45803100,0.0,0.0
2025-07-22 00:00:00-04:00,190.9552485801447,191.10481579575136,186.9267476808465,190.7957000732422,44660200,0.0,0.0
2025-07-23 00:00:00-04:00,190.95523422678895,191.9823029377756,188.64182669674165,189.6888427734375,58681900,0.0,0.0
2025-07-24 00:00:00-04:00,196.46952792005337,197.3869090653604,190.45668205461735,191.62335205078125,74881700,0.0,0.0
2025-07-25 00:00:00-04:00,191.43387927305906,193.77720042486192,190.71592620592727,192.63046264648438,39785900,0.0,0.0
2025-07-28 00:00:00-04:00,193.0991291078416,193.49800038051387,190.29712498462092,192.0321807861328,38139500,0.0,0.0
2025-07-29 00:00:00-04:00,191.88258292419434,195.36266032343974,191.53358770597436,195.19314575195312,41389200,0.0,0.0
2025-07-30 00:00:00-04:00,195.04360005779435,197.0379108346005,194.13618500265545,195.970947265625,32445400,0.0,0.0
2025-07-31 00:00:00-04:00,195.15328548422434,195.43248777249184,190.54641729704366,191.35411071777344,51329200,0.0,0.0
2025-08-01 00:00:00-04:00,188.49227361862017,190.2871562824159,187.28572417197353,188.5919952392578,34832200,0.0,0.0
2025-08-04 00:00:00-04:00,189.7486955367273,194.7145404143055,189.57918094353215,194.4851837158203,31547400,0.0,0.0
2025-08-05 00:00:00-04:00,194.1561209300893,197.2971541323202,193.33844625639603,194.11622619628906,31602300,0.0,0.0
2025-08-06 00:00:00-04:00,193.94670749735778,196.07065317332066,193.11906676548202,195.5321807861328,21562900,0.0,0.0
2025-08-07 00:00:00-04:00,196.49944049707085,196.97807082829456,193.77721051804474,195.9609832763672,26321800,0.0,0.0
2025-08-08 00:00:00-04:00,196.65896623314958,202.03363260270996,196.60910542589713,200.84701538085938,39161800,0.0,0.0
2025-08-11 00:00:00-04:00,200.36839577051538,200.90685295750995,198.50372015999918,200.42822265625,25832400,0.0,0.0
2025-08-12 00:00:00-04:00,200.7971688962253,203.9182700251912,200.01938893683175,202.76156616210938,30397900,0.0,0.0
2025-08-13 00:00:00-04:00,203.5493232968563,203.94817934449617,196.94814463612107,201.385498046875,28342900,0.0,0.0
2025-08-14 00:00:00-04:00,200.92679533252792,203.85843438375156,200.65755913802832,202.36270141601562,25230400,0.0,0.0
2025-08-15 00:00:00-04:00,203.270115954676,205.85274455493158,200.70741950553764,203.31996154785156,34931400,0.0,0.0
2025-08-18 00:00:00-04:00,203.61911775674488,204.68608127587706,201.91399064284568,202.92111206054688,18526600,0.0,0.0
2025-08-19 00:00:00-04:00,202.45245084896237,202.86128819689205,199.39119181596234,200.99661254882812,24240200,0.0,0.0
2025-08-20 00:00:00-04:00,200.15898342104597,200.70742189093835,196.04074228977996,198.7530059814453,28955500,0.0,0.0
2025-08-21 00:00:00-04:00,199.18179321289062,201.90402322277677,198.8626961782015,199.18179321289062,19774600,0.0,0.0
2025-08-22 00:00:00-04:00,202.15329588435108,207.9467659198768,200.7273710651735,205.5037384033203,42827000,0.0,0.0
2025-08-25 00:00:00-04:00,205.84278916147125,209.9211664546662,204.69606649727584,207.89694213867188,29928900,0.0,0.0
2025-08-26 00:00:00-04:00,206.91970861500775,207.25875300984708,205.11485980130033,206.55076599121094,28464100,0.0,0.0
2025-08-27 00:00:00-04:00,205.11485047791405,208.31572581537765,205.0649896678173,206.88978576660156,23022900,0.0,0.0
2025-08-28 00:00:00-04:00,206.66043741838072,211.61630051242363,206.31142697470574,211.03794860839844,32339300,0.0,0.0
2025-08-29 00:00:00-04:00,209.91116980825524,214.03939239893296,209.60205408045064,212.30435180664062,39728400,0.0,0.0
2025-09-02 00:00:00-04:00,207.84706876322787,211.0778424398192,205.61343524607918,210.74879455566406,47523000,0.0,0.0
2025-09-03 00:00:00-04:00,225.5665071716633,230.6519900738744,224.1505332557257,230.00384521484375,103336100,0.0,0.0
2025-09-04 00:00:00-04:00,228.996719869086,231.70898363627637,225.46679662750995,231.63919067382812,51684200,0.0,0.0
2025-09-05 00:00:00-04:00,231.53947436612376,235.08934505645462,231.24032471140728,234.33151245117188,46588900,0.0,0.0
2025-09-08 00:00:00-04:00,235.01017746372742,237.66498669397225,233.21368944217105,233.5829620361328,32474700,0.21,0.0
2025-09-09 00:00:00-04:00,233.71270408816554,240.00040430810463,232.7745373112583,239.16204833984375,38061000,0.0,0.0
2025-09-10 00:00:00-04:00,238.43344965061024,241.18806943420256,237.38551236319012,238.7029266357422,35141100,0.0,0.0
2025-09-11 00:00:00-04:00,239.41155563146188,241.77692250779666,235.78863959738683,239.9005889892578,30599300,0.0,0.0
2025-09-12 00:00:00-04:00,239.90060472674395,241.60727216892423,237.53523769524105,240.32977294921875,26771600,0.0,0.0
2025-09-15 00:00:00-04:00,244.18222746714693,251.91709313601174,244.18222746714693,251.11865234375,58383800,0.0,0.0
2025-09-16 00:00:00-04:00,251.58772669443232,252.54584342751238,248.98282303107263,250.66952514648438,34109700,0.0,0.0
2025-09-17 00:00:00-04:00,250.7294115061419,251.10867430438276,245.7990560449756,249.04270935058594,34108000,0.0,0.0
2025-09-18 00:00:00-04:00,251.18850393768201,253.4940056881638,249.312185617516,251.53782653808594,31239500,0.0,0.0
2025-09-19 00:00:00-04:00,252.75544937708653,255.50007913340238,251.3182589953225,254.2225799560547,55571400,0.0,0.0
2025-09-22 00:00:00-04:00,253.93314887572123,255.28051872493555,249.81122418035432,252.036865234375,32290500,0.0,0.0
2025-09-23 00:00:00-04:00,252.54585863312587,253.8632882566711,249.9908602190898,251.16856384277344,26628000,0.0,0.0
2025-09-24 00:00:00-04:00,251.1685566625181,251.8572116525034,245.95874917105462,246.65737915039062,28201000,0.0,0.0
2025-09-25 00:00:00-04:00,243.9227126560544,246.00864273328935,240.26987173165682,245.30999755859375,31020400,0.0,0.0
2025-09-26 00:00:00-04:00,246.58752699597628,248.93292875938775,245.4896689933639,246.0585479736328,18503200,0.0,0.0
2025-09-29 00:00:00-04:00,247.36600774683615,250.6595513653868,242.2959260790964,243.57342529296875,32505800,0.0,0.0
2025-09-30 00:00:00-04:00,242.33583244883135,242.81489082935371,238.7827869377237,242.62527465820312,34724300,0.0,0.0
2025-10-01 00:00:00-04:00,240.2798481454496,245.8190127995852,238.14402788220525,244.42173767089844,31658200,0.0,0.0
2025-10-02 00:00:00-04:00,244.6712510924991,246.32801300536266,241.82682587144092,245.210205078125,25483300,0.0,0.0
2025-10-03 00:00:00-04:00,244.0125741538274,245.8190372139174,241.18809864914257,244.8708953857422,30249600,0.0,0.0
2025-10-06 00:00:00-04:00,244.30200291397747,250.82924041118625,244.1023965111835,249.9409637451172,28894700,0.0,0.0
2025-10-07 00:00:00-04:00,247.78518329877946,249.95094390133718,245.04055349112926,245.2800750732422,23181300,0.0,0.0
2025-10-08 00:00:00-04:00,244.48163581199606,245.52957313307672,243.34386267365892,244.1422882080078,21307100,0.0,0.0
2025-10-09 00:00:00-04:00,243.99259549865826,244.28202248032238,238.68297718710045,241.05833435058594,27892100,0.0,0.0
2025-10-10 00:00:00-04:00,240.958526974338,243.61333616794536,235.37944680935243,236.1080322265625,33180300,0.0,0.0
2025-10-13 00:00:00-04:00,239.74092459803205,244.02254038501275,239.2419009980627,243.6732177734375,24995000,0.0,0.0
2025-10-14 00:00:00-04:00,240.75892736637323,246.63742490132327,240.04033214741565,244.97068786621094,22111600,0.0,0.0
2025-10-15 00:00:00-04:00,246.76716258187247,251.61767243328853,245.5096286311317,250.53977966308594,27007700,0.0,0.0
2025-10-16 00:00:00-04:00,251.27834055068328,256.4581925767255,249.61160360230107,250.9689483642578,27997200,0.0,0.0
2025-10-17 00:00:00-04:00,250.27031046967195,253.72356048353365,247.32607427452788,252.80535888671875,29671600,0.0,0.0
2025-10-20 00:00:00-04:00,254.19265795496185,256.82748687148535,253.73354951664797,256.04901123046875,22350200,0.0,0.0
2025-10-21 00:00:00-04:00,254.24254216862593,254.38226816359625,243.6732110393333,249.9709014892578,47312100,0.0,0.0
2025-10-22 00:00:00-04:00,253.873276187685,255.8593804848901,248.8031942886971,251.19851684570312,35029400,0.0,0.0
2025-10-23 00:00:00-04:00,252.48597410141812,254.54194887812838,251.35819113136333,252.58578491210938,19901400,0.0,0.0
2025-10-24 00:00:00-04:00,256.07894057309267,261.16898745224296,254.82142179583195,259.4124450683594,28655100,0.0,0.0
2025-10-27 00:00:00-04:00,264.30287916974333,269.61249783187736,263.76392512831256,268.7441711425781,35235200,0.0,0.0
2025-10-28 00:00:00-04:00,269.1633281612099,270.2013056862688,265.9795554362353,266.9476623535156,29738600,0.0,0.0
2025-10-29 00:00:00-04:00,267.22712459889897,274.80229881772505,267.14729422835535,274.0338134765625,43580300,0.0,0.0
2025-10-30 00:00:00-04:00,291.02060225143094,291.02060225143094,279.51311834988803,280.93035888671875,74876000,0.0,0.0
2025-10-31 00:00:00-04:00,282.6569440736325,285.44150434001006,276.48901957648127,280.6408996582031,39267900,0.0,0.0
2025-11-03 00:00:00-05:00,281.62895336390585,284.97241759660864,279.25359613963377,283.16595458984375,29786000,0.0,0.0
2025-11-04 00:00:00-05:00,276.20955057551157,280.7207127582489,275.72051721535576,276.9980163574219,30078400,0.0,0.0
2025-11-05 00:00:00-05:00,278.32541216487215,285.86068664735006,276.79840119805726,283.7547912597656,31010300,0.0,0.0
2025-11-06 00:00:00-05:00,284.77279318145315,287.78691520805194,280.59100344938025,284.1939392089844,37173600,0.0,0.0
2025-11-07 00:00:00-05:00,282.6569436244069,283.225837847663,274.65261591386644,278.2854919433594,34479600,0.0,0.0
2025-11-10 00:00:00-05:00,283.8645774088431,290.2320924976737,282.30759586857965,289.5334777832031,29557300,0.0,0.0
2025-11-11 00:00:00-05:00,287.18807388729897,291.34994399814246,286.75892091303916,290.7411193847656,19842100,0.0,0.0
2025-11-12 00:00:00-05:00,291.1104119733703,291.43978461940384,283.13602426355726,286.1501159667969,24829900,0.0,0.0
2025-11-13 00:00:00-05:00,281.7886586854728,282.2876823136169,276.69861158680555,278.0260314941406,29494000,0.0,0.0
2025-11-14 00:00:00-05:00,270.8799731285475,278.01600396166356,270.1713681999226,275.8702087402344,31647200,0.0,0.0
2025-11-17 00:00:00-05:00,285.2219350622342,293.3759943011471,283.01625922074476,284.4634094238281,52670200,0.0,0.0
2025-11-18 00:00:00-05:00,287.3577599014325,288.236015842567,277.65674001133203,283.724853515625,49158700,0.0,0.0
2025-11-19 00:00:00-05:00,286.5992292728396,303.21670857801746,286.07026549054086,292.2381896972656,68198900,0.0,0.0
2025-11-20 00:00:00-05:00,303.94529376978943,305.8216273232207,288.1062900504894,288.884765625,62025200,0.0,0.0
2025-11-21 00:00:00-05:00,295.8411659039572,303.3265199413647,293.27617727722287,299.0748291015625,74137700,0.0,0.0
2025-11-24 00:00:00-05:00,310.52242205466104,318.85612204740676,308.9954110970811,317.9578552246094,85165100,0.0,0.0
2025-11-25 00:00:00-05:00,325.5729598317621,328.187838552192,317.0296784660599,322.8083801269531,88632100,0.0,0.0
2025-11-26 00:00:00-05:00,320.053780820363,323.86632857763385,316.1713929045335,319.3252258300781,51373400,0.0,0.0
2025-11-28 00:00:00-05:00,322.73852157316225,326.2117368304371,316.1713843298485,319.55474853515625,26018600,0.0,0.0
2025-12-01 00:00:00-05:00,317.0796263275952,319.2254218425781,313.27706870792247,314.2751159667969,41183000,0.0,0.0
2025-12-02 00:00:00-05:00,316.1214749687581,317.75828707212025,313.2970146639371,315.19329833984375,35854700,0.0,0.0
2025-12-03 00:00:00-05:00,315.2731421058358,320.9520026070636,313.4866291038915,319.0058288574219,41838300,0.0,0.0
2025-12-04 00:00:00-05:00,321.6007384606332,321.7304590031499,314.0854447714545,316.9997253417969,31240900,0.0,0.0
2025-12-05 00:00:00-05:00,318.86608586892413,322.52893244489843,318.5467339173106,320.6426086425781,28851700,0.0,0.0
2025-12-08 00:00:00-05:00,319.63392187795114,320.02342950621124,310.8154143139121,313.3121643066406,33909400,0.21,0.0
2025-12-09 00:00:00-05:00,311.96391713296777,317.57660631064704,311.4945269093235,316.66778564453125,30194000,0.0,0.0
2025-12-10 00:00:00-05:00,315.4194206321133,320.8923078304596,314.27092168020465,319.7937316894531,33428900,0.0,0.0
2025-12-11 00:00:00-05:00,319.66391441105065,320.70257104825845,308.19885677560706,312.02386474609375,42353700,0.0,0.0
2025-12-12 00:00:00-05:00,313.29221022339095,314.46067218572114,305.1627773855729,308.887939453125,35940200,0.0,0.0
2025-12-15 00:00:00-05:00,310.91531224146183,311.0151883437652,304.4836813703359,307.8193359375,29151900,0.0,0.0
2025-12-16 00:00:00-05:00,304.55358908476643,310.3660001485481,302.1966411442108,306.1714782714844,30585000,0.0,0.0
2025-12-17 00:00:00-05:00,307.60959033164653,307.6894729197007,295.7350329501308,296.3342590332031,43930400,0.0,0.0
2025-12-18 00:00:00-05:00,301.32777470817274,303.56485302569047,298.8410213827925,302.0668029785156,33518000,0.0,0.0
2025-12-19 00:00:00-05:00,301.33777770154796,306.85059101726483,300.5787559089981,306.7607116699219,59943200,0.0,0.0
2025-12-22 00:00:00-05:00,309.4771954426739,309.7268704705607,304.90313186415943,309.3773193359375,26429900,0.0,0.0
2025-12-23 00:00:00-05:00,309.2274800840275,314.5305745464577,308.91788552805923,313.94134521484375,25478700,0.0,0.0
2025-12-24 00:00:00-05:00,314.360779810128,314.67037436380235,311.5145092668577,313.6816711425781,10097400,0.0,0.0
2025-12-26 00:00:00-05:00,314.0712183432231,314.6804107746781,311.8740659325972,313.10247802734375,10899000,0.0,0.0
2025-12-29 00:00:00-05:00,310.9652491009125,313.6117983030154,310.2162240166622,313.15240478515625,19621800,0.0,0.0
2025-12-30 00:00:00-05:00,312.09376543928346,316.5379928503015,312.0538089034933,313.4420166015625,17380900,0.0,0.0
2025-12-31 00:00:00-05:00,312.4433102220648,314.17104176667254,311.03513952358344,312.5931091308594,16377700,0.0,0.0
2026-01-02 00:00:00-05:00,316.4880203907529,322.0807464242433,309.9265541489014,314.74029541015625,32009400,0.0,0.0
2026-01-05 00:00:00-05:00,317.2470486555906,318.60526603903236,314.2209888461081,316.1285095214844,30195600,0.0,0.0
2026-01-06 00:00:00-05:00,315.9886856047422,320.5227923064431,311.3746963103618,313.9313659667969,31212100,0.0,0.0
2026-01-07 00:00:00-05:00,313.9513421990662,325.72602466406613,313.78158025326775,321.56146240234375,35104400,0.0,0.0
2026-01-08 00:00:00-05:00,328.54234711069296,329.8905982345552,321.08205673508803,325.0169372558594,31896100,0.0,0.0
2026-01-09 00:00:00-05:00,326.6647962522232,330.3999246926398,325.37646465172014,328.14288330078125,26214200,0.0,0.0
2026-01-12 00:00:00-05:00,325.37646891287716,333.6057781716088,324.5775210522192,331.4285888671875,33923900,0.0,0.0
2026-01-13 00:00:00-05:00,334.5145706345901,340.04734658205444,333.18628259299794,335.5332336425781,33517600,0.0,0.0
2026-01-14 00:00:00-05:00,334.62442706687915,336.08252056576845,330.05039437456895,335.4034118652344,28525600,0.0,0.0
2026-01-15 00:00:00-05:00,337.2110766328429,337.25103316994193,330.3100554080323,332.347412109375,28442400,0.0,0.0
2026-01-16 00:00:00-05:00,333.97528525413946,334.2149635116852,327.27401649506595,329.5710144042969,40341600,0.0,0.0
2026-01-20 00:00:00-05:00,320.4528849486331,327.30398324237245,320.01345448184367,321.5814208984375,35361000,0.0,0.0
2026-01-21 00:00:00-05:00,320.50283121296127,332.0478012719212,318.9348648307384,327.953125,35386600,0.0,0.0
2026-01-22 00:00:00-05:00,334.0152109953496,334.7142826747097,328.3226090802118,330.11029052734375,26253600,0.0,0.0
2026-01-23 00:00:00-05:00,332.05776231305794,333.2562145369407,327.0243361197249,327.5036926269531,27280000,0.0,0.0
2026-01-26 00:00:00-05:00,327.3838548641184,335.4034148973675,326.5749102768944,332.8267822265625,26042100,0.0,0.0
2026-01-27 00:00:00-05:00,334.93402312381306,337.4707297257924,333.04649592160257,334.1150817871094,21636200,0.0,0.0
2026-01-28 00:00:00-05:00,335.6231039588608,337.10119086219134,331.5084650266126,335.57318115234375,27434400,0.0,0.0
2026-01-29 00:00:00-05:00,339.857625711299,341.8450595994438,326.11553330804276,337.810302734375,39785600,0.0,0.0
2026-01-30 00:00:00-05:00,339.5580079569619,339.5580079569619,331.8580393103398,337.56060791015625,31024000,0.0,0.0
2026-02-02 00:00:00-05:00,335.7829045969607,344.38169669555197,335.193675272949,343.2431945800781,32006100,0.0,0.0
2026-02-03 00:00:00-05:00,346.8884575284791,348.5463032010534,337.0312933144156,339.26837158203125,36506700,0.0,0.0
2026-02-04 00:00:00-05:00,342.51417399710857,342.8637251238478,328.0929422734009,332.6070861816406,70618400,0.0,0.0
2026-02-05 00:00:00-05:00,311.81413592946416,332.2575275064077,306.06161379445837,330.81939697265625,88205800,0.0,0.0
2026-02-06 00:00:00-05:00,326.75466854448496,329.95052083207565,319.50412705068965,322.4402770996094,56380500,0.0,0.0
2026-02-09 00:00:00-05:00,320.5127991892576,327.2740180221729,316.84758707958963,323.8984069824219,39640100,0.0,0.0
2026-02-10 00:00:00-05:00,320.5527401483992,321.25184233940706,314.2009923012897,318.16583251953125,39170000,0.0,0.0
2026-02-11 00:00:00-05:00,318.5553213774315,320.6426005966259,309.25742736560915,310.55572509765625,45406400,0.0,0.0
2026-02-12 00:00:00-05:00,311.684307255737,315.82890653132813,306.80067966689137,308.59832763671875,47761300,0.0,0.0
2026-02-13 00:00:00-05:00,307.32996759040856,308.2287915112591,303.31517401115394,305.32257080078125,38499700,0.0,0.0
2026-02-17 00:00:00-05:00,299.6499434457439,304.0442171582303,295.86486207725466,301.6273498535156,39247600,0.0,0.0
2026-02-18 00:00:00-05:00,301.6972906518214,304.983022308801,300.8583862777236,302.9356689453125,28482100,0.0,0.0
2026-02-19 00:00:00-05:00,301.42763905495286,305.0728879320441,299.64995428739604,302.456298828125,25834400,0.0,0.0
2026-02-20 00:00:00-05:00,303.9244103176242,316.0885697634931,303.5049428811186,314.570556640625,53210800,0.0,0.0
2026-02-23 00:00:00-05:00,318.6352220336332,319.1046122516075,309.4671633706354,311.0850524902344,31423000,0.0,0.0
2026-02-24 00:00:00-05:00,310.11633870149166,311.8640638461802,305.53230897934316,310.495849609375,25615600,0.0,0.0
2026-02-25 00:00:00-05:00,311.65435118745364,313.23231441520727,309.03776179839537,312.4932556152344,29963600,0.0,0.0
2026-02-26 00:00:00-05:00,312.2335794136705,312.73292940852764,301.95694798569707,306.98040771484375,36431200,0.0,0.0
2026-02-27 00:00:00-05:00,303.7446468483449,311.9639287272481,303.4050620118916,311.354736328125,44640600,0.0,0.0
2026-03-02 00:00:00-05:00,302.83581985466094,308.0889612664211,300.908305641281,306.12152099609375,34790200,0.0,0.0
2026-03-03 00:00:00-05:00,298.2018299939976,303.5448811012492,296.3242691134317,303.1853332519531,35497000,0.0,0.0
2026-03-04 00:00:00-05:00,302.49628364637806,305.07291645770977,300.3590508331652,302.7359619140625,29536200,0.0,0.0
2026-03-05 00:00:00-05:00,302.6460874794852,302.90572878105803,297.60263367704704,300.4888916015625,35752300,0.0,0.0
2026-03-06 00:00:00-05:00,295.7050936872067,300.1393243405422,294.7962729857715,298.1319274902344,25576900,0.0,0.0
2026-03-09 00:00:00-04:00,294.1842573074437,306.6168332730834,293.9044256827884,306.1770935058594,29312100,0.21,0.0
2026-03-10 00:00:00-04:00,305.98724420005084,309.3252467158022,305.3875962722132,306.8567199707031,23239700,0.0,0.0
2026-03-11 00:00:00-04:00,306.56689883882945,311.23412470378855,305.7374076911934,308.5157470703125,24125700,0.0,0.0
2026-03-12 00:00:00-04:00,306.636841807898,308.7555713296518,300.8502897843219,303.3687744140625,24928300,0.0,0.0
2026-03-13 00:00:00-04:00,306.8267356773544,307.50632242162294,300.26065041451466,302.09954833984375,23693100,0.0,0.0
2026-03-16 00:00:00-04:00,304.16832484157635,306.3070315122431,302.8391017033621,305.3775939941406,23519700,0.0,0.0
2026-03-17 00:00:00-04:00,305.67739809365116,311.2341070358109,305.3176276402165,310.7344055175781,21955200,0.0,0.0
2026-03-18 00:00:00-04:00,309.0853604878573,312.28346234614037,306.74676108497374,307.5063171386719,20009800,0.0,0.0
2026-03-19 00:00:00-04:00,303.8285227221892,307.8760927647981,302.16951004441273,306.9466552734375,25075800,0.0,0.0
2026-03-20 00:00:00-04:00,305.2776414809433,305.8173276578073,298.0919312440676,300.8203125,44364100,0.0,0.0
2026-03-23 00:00:00-04:00,301.92965766257777,305.7973733016039,300.75036931754545,301.87969970703125,29326900,0.0,0.0
2026-03-24 00:00:00-04:00,299.02141279307426,299.7409842283802,290.15668188195673,290.2666320800781,36864300,0.0,0.0
2026-03-25 00:00:00-04:00,293.2648285118823,295.82329783701033,289.0673235725591,290.7563171386719,29460700,0.0,0.0
2026-03-26 00:00:00-04:00,287.7381369232671,287.7781215852462,278.33375052565475,280.7523193359375,39080600,0.0,0.0
2026-03-27 00:00:00-04:00,277.1144865271076,279.203235317384,273.7864876697142,274.1762390136719,35890600,0.0,0.0
2026-03-30 00:00:00-04:00,276.2550012483934,276.9245842043685,271.9475460941929,273.33673095703125,35141200,0.0,0.0
2026-03-31 00:00:00-04:00,277.87403020607053,287.9080147834651,276.9245851168754,287.3883361816406,43875400,0.0,0.0
2026-04-01 00:00:00-04:00,290.6663854824321,300.34059988895723,290.23664948178913,297.2124938964844,37684500,0.0,0.0
2026-04-02 00:00:00-04:00,290.5164904801884,297.90206355243157,289.2772403921399,295.59344482421875,21666500,0.0,0.0
2026-04-06 00:00:00-04:00,295.69337737406744,300.4405418912755,295.0037868253031,299.8109130859375,16945500,0.0,0.0
2026-04-07 00:00:00-04:00,302.54929810267237,305.4475608650088,297.5422790326475,305.27764892578125,23205400,0.0,0.0
2026-04-08 00:00:00-04:00,320.25872115869026,321.88772251879675,314.8319393907938,317.1305847167969,33547100,0.0,0.0
2026-04-09 00:00:00-04:00,315.72141928886384,319.3492572184689,310.8743084256086,318.29986572265625,23739200,0.0,0.0
2026-04-10 00:00:00-04:00,319.8289680511782,321.6378852163977,316.1311948927162,317.0506286621094,19152600,0.0,0.0
2026-04-13 00:00:00-04:00,316.9507009019676,321.43801087893695,315.28168437302884,321.1181945800781,18866400,0.0,0.0
2026-04-14 00:00:00-04:00,324.59612530340485,333.09105123243734,323.5567375910905,332.7112731933594,27721400,0.0,0.0
2026-04-15 00:00:00-04:00,332.69130668872015,337.278563176308,330.70247381548376,336.91876220703125,24918800,0.0,0.0
2026-04-16 00:00:00-04:00,338.5477782390461,339.67710854893676,334.3202924195682,335.81939697265625,20541500,0.0,0.0
2026-04-17 00:00:00-04:00,337.4484504303517,342.1156763245155,336.0392884001999,341.4760437011719,25581900,0.0,0.0
2026-04-20 00:00:00-04:00,340.55660000710446,341.1962021124509,336.40905286572576,337.2185974121094,18784200,0.0,0.0
2026-04-21 00:00:00-04:00,337.48841459650436,339.13742351057505,331.1522029907326,332.0916442871094,23123800,0.0,0.0
2026-04-22 00:00:00-04:00,336.818816762841,339.6171637007564,334.96994545488326,339.1174621582031,20293000,0.0,0.0
2026-04-23 00:00:00-04:00,340.9763246437424,341.7558578013153,335.97930940305434,338.6877136230469,18650300,0.0,0.0
2026-04-24 00:00:00-04:00,338.5277988797623,345.06387272769797,335.1897964239415,344.19439697265625,26426100,0.0,0.0
2026-04-27 00:00:00-04:00,345.77347673538645,352.9691603649003,342.5254168368208,350.130859375,28576900,0.0,0.0
2026-04-28 00:00:00-04:00,348.34192077884484,352.20963620070955,345.91337868788094,349.5711975097656,27824100,0.0,0.0
2026-04-29 00:00:00-04:00,347.36252924438134,355.5776236260777,344.0045190996302,349.7311096191406,35376300,0.0,0.0
2026-04-30 00:00:00-04:00,373.8467067603946,385.6096696957082,365.60163158627074,384.5702819824219,72040000,0.0,0.0
2026-05-01 00:00:00-04:00,381.4022037517389,386.52914645154755,378.82372671588394,385.45977783203125,30105200,0.0,0.0
2026-05-04 00:00:00-04:00,385.39979379858875,387.14874909409923,379.56328378663693,383.0212097167969,26298600,0.0,0.0
2026-05-05 00:00:00-04:00,385.99945170269467,392.58551415458055,383.79074899852696,388.1981201171875,23878600,0.0,0.0
2026-05-06 00:00:00-04:00,394.0146525811788,399.61131576273664,392.52555179602564,397.8023986816406,31308500,0.0,0.0
2026-05-07 00:00:00-04:00,399.6812819584635,399.8611671879692,392.4455831227277,397.7524108886719,24433500,0.0,0.0
2026-05-08 00:00:00-04:00,396.7630105926761,401.76002583943523,396.1233780013978,400.56072998046875,21461800,0.0,0.0
2026-05-11 00:00:00-04:00,393.41500861238904,397.2027547509894,388.23810807955056,388.40802001953125,30753700,0.0,0.0
2026-05-12 00:00:00-04:00,387.10877062384725,388.28805889354703,382.541491402114,387.1187744140625,26017500,0.0,0.0
2026-05-13 00:00:00-04:00,385.3698394939953,403.4590416115898,384.77019153718186,402.3796691894531,28144600,0.0,0.0
2026-05-14 00:00:00-04:00,397.04285074569174,402.6894719958145,395.6037078837972,400.8305969238281,21136700,0.0,0.0
2026-05-15 00:00:00-04:00,396.0834349796574,399.30151410906007,392.9452946767326,396.54315185546875,20309700,0.0,0.0
2026-05-18 00:00:00-04:00,395.4538101055549,408.36608091552193,394.29449886421145,396.70306396484375,26837200,0.0,0.0
2026-05-19 00:00:00-04:00,396.72302500471704,396.91291402359946,385.8794958446922,387.4285888671875,39545700,0.0,0.0
2026-05-20 00:00:00-04:00,387.4685872554011,393.62488340369265,382.6714341601505,388.6778564453125,31744400,0.0,0.0
2026-05-21 00:00:00-04:00,385.46976743485186,392.2656959548347,382.7913440893277,387.4285888671875,24852800,0.0,0.0
2026-05-22 00:00:00-04:00,387.1187843592316,388.5079387636157,381.54209816202837,382.74139404296875,20442100,0.0,0.0
2026-05-26 00:00:00-04:00,384.2804712769477,389.0276356997364,382.3716078175452,388.6478576660156,27747400,0.0,0.0
2026-05-27 00:00:00-04:00,386.4391861502527,393.64487351491664,385.66962629134815,388.5978698730469,23087300,0.0,0.0
2026-05-28 00:00:00-04:00,387.76839182151133,391.6360768291116,384.9300907577927,389.8971252441406,24357500,0.0,0.0
2026-05-29 00:00:00-04:00,385.0100143138995,385.0100143138995,378.2340629764561,380.1129455566406,44415800,0.0,0.0
2026-06-01 00:00:00-04:00,376.2952290661171,378.3340198477676,373.2970198869562,376.14532470703125,28672100,0.0,0.0
2026-06-02 00:00:00-04:00,366.371163421305,373.31702687507857,358.2260345973877,361.6340026855469,50412300,0.0,0.0
2026-06-03 00:00:00-04:00,361.81388965190393,366.2312646097652,357.8662353535933,358.77569580078125,55441600,0.0,0.0
2026-06-04 00:00:00-04:00,358.68575901079333,373.0271992966173,357.99616844622375,371.96783447265625,44055500,0.0,0.0
2026-06-05 00:00:00-04:00,366.1213024821565,371.8578661166277,363.90262653478294,368.30999755859375,37471200,0.0,0.0
2026-06-08 00:00:00-04:00,365.17999267578125,366.20001220703125,360.5299987792969,363.30999755859375,27942500,0.22,0.0
2026-06-09 00:00:00-04:00,367.0899963378906,372.0799865722656,357.29998779296875,364.260009765625,29535100,0.0,0.0
2026-06-10 00:00:00-04:00,363.19000244140625,368.55999755859375,355.20001220703125,356.3800048828125,32357100,0.0,0.0
2026-06-11 00:00:00-04:00,355.92999267578125,358.79998779296875,346.3599853515625,357.7699890136719,35538200,0.0,0.0
2026-06-12 00:00:00-04:00,362.6199951171875,366.57000732421875,354.94000244140625,359.67999267578125,24704600,0.0,0.0
2026-06-15 00:00:00-04:00,367.92999267578125,372.989990234375,366.54998779296875,369.3500061035156,27727500,0.0,0.0
2026-06-16 00:00:00-04:00,369.6000061035156,376.0,367.05999755859375,373.25,24876100,0.0,0.0
2026-06-17 00:00:00-04:00,369.1300048828125,372.3299865722656,362.0199890136719,363.7900085449219,24543600,0.0,0.0
2026-06-18 00:00:00-04:00,365.75,369.4800109863281,358.6700134277344,368.0299987792969,44470100,0.0,0.0
2026-06-22 00:00:00-04:00,357.95001220703125,358.9200134277344,341.7200012207031,349.67999267578125,52814800,0.0,0.0
2026-06-23 00:00:00-04:00,340.69000244140625,349.2900085449219,340.20001220703125,346.1300048828125,34007700,0.0,0.0
2026-06-24 00:00:00-04:00,349.0400085449219,353.4800109863281,341.92999267578125,345.2900085449219,44997300,0.0,0.0
2026-06-25 00:00:00-04:00,336.7300109863281,345.57000732421875,335.8399963378906,343.7099914550781,44491400,0.0,0.0
2026-06-26 00:00:00-04:00,342.54998779296875,346.3599853515625,330.20001220703125,337.3900146484375,114706300,0.0,0.0
2026-06-29 00:00:00-04:00,341.8299865722656,354.3500061035156,340.6700134277344,353.6499938964844,34213900,0.0,0.0
2026-06-30 00:00:00-04:00,353.8699951171875,358.6199951171875,350.3999938964844,357.3699951171875,35237200,0.0,0.0
2026-07-01 00:00:00-04:00,358.3699951171875,362.9700012207031,356.42999267578125,361.2099914550781,26736400,0.0,0.0
2026-07-02 00:00:00-04:00,359.4800109863281,364.2099914550781,353.4200134277344,359.9100036621094,25974800,0.0,0.0
2026-07-06 00:00:00-04:00,361.54998779296875,367.92999267578125,357.3800048828125,366.4599914550781,26915800,0.0,0.0
2026-07-07 00:00:00-04:00,369.07000732421875,373.1600036621094,365.5,367.0299987792969,24045600,0.0,0.0
2026-07-08 00:00:00-04:00,364.760009765625,367.8399963378906,358.0199890136719,361.9200134277344,22094800,0.0,0.0
2026-07-09 00:00:00-04:00,354.30999755859375,359.6499938964844,351.0799865722656,358.8900146484375,24729100,0.0,0.0
2026-07-10 00:00:00-04:00,357.5299987792969,357.82000732421875,352.75,357.17999267578125,18146100,0.0,0.0
2026-07-13 00:00:00-04:00,356.19000244140625,358.1300048828125,351.75,352.510009765625,15901700,0.0,0.0
2026-07-14 00:00:00-04:00,351.20001220703125,360.1600036621094,351.0899963378906,359.510009765625,18259400,0.0,0.0
2026-07-15 00:00:00-04:00,357.9700012207031,373.6499938964844,357.760009765625,370.9200134277344,28284600,0.0,0.0
2026-07-16 00:00:00-04:00,373.05999755859375,375.2699890136719,352.29998779296875,354.4599914550781,41158500,0.0,0.0
2026-07-17 00:00:00-04:00,346.0,348.5199890136719,341.3599853515625,346.7699890136719,29959300,0.0,0.0
2026-07-20 00:00:00-04:00,350.8800048828125,359.67999267578125,350.5199890136719,351.989990234375,24736600,0.0,0.0
2026-07-21 00:00:00-04:00,351.32000732421875,351.32000732421875,347.0,347.1499938964844,23369800,0.0,0.0
2026-07-22 00:00:00-04:00,348.1600036621094,349.94000244140625,341.7300109863281,342.0899963378906,39334100,0.0,0.0
2026-07-23 00:00:00-04:00,321.1300048828125,324.489990234375,314.8999938964844,317.69000244140625,69419700,0.0,0.0
2026-07-24 00:00:00-04:00,318.4200134277344,324.17999267578125,317.32000732421875,319.739990234375,31806600,0.0,0.0
2026-07-27 00:00:00-04:00,325.0400085449219,330.4200134277344,324.45001220703125,326.55999755859375,28471600,0.0,0.0
2026-07-28 00:00:00-04:00,327.8999938964844,335.8800048828125,324.44000244140625,333.7099914550781,29511900,0.0,0.0
2026-07-29 00:00:00-04:00,334.6700134277344,342.5,331.6199951171875,336.7099914550781,27501600,0.0,0.0
2026-07-30 00:00:00-04:00,334.20001220703125,336.510009765625,330.3399963378906,333.6600036621094,30168000,0.0,0.0
2026-07-31 00:00:00-04:00,340.8299865722656,358.5799865722656,340.0,356.1300048828125,46498000,0.0,0.0
2026-08-03 00:00:00-04:00,365.45001220703125,376.69000244140625,363.3500061035156,373.510009765625,38669700,0.0,0.0
2026-08-04 00:00:00-04:00,368.2200012207031,380.5199890136719,367.5,377.6499938964844,35705700,0.0,0.0
2026-08-05 00:00:00-04:00,383.3399963378906,384.4800109863281,356.7699890136719,362.42999267578125,46926300,0.0,0.0
2026-08-06 00:00:00-04:00,360.7699890136719,364.1300048828125,356.8800048828125,357.75,25235900,0.0,0.0
2026-08-07 00:00:00-04:00,356.7200012207031,358.8999938964844,353.7799987792969,354.29998779296875,19859900,0.0,0.0
2026-08-10 00:00:00-04:00,355.17999267578125,357.6099853515625,352.7099914550781,357.5199890136719,18991400,0.0,0.0
2026-08-11 00:00:00-04:00,355.8900146484375,356.80999755859375,343.3900146484375,343.79998779296875,29081800,0.0,0.0
2026-08-12 00:00:00-04:00,346.30999755859375,346.4800109863281,340.8800048828125,343.5400085449219,25012000,0.0,0.0
2026-08-13 00:00:00-04:00,345.7699890136719,347.92999267578125,343.760009765625,346.3599853515625,17866100,0.0,0.0
2026-08-14 00:00:00-04:00,346.79998779296875,350.45001220703125,344.5,345.8999938964844,17808600,0.0,0.0
2026-08-17 00:00:00-04:00,346.2699890136719,347.25,341.92999267578125,344.0,18291300,0.0,0.0
2026-08-18 00:00:00-04:00,342.4100036621094,344.8699951171875,340.19000244140625,344.20001220703125,19248800,0.0,0.0
2026-08-19 00:00:00-04:00,342.4599914550781,346.7300109863281,340.6600036621094,344.7200012207031,19733800,0.0,0.0
2026-08-20 00:00:00-04:00,343.05999755859375,343.8999938964844,338.57000732421875,340.6700134277344,18570400,0.0,0.0
2026-08-21 00:00:00-04:00,342.5799865722656,346.20001220703125,340.3999938964844,344.82000732421875,20849800,0.0,0.0
2026-08-24 00:00:00-04:00,343.6199951171875,351.6000061035156,342.489990234375,348.05999755859375,26338200,0.0,0.0
2026-08-25 00:00:00-04:00,349.6400146484375,350.1600036621094,345.6000061035156,346.9599914550781,20649700,0.0,0.0
2026-08-26 00:00:00-04:00,346.6199951171875,346.8800048828125,340.17999267578125,342.0,20420300,0.0,0.0
2026-08-27 00:00:00-04:00,339.6700134277344,341.69000244140625,338.5199890136719,340.6499938964844,23391400,0.0,0.0
2026-08-28 00:00:00-04:00,340.7099914550781,349.1400146484375,340.2699890136719,346.5899963378906,25347200,0.0,0.0
2026-08-31 00:00:00-04:00,343.8299865722656,344.5899963378906,337.1600036621094,339.3500061035156,33493600,0.0,0.0
2026-09-01 00:00:00-04:00,336.0,337.20001220703125,333.04998779296875,335.0199890136719,23342700,0.0,0.0
2026-09-02 00:00:00-04:00,334.05999755859375,340.0,332.82000732421875,337.1199951171875,22525400,0.0,0.0
2026-09-03 00:00:00-04:00,340.3550109863281,344.6600036621094,340.05999755859375,341.8299865722656,9169938,0.0,0.0
