Date,Open,High,Low,Close,Volume,Dividends,Stock Splits
2020-01-02 00:00:00-05:00,116.81287735242124,117.9075649117361,116.36999384590145,117.89920043945312,10803700,0.0,0.0
2020-01-03 00:00:00-05:00,115.63691989521577,117.09183900332123,115.28370320708147,116.34335327148438,10386800,0.9,0.0
2020-01-06 00:00:00-05:00,114.84640801602077,116.28451677614038,114.7959503108552,116.25086975097656,10259000,0.0,0.0
2020-01-07 00:00:00-05:00,115.45189452188825,115.9396735925239,114.22404792388873,114.27450561523438,10531300,0.0,0.0
2020-01-08 00:00:00-05:00,114.12310772932315,115.70418366593277,114.03901586343292,115.16594696044922,9695300,0.0,0.0
2020-01-09 00:00:00-05:00,116.09947953888953,116.25085263209532,115.2500655184183,115.58647155761719,9469000,0.0,0.0
2020-01-10 00:00:00-05:00,115.39303797081031,115.42667215607003,114.2156361654825,114.4343032836914,10190900,0.0,0.0
2020-01-13 00:00:00-05:00,114.53519681241839,115.38459777832031,114.17356201886516,115.38459777832031,12355200,0.0,0.0
2020-01-14 00:00:00-05:00,116.00698284132041,118.3785847360349,115.79673385482607,116.73023986816406,24906000,0.0,0.0
2020-01-15 00:00:00-05:00,115.93129416866786,116.56204111663106,114.50159082055434,114.98096466064453,16293400,0.0,0.0
2020-01-16 00:00:00-05:00,115.59487812365074,115.97332369326148,115.08187013693181,115.42668151855469,10783800,0.0,0.0
2020-01-17 00:00:00-05:00,115.67056374278951,116.30131063127173,115.48555646147344,116.22562408447266,14697700,0.0,0.0
2020-01-21 00:00:00-05:00,115.37620177163151,116.11628209171722,114.95570392296025,115.08184814453125,8474200,0.0,0.0
2020-01-22 00:00:00-05:00,115.41827987633013,115.55282946516931,114.69502290193199,114.94731140136719,7549100,0.0,0.0
2020-01-23 00:00:00-05:00,114.13155169733747,114.99777639051999,113.29896119159876,114.8295669555664,9345700,0.0,0.0
2020-01-24 00:00:00-05:00,114.68659175957201,114.73704945375246,111.28056907661808,111.97858428955078,15166400,0.0,0.0
2020-01-27 00:00:00-05:00,109.55651898285218,111.80197607571017,109.08556342020316,111.03666687011719,12860500,0.0,0.0
2020-01-28 00:00:00-05:00,111.71787353408547,113.50919860699318,111.41511454757398,113.0550537109375,13062800,0.0,0.0
2020-01-29 00:00:00-05:00,113.37463515465771,113.98855845985048,112.432724019833,112.88685607910156,9326000,0.0,0.0
2020-01-30 00:00:00-05:00,111.5917367947321,114.48476445281928,111.5917367947321,114.28292083740234,9048900,0.0,0.0
2020-01-31 00:00:00-05:00,113.10552646316378,113.39146194700628,110.5657156281121,111.31420135498047,12785200,0.0,0.0
2020-02-03 00:00:00-05:00,111.56650490991228,112.89527980193637,111.56650490991228,112.16360473632812,10021100,0.0,0.0
2020-02-04 00:00:00-05:00,113.99697979731971,114.88002792703945,113.6017107567078,113.77831268310547,9157100,0.0,0.0
2020-02-05 00:00:00-05:00,114.85482458459063,115.8303701468547,114.38385606693558,115.71263122558594,10150700,0.0,0.0
2020-02-06 00:00:00-05:00,116.25927793501056,116.30131746398324,115.30894846077372,115.72944641113281,8992300,0.0,0.0
2020-02-07 00:00:00-05:00,114.98938047995853,115.77991877999872,114.62775835647412,115.35942077636719,6379800,0.0,0.0
2020-02-10 00:00:00-05:00,115.17435136935839,115.93125515172414,115.00615480635773,115.8387451171875,5960700,0.0,0.0
2020-02-11 00:00:00-05:00,116.27607310854364,116.74704152951017,115.87239872314967,116.05741882324219,6578600,0.0,0.0
2020-02-12 00:00:00-05:00,116.56202142941765,117.1422977441689,115.88922223204281,116.05741882324219,7958000,0.0,0.0
2020-02-13 00:00:00-05:00,115.84718650593221,116.34337101259959,114.71183689534693,115.9565200805664,7447500,0.0,0.0
2020-02-14 00:00:00-05:00,115.92285641666807,116.2172100756985,115.16596533998602,115.60328674316406,6627600,0.0,0.0
2020-02-18 00:00:00-05:00,115.50237572873324,115.8135529430127,113.57650073234505,114.07268524169922,8996400,0.0,0.0
2020-02-19 00:00:00-05:00,115.14073804701536,116.38540823777687,114.66136428142313,115.6285171508789,7071200,0.0,0.0
2020-02-20 00:00:00-05:00,115.35939233526695,116.36017939038544,114.82115553662055,115.6285171508789,7422800,0.0,0.0
2020-02-21 00:00:00-05:00,114.83797871691877,115.1491430555738,113.46715146054775,114.21563720703125,9772800,0.0,0.0
2020-02-24 00:00:00-05:00,110.54047815605107,112.02062598566172,110.00224141504935,111.14599609375,13618400,0.0,0.0
2020-02-25 00:00:00-05:00,110.1704222168255,111.20484319871764,105.62063299812961,106.1841049194336,20797200,0.0,0.0
2020-02-26 00:00:00-05:00,106.74758214462304,108.44639059864619,106.25139135590484,106.50369262695312,24825600,0.0,0.0
2020-02-27 00:00:00-05:00,103.36678175678928,105.64587927187739,102.01277820329486,102.07164764404297,23005500,0.0,0.0
2020-02-28 00:00:00-05:00,98.83381856450109,99.64958547560381,94.74658508743141,97.64801788330078,45931400,0.0,0.0
2020-03-02 00:00:00-05:00,98.08534566480843,102.24827905650628,96.2603861732076,102.19781494140625,27355400,0.0,0.0
2020-03-03 00:00:00-05:00,101.73525636964482,103.40042435277543,97.7573436698757,98.36286163330078,32547700,0.0,0.0
2020-03-04 00:00:00-05:00,99.51503183245724,101.07928449098249,96.4622130555183,100.79334259033203,25795900,0.0,0.0
2020-03-05 00:00:00-05:00,97.27797974052766,97.9171383259977,94.67930587596517,95.8482894897461,25025600,0.0,0.0
2020-03-06 00:00:00-05:00,89.36422417787799,92.77866540405694,88.32138466493645,90.89483642578125,38159400,0.0,0.0
2020-03-09 00:00:00-04:00,81.2149637625565,83.45201565972098,78.21260902750697,78.58264923095703,40352000,0.0,0.0
2020-03-10 00:00:00-04:00,83.25859534281136,85.17606499682735,79.54139494923373,84.68828582763672,31102700,0.0,0.0
2020-03-11 00:00:00-04:00,82.16528085762313,84.14162597066118,79.51614942170762,80.70195007324219,38127000,0.0,0.0
2020-03-12 00:00:00-04:00,75.34481050041656,81.5429518446184,72.59475706275796,74.0496826171875,49725200,0.0,0.0
2020-03-13 00:00:00-04:00,80.7271866714309,87.45515320694433,77.37161515840447,87.38787841796875,38543300,0.0,0.0
2020-03-16 00:00:00-04:00,71.65282959146893,79.03677707442655,71.10618753080568,74.31037902832031,38589700,0.0,0.0
2020-03-17 00:00:00-04:00,76.4380934311012,81.94661745581676,73.5871187164195,78.85175323486328,35239800,0.0,0.0
2020-03-18 00:00:00-04:00,73.7300871034884,76.353995841633,67.58241095454194,70.5511245727539,41525600,0.0,0.0
2020-03-19 00:00:00-04:00,68.59162441021337,74.10015019074883,64.68099855924639,71.73695373535156,32175100,0.0,0.0
2020-03-20 00:00:00-04:00,72.57794306308594,75.23548656287478,69.3653392328673,70.22315216064453,30150800,0.0,0.0
2020-03-23 00:00:00-04:00,69.53353368871103,70.43339894696398,65.67335959204307,66.46389770507812,32536600,0.0,0.0
2020-03-24 00:00:00-04:00,71.40052641992521,75.7737008935832,69.71853525062798,74.3692398071289,34363200,0.0,0.0
2020-03-25 00:00:00-04:00,75.05046237551932,80.02075056579275,71.09778473575086,77.14454650878906,38111700,0.0,0.0
2020-03-26 00:00:00-04:00,79.12089979300997,82.89696977744819,78.66676121420448,82.51852416992188,29826300,0.0,0.0
2020-03-27 00:00:00-04:00,78.37239391660881,79.76003173426614,76.15216570881124,76.63993835449219,30041500,0.0,0.0
2020-03-30 00:00:00-04:00,76.2362658190902,79.12928682836122,75.10092284285119,78.63310241699219,21656900,0.0,0.0
2020-03-31 00:00:00-04:00,77.4136743010281,79.19658148278499,75.13456979102659,75.71485900878906,23379300,0.0,0.0
2020-04-01 00:00:00-04:00,71.56874627151038,72.79659945490423,70.01290521662108,70.9464111328125,28029600,0.0,0.0
2020-04-02 00:00:00-04:00,70.23155976927791,73.93194250481626,69.76900952122737,73.59554290771484,24018000,0.0,0.0
2020-04-03 00:00:00-04:00,73.07723107361053,74.33484208877746,70.33258337962013,71.42024993896484,21199400,0.9,0.0
2020-04-06 00:00:00-04:00,75.61790415303626,77.31737389049589,74.5217453944193,76.01728057861328,26820800,0.0,0.0
2020-04-07 00:00:00-04:00,80.25743792253704,80.29992724971603,76.79901803469839,77.01995086669922,22563800,0.0,0.0
2020-04-08 00:00:00-04:00,78.26057673317916,80.60584668480567,76.94349163331326,80.12999725341797,22903300,0.0,0.0
2020-04-09 00:00:00-04:00,82.35630834153528,88.70382934304715,82.33081733076023,87.31876373291016,42055900,0.0,0.0
2020-04-13 00:00:00-04:00,87.61617267845729,87.61617267845729,82.67921461093829,83.43547821044922,26911900,0.0,0.0
2020-04-14 00:00:00-04:00,85.84023092013322,86.67297411214618,79.56918865647435,81.14969635009766,46151300,0.0,0.0
2020-04-15 00:00:00-04:00,77.45332783526328,78.20109212075,76.5865947141908,77.14742279052734,30118600,0.0,0.0
2020-04-16 00:00:00-04:00,76.67158423471965,76.9604909940041,73.9694269456389,74.20735168457031,32449600,0.0,0.0
2020-04-17 00:00:00-04:00,78.17562693014342,81.31964411567006,77.29190167384698,80.8777847290039,30191900,0.0,0.0
2020-04-20 00:00:00-04:00,78.57499966005659,80.47840432168444,76.86703042586065,77.92919921875,23679400,0.0,0.0
2020-04-21 00:00:00-04:00,75.30352084258041,77.64878486232163,75.05709690543353,75.66890716552734,23035000,0.0,0.0
2020-04-22 00:00:00-04:00,77.06245329048592,78.06514064248063,75.77935189056065,75.9153060913086,16662400,0.0,0.0
2020-04-23 00:00:00-04:00,76.25519241725917,77.56378467190311,75.8473233796588,75.9577865600586,16638800,0.0,0.0
2020-04-24 00:00:00-04:00,77.01997133057061,77.41084860921961,75.19303998680465,77.07945251464844,15809200,0.0,0.0
2020-04-27 00:00:00-04:00,78.12461935785937,81.26013635226683,77.78472414226192,80.40190887451172,22870200,0.0,0.0
2020-04-28 00:00:00-04:00,83.11255838834319,83.57991511969986,80.75029669085751,80.97122955322266,20238900,0.0,0.0
2020-04-29 00:00:00-04:00,84.19174517894275,84.50614297918523,82.65372042376042,83.15506744384766,20462600,0.0,0.0
2020-04-30 00:00:00-04:00,81.23466764019584,82.28833726305821,80.34244974771859,81.3706283569336,19127600,0.0,0.0
2020-05-01 00:00:00-04:00,79.45021143036298,79.6541459867194,78.03964841507135,79.23777770996094,18547700,0.0,0.0
2020-05-04 00:00:00-04:00,78.1926004039082,78.74492936966685,77.15592930131574,78.29457092285156,15725900,0.0,0.0
2020-05-05 00:00:00-04:00,79.57768509782909,80.05353462956681,78.09064882818505,78.17562103271484,18064100,0.0,0.0
2020-05-06 00:00:00-04:00,78.3115791172701,78.82141881029622,76.41666725334966,76.70557403564453,20978000,0.0,0.0
2020-05-07 00:00:00-04:00,77.61477379843984,78.94886366286633,76.96898001585724,77.50431060791016,16771900,0.0,0.0
2020-05-08 00:00:00-04:00,78.85541020450668,79.94306996187143,78.26909098284831,78.77043151855469,20487800,0.0,0.0
2020-05-11 00:00:00-04:00,77.4193581087016,77.4193581087016,75.90683081198047,76.4506607055664,31907600,0.0,0.0
2020-05-12 00:00:00-04:00,76.60360606940445,77.14743591188332,73.84196751686271,73.95243072509766,27962900,0.0,0.0
2020-05-13 00:00:00-04:00,73.40008112188744,73.80795663077801,70.86787534393935,71.40320587158203,35451600,0.0,0.0
2020-05-14 00:00:00-04:00,70.2900807893816,74.8701519567196,70.01816584656434,74.36880493164062,35152500,0.0,0.0
2020-05-15 00:00:00-04:00,73.7994711694205,74.16485741792019,72.48238602842862,72.99222564697266,26099000,0.0,0.0
2020-05-18 00:00:00-04:00,75.36300668626254,77.45335421527285,74.67471685969953,76.85853576660156,30504400,0.0,0.0
2020-05-19 00:00:00-04:00,76.5186313688837,77.49582133067612,75.27801269316544,75.34599304199219,19597300,0.0,0.0
2020-05-20 00:00:00-04:00,77.07944715646096,78.50700195805506,76.79054042044142,77.60628509521484,20552400,0.0,0.0
2020-05-21 00:00:00-04:00,76.70557767445808,77.9716875264744,76.19573795724584,76.62060546875,14621400,0.0,0.0
2020-05-22 00:00:00-04:00,76.48462965563745,76.78203553318286,75.38847100728843,76.02577209472656,13557900,0.0,0.0
2020-05-26 00:00:00-04:00,78.93186935344762,82.84914751349177,78.69394463375978,81.42159271240234,41233900,0.0,0.0
2020-05-27 00:00:00-04:00,86.73243078542987,87.16579734870295,83.95380084165289,86.13761901855469,39402000,0.0,0.0
2020-05-28 00:00:00-04:00,87.47171546571698,87.48020814725417,84.46365304598235,84.85453033447266,24713900,0.0,0.0
2020-05-29 00:00:00-04:00,83.83484562844505,84.27670490961923,82.23733991912954,82.68769836425781,26526400,0.0,0.0
2020-06-01 00:00:00-04:00,83.06159345323657,84.55712881811026,82.74718917995598,83.78386688232422,15176800,0.0,0.0
2020-06-02 00:00:00-04:00,85.21141851826837,85.33038089091349,83.214542711196,84.06427764892578,21195000,0.0,0.0
2020-06-03 00:00:00-04:00,86.3160923131488,89.15420441228453,85.8742264342761,88.60187530517578,25941100,0.0,0.0
2020-06-04 00:00:00-04:00,88.21950005835782,90.59026182539385,87.34427392045195,90.44580841064453,26784700,0.0,0.0
2020-06-05 00:00:00-04:00,97.6600384632207,98.37381271232482,93.07146841781511,94.51602172851562,42231000,0.0,0.0
2020-06-08 00:00:00-04:00,96.3684439802808,97.0312362053063,95.11933256405744,96.40242767333984,24881800,0.0,0.0
2020-06-09 00:00:00-04:00,94.02315884855759,94.85589533920972,92.62959426655992,93.9296875,17031100,0.0,0.0
2020-06-10 00:00:00-04:00,93.86172173162181,93.90421107227657,89.94444309629861,90.12288665771484,24913300,0.0,0.0
2020-06-11 00:00:00-04:00,84.99898198349686,86.31607368677093,82.03340896375205,82.60272979736328,36259200,0.0,0.0
2020-06-12 00:00:00-04:00,85.57679601316113,85.93368309444872,82.7046945524295,84.86302185058594,24856800,0.0,0.0
2020-06-15 00:00:00-04:00,81.93144587699531,86.18861997638668,81.46409552400115,86.0356674194336,22153600,0.0,0.0
2020-06-16 00:00:00-04:00,89.5365647914436,89.79998052425869,84.38716711651189,86.72393798828125,22193600,0.0,0.0
2020-06-17 00:00:00-04:00,87.12333477502425,87.13183394086495,84.30221463156478,84.53164672851562,15639800,0.0,0.0
2020-06-18 00:00:00-04:00,83.84333712226521,85.41534531745974,83.38447951967997,84.07276916503906,16591900,0.0,0.0
2020-06-19 00:00:00-04:00,85.42386745430055,85.48334865120808,82.19487800609059,83.11258697509766,40371200,0.0,0.0
2020-06-22 00:00:00-04:00,82.6367204848494,83.23153233217215,82.03340947314693,82.21185302734375,16216900,0.0,0.0
2020-06-23 00:00:00-04:00,84.09827135389673,84.94800632728891,83.14656584983071,83.21454620361328,15381400,0.0,0.0
2020-06-24 00:00:00-04:00,82.21186380878446,82.28833684934212,80.13850826970445,80.43592071533203,22919800,0.0,0.0
2020-06-25 00:00:00-04:00,80.17248493432064,83.45246210215028,80.09601190665377,83.24002838134766,25743600,0.0,0.0
2020-06-26 00:00:00-04:00,80.8183075625981,81.03924050842882,78.17563082792984,78.67697143554688,41896300,0.0,0.0
2020-06-29 00:00:00-04:00,79.36524010156357,80.29144802076307,78.328562497458,79.02534484863281,18499700,0.0,0.0
2020-06-30 00:00:00-04:00,78.88090075867761,80.43591734788694,78.65996784582079,79.92607116699219,19137000,0.0,0.0
2020-07-01 00:00:00-04:00,80.6313423782995,81.32812472173669,79.05083498024102,79.24627685546875,18755700,0.0,0.0
2020-07-02 00:00:00-04:00,81.28835929152241,81.47712368540391,78.87733864235875,79.50369262695312,27845600,0.9,0.0
2020-07-06 00:00:00-04:00,81.02238327270975,81.68305215899171,80.20727137395266,81.5114517211914,18625300,0.0,0.0
2020-07-07 00:00:00-04:00,80.49899034082628,80.73923356298978,78.93740285062675,79.21196746826172,25757200,0.0,0.0
2020-07-08 00:00:00-04:00,79.18622868707358,80.08714077734153,78.76580304494853,80.05282592773438,18762200,0.0,0.0
2020-07-09 00:00:00-04:00,80.24156242273828,80.75637667570525,77.89060308232077,78.31961059570312,25600800,0.0,0.0
2020-07-10 00:00:00-04:00,78.93739069942934,83.09018072016717,78.82585109091949,82.60111236572266,28954200,0.0,0.0
2020-07-13 00:00:00-04:00,84.71184476768336,85.17516722159941,82.56680673751565,83.78518676757812,32079200,0.0,0.0
2020-07-14 00:00:00-04:00,84.40297927398163,85.75863866335139,82.91860971616683,84.26569366455078,42731700,0.0,0.0
2020-07-15 00:00:00-04:00,86.56514891734678,86.90835629037036,84.64319679300526,85.56985473632812,22508400,0.0,0.0
2020-07-16 00:00:00-04:00,84.75473522891994,86.84829428373791,84.55739541081658,85.81009674072266,16886900,0.0,0.0
2020-07-17 00:00:00-04:00,85.80149988792189,85.87014265890461,84.20559146631575,84.2227554321289,16137700,0.0,0.0
2020-07-20 00:00:00-04:00,83.59643343454597,84.42012736158048,83.45057240026784,83.48489379882812,14458100,0.0,0.0
2020-07-21 00:00:00-04:00,83.83666592129441,85.84442492956325,83.77660511805465,85.29529571533203,17798100,0.0,0.0
2020-07-22 00:00:00-04:00,85.50122224810751,85.91306590841896,83.68222753434391,84.67752838134766,14271200,0.0,0.0
2020-07-23 00:00:00-04:00,84.51449565641734,85.24380725386982,84.05974865610473,84.92634582519531,12870200,0.0,0.0
2020-07-24 00:00:00-04:00,85.45831685795419,85.62992383416474,84.03401495915897,84.32573699951172,12744200,0.0,0.0
2020-07-27 00:00:00-04:00,83.66509070749022,83.76804837484748,82.51534656827177,83.1417007446289,11959100,0.0,0.0
2020-07-28 00:00:00-04:00,82.79847242775848,83.99111311313058,82.79847242775848,83.50204467773438,11754300,0.0,0.0
2020-07-29 00:00:00-04:00,83.28752704511837,85.55268642758166,83.22746624884608,85.52694702148438,12743500,0.0,0.0
2020-07-30 00:00:00-04:00,83.6907927901633,83.86239318996745,82.41235213705612,83.24462127685547,14834800,0.0,0.0
2020-07-31 00:00:00-04:00,82.78130770571838,83.16741191947195,81.72594615071623,82.91858673095703,14535000,0.0,0.0
2020-08-03 00:00:00-04:00,83.24462595838324,83.71653690358755,82.2407498161879,82.45525360107422,12962800,0.0,0.0
2020-08-04 00:00:00-04:00,82.29224630623239,82.3265611558557,81.53718869178144,81.98336029052734,13366200,0.0,0.0
2020-08-05 00:00:00-04:00,82.25793167251705,84.48877021122279,82.12922806437032,83.40766906738281,15260900,0.0,0.0
2020-08-06 00:00:00-04:00,83.72510098662019,84.17126588348928,82.83276464674739,83.4333724975586,10482100,0.0,0.0
2020-08-07 00:00:00-04:00,83.16741937072327,85.36393634042584,82.84995136807781,85.2695541381836,14743700,0.0,0.0
2020-08-10 00:00:00-04:00,85.8958999757906,87.55186953083906,85.82725719049186,86.35064697265625,14989900,0.0,0.0
2020-08-11 00:00:00-04:00,89.11344583907577,91.08688312174512,88.8131418733136,89.0791244506836,31518600,0.0,0.0
2020-08-12 00:00:00-04:00,91.08686764042473,91.31852879002892,87.26869729396729,88.32405853271484,19240800,0.0,0.0
2020-08-13 00:00:00-04:00,87.51755397906415,88.68445522247593,87.20866797074122,87.83502197265625,13598600,0.0,0.0
2020-08-14 00:00:00-04:00,87.08855714528792,88.64156281833642,87.01991434690828,87.86935424804688,12134400,0.0,0.0
2020-08-17 00:00:00-04:00,87.0885131816519,87.51752063574871,85.398222765129,85.55266571044922,14988000,0.0,0.0
2020-08-18 00:00:00-04:00,85.72430933787064,85.72430933787064,84.18846120882155,84.36006164550781,13246500,0.0,0.0
2020-08-19 00:00:00-04:00,84.87484969405989,86.30773329901618,84.37719937921688,84.55738830566406,13533000,0.0,0.0
2020-08-20 00:00:00-04:00,83.45056256480103,84.11123140734226,83.05587634708156,83.5449447631836,13672600,0.0,0.0
2020-08-21 00:00:00-04:00,83.45914129636367,84.5745637506328,83.17600123618254,83.50204467773438,12228300,0.0,0.0
2020-08-24 00:00:00-04:00,84.47159936915277,85.98170805324621,83.5878447024947,85.8530044555664,17898300,0.0,0.0
2020-08-25 00:00:00-04:00,86.89119093774978,87.50038745188773,85.62991417213621,86.23052215576172,13648900,0.0,0.0
2020-08-26 00:00:00-04:00,85.75005496849502,86.03319505495072,84.98642184141936,85.02073669433594,12052400,0.0,0.0
2020-08-27 00:00:00-04:00,84.9435061775734,88.07526301759003,84.9435061775734,87.81785583496094,22163900,0.0,0.0
2020-08-28 00:00:00-04:00,88.49569064921734,88.59007284858231,87.35452881772211,88.17822265625,13756700,0.0,0.0
2020-08-31 00:00:00-04:00,87.62052360133909,87.67200242387527,85.8186862589267,85.96455383300781,14219400,0.0,0.0
2020-09-01 00:00:00-04:00,85.41539751238228,86.54797707233482,84.97780802104253,85.92162322998047,11595600,0.0,0.0
2020-09-02 00:00:00-04:00,85.7586097294259,87.46606455342199,85.42398435200948,87.21723937988281,14475700,0.0,0.0
2020-09-03 00:00:00-04:00,88.65012874592067,90.08301253531029,86.35064778584821,86.94268035888672,23281200,0.0,0.0
2020-09-04 00:00:00-04:00,89.27649279542482,90.27178711949969,86.97701157563336,88.82173919677734,26325500,0.0,0.0
2020-09-08 00:00:00-04:00,88.35841067633203,88.86463651650978,85.35535739136299,85.73287963867188,22108600,0.0,0.0
2020-09-09 00:00:00-04:00,86.48792046998888,87.25155334796338,85.42397708478823,86.54798126220703,13434000,0.0,0.0
2020-09-10 00:00:00-04:00,87.00274619459843,87.87791885456531,85.49263754710171,85.6556625366211,15922800,0.0,0.0
2020-09-11 00:00:00-04:00,85.7757738962937,86.96841440751318,85.44972395621566,86.71958923339844,13784300,0.0,0.0
2020-09-14 00:00:00-04:00,87.09712074589434,88.7702476898505,86.97699914715575,87.92081451416016,19017400,0.0,0.0
2020-09-15 00:00:00-04:00,88.14390264751432,88.24686027996765,85.06362473593752,85.18374633789062,23683000,0.0,0.0
2020-09-16 00:00:00-04:00,85.31245954329883,86.77108290069103,84.73759087683202,85.54412078857422,19270600,0.0,0.0
2020-09-17 00:00:00-04:00,84.68607769176266,85.23520676684126,83.83664467658406,84.56595611572266,18290100,0.0,0.0
2020-09-18 00:00:00-04:00,83.99110937752566,85.36393242055033,83.60500514690945,84.38579559326172,20121600,0.0,0.0
2020-09-21 00:00:00-04:00,81.68303785584087,82.41235595412725,80.49897933162494,81.77742004394531,28378800,0.0,0.0
2020-09-22 00:00:00-04:00,81.47711861331882,82.07773315156494,80.37027827402802,80.88508605957031,19257000,0.0,0.0
2020-09-23 00:00:00-04:00,81.32268622550599,81.811754667454,79.50369804302986,79.57233428955078,19952700,0.0,0.0
2020-09-24 00:00:00-04:00,79.21196405109902,80.91083704989596,78.405427657655,79.50369262695312,18366500,0.0,0.0
2020-09-25 00:00:00-04:00,78.98029712189489,80.41318085034146,78.82585413315516,80.19867706298828,13293100,0.0,0.0
2020-09-28 00:00:00-04:00,81.56292243231069,83.16741320534763,80.95373242872206,82.50674438476562,20894100,0.0,0.0
2020-09-29 00:00:00-04:00,82.39519526410395,82.39519526410395,80.9365721017657,81.8117446899414,12848200,0.0,0.0
2020-09-30 00:00:00-04:00,81.81174002980097,83.39906668572537,81.73452181147934,82.60111236572266,16400600,0.0,0.0
2020-10-01 00:00:00-04:00,83.33045532407189,83.88816007922149,82.39521516416453,83.20175170898438,15778700,0.0,0.0
2020-10-02 00:00:00-04:00,81.72595945735513,84.59172749198152,81.58867386362726,83.99111938476562,15149600,0.0,0.0
2020-10-05 00:00:00-04:00,85.14284539047117,85.94820414191999,84.45872287198202,85.76634979248047,13871900,0.9,0.0
2020-10-06 00:00:00-04:00,86.65832758596571,87.34245028347505,84.44142833815484,84.88307189941406,19220400,0.0,0.0
2020-10-07 00:00:00-04:00,85.6970931630156,86.90080080542934,85.44595901078009,86.36389923095703,16358500,0.0,0.0
2020-10-08 00:00:00-04:00,87.03936446265485,88.2603887982829,86.51111787705764,88.13915252685547,15659000,0.0,0.0
2020-10-09 00:00:00-04:00,88.32966328284414,88.42492129140551,86.69296710938896,87.63687896728516,13689100,0.0,0.0
2020-10-12 00:00:00-04:00,87.55027311785902,89.19563073433442,87.33377886850383,88.71068572998047,16058000,0.0,0.0
2020-10-13 00:00:00-04:00,89.1956328794053,89.38614888052042,86.82285769933596,87.27316284179688,21697300,0.0,0.0
2020-10-14 00:00:00-04:00,87.48965489009663,88.26903550824073,86.6842960191611,86.78821563720703,15204100,0.0,0.0
2020-10-15 00:00:00-04:00,85.81833384905205,88.13915286465674,85.76637733449296,88.08719635009766,17171200,0.0,0.0
2020-10-16 00:00:00-04:00,87.8187304649103,88.6154277167516,87.22120422258924,87.90532684326172,13275000,0.0,0.0
2020-10-19 00:00:00-04:00,87.983261775152,88.21707926472993,86.21666790440398,86.42450714111328,11725700,0.0,0.0
2020-10-20 00:00:00-04:00,86.86615059591321,88.13047622076049,86.70161945889457,86.9181137084961,11257100,0.0,0.0
2020-10-21 00:00:00-04:00,86.90945468634767,87.45501783317377,86.0174994084293,86.05213928222656,10730500,0.0,0.0
2020-10-22 00:00:00-04:00,86.00882216074663,89.40344989352178,86.00016054215101,89.0916976928711,14837200,0.0,0.0
2020-10-23 00:00:00-04:00,89.62862868446628,90.4513042760158,89.13502200816039,89.89707946777344,15087600,0.0,0.0
2020-10-26 00:00:00-04:00,88.89253178300025,88.93582666468919,86.81418586242417,87.67150115966797,12410700,0.0,0.0
2020-10-27 00:00:00-04:00,87.0393627328012,87.39440991867339,85.8702949347676,86.01750946044922,10391700,0.0,0.0
2020-10-28 00:00:00-04:00,84.43274693526182,85.12553109132853,83.19439971593614,83.60140991210938,16389500,0.0,0.0
2020-10-29 00:00:00-04:00,83.23770088760004,84.84841842849922,82.47563699744083,84.14697265625,14208800,0.0,0.0
2020-10-30 00:00:00-04:00,84.78782360645391,85.22946718390789,83.33298177000981,84.90039825439453,15194500,0.0,0.0
2020-11-02 00:00:00-05:00,86.06946810942488,87.3597722084928,84.74452413165213,86.814208984375,15011600,0.0,0.0
2020-11-03 00:00:00-05:00,89.21295257024462,90.70243414977715,88.92718516565847,89.55068969726562,17482600,0.0,0.0
2020-11-04 00:00:00-05:00,87.46369184460723,88.39028712759664,85.67111941464152,86.814208984375,18886500,0.0,0.0
2020-11-05 00:00:00-05:00,87.51564253016414,91.01419076375018,87.4636860190082,90.36470794677734,17837400,0.0,0.0
2020-11-06 00:00:00-05:00,90.95355213113928,91.01417024945171,88.66737365924257,89.16098022460938,12552800,0.0,0.0
2020-11-09 00:00:00-05:00,97.99395968845323,102.96466577780255,95.56055984571117,101.23271179199219,47792400,0.0,0.0
2020-11-10 00:00:00-05:00,101.62239558472504,101.70899195990305,99.31890029196661,100.90363311767578,20539300,0.0,0.0
2020-11-11 00:00:00-05:00,101.22404725812753,101.28466538161064,98.68673447768357,99.39683532714844,14443400,0.0,0.0
2020-11-12 00:00:00-05:00,97.44838010211096,98.68672734103887,97.04136989949501,98.1758041381836,22063000,0.0,0.0
2020-11-13 00:00:00-05:00,99.32756622209577,99.46612572311406,98.3490145219566,98.79066467285156,11847900,0.0,0.0
2020-11-16 00:00:00-05:00,102.00342076802382,102.71352156818249,100.21951045206218,101.57909393310547,19858600,0.0,0.0
2020-11-17 00:00:00-05:00,99.92507952456823,100.83435796293307,99.22364031072553,100.548583984375,14553200,0.0,0.0
2020-11-18 00:00:00-05:00,101.61372147196673,102.71351578283787,99.76053152210736,99.8038330078125,12571200,0.0,0.0
2020-11-19 00:00:00-05:00,98.87725784547453,100.29745965037274,98.34034970679137,100.07230377197266,10202500,0.0,0.0
2020-11-20 00:00:00-05:00,99.09374483198579,100.15023779132032,98.79930922693323,99.21498107910156,12718900,0.0,0.0
2020-11-23 00:00:00-05:00,100.49662279257325,102.33248960869965,100.0809509698038,102.07270050048828,13209200,0.0,0.0
2020-11-24 00:00:00-05:00,103.97786431632244,106.94816586744243,103.66611204921102,106.79228973388672,20121600,0.0,0.0
2020-11-25 00:00:00-05:00,105.10362193320961,105.97825387190002,104.32424137809174,105.67516326904297,11715600,0.0,0.0
2020-11-27 00:00:00-05:00,105.64918531259119,105.95227591629236,104.85248812375391,104.97372436523438,5983600,0.0,0.0
2020-11-30 00:00:00-05:00,103.91724113113608,104.54074563502374,101.98610949308848,102.08136749267578,14411800,0.0,0.0
2020-12-01 00:00:00-05:00,104.21164714755704,105.28546315924957,103.59680439936216,103.69206237792969,12668900,0.0,0.0
2020-12-02 00:00:00-05:00,103.6574332317938,105.91763348993952,103.28506289712551,105.68382263183594,10811300,0.0,0.0
2020-12-03 00:00:00-05:00,105.5192818886888,105.55392175683973,104.22897818274306,104.99103546142578,12904400,0.0,0.0
2020-12-04 00:00:00-05:00,106.06486926602376,106.7663085443007,105.38074662127448,105.9436264038086,13583700,0.0,0.0
2020-12-07 00:00:00-05:00,104.9131133263112,105.79640694627558,104.0990928440977,105.54527282714844,9724300,0.0,0.0
2020-12-08 00:00:00-05:00,104.81787083096769,105.93498210255419,104.57539829577951,105.64920806884766,9592100,0.0,0.0
2020-12-09 00:00:00-05:00,106.66238991465507,106.77497115771342,104.29827630675594,104.82652282714844,13073900,0.0,0.0
2020-12-10 00:00:00-05:00,103.90858187127826,104.59270451708959,103.53621148449184,104.15105438232422,13668400,0.0,0.0
2020-12-11 00:00:00-05:00,102.99932276880355,103.9345730553506,102.50571606508551,103.53622436523438,9981600,0.0,0.0
2020-12-14 00:00:00-05:00,105.07761663050441,105.14689635678603,102.28051540238665,102.44505310058594,12112400,0.0,0.0
2020-12-15 00:00:00-05:00,103.30239595348644,104.69661943625484,102.72219295570534,104.19435119628906,12590200,0.0,0.0
2020-12-16 00:00:00-05:00,104.1770368877139,104.85249789803675,103.7960048893245,104.49744415283203,11169400,0.0,0.0
2020-12-17 00:00:00-05:00,105.00838437235868,105.1729155277026,103.55354258872268,103.63147735595703,11618000,0.0,0.0
2020-12-18 00:00:00-05:00,103.172493307004,103.81331440015563,102.4190909819356,103.12053680419922,28954800,0.0,0.0
2020-12-21 00:00:00-05:00,106.66239481977074,108.24713445382613,104.86116091680769,106.99147033691406,28323600,0.0,0.0
2020-12-22 00:00:00-05:00,106.85291553055083,106.96549017685429,105.31147732527073,105.36343383789062,11788200,0.0,0.0
2020-12-23 00:00:00-05:00,106.3246586955096,109.56341093806364,105.95228830830213,108.30774688720703,14973200,0.0,0.0
2020-12-24 00:00:00-05:00,108.32506569819958,108.7234209540961,107.00878349305464,107.83145904541016,4164900,0.0,0.0
2020-12-28 00:00:00-05:00,108.95723685030154,109.67599941834922,108.06528150756132,108.54156494140625,8072600,0.0,0.0
2020-12-29 00:00:00-05:00,109.28630658872942,109.35558634188098,108.1518787101164,108.25579833984375,8389200,0.0,0.0
2020-12-30 00:00:00-05:00,108.67145066786505,108.98320291293793,108.16052741486679,108.55887603759766,7398000,0.0,0.0
2020-12-31 00:00:00-05:00,108.32504337328834,110.26483631682608,108.0912325256822,110.03968048095703,8580200,0.0,0.0
2021-01-04 00:00:00-05:00,110.41206654756964,110.72381879343084,108.05660807078733,109.00052642822266,16819900,0.0,0.0
2021-01-05 00:00:00-05:00,109.01794864520646,110.16055269953021,107.95384725550434,109.59361267089844,13731200,0.9,0.0
2021-01-06 00:00:00-05:00,113.28309015545396,115.80378656058689,111.53865655463356,114.73968505859375,24909100,0.0,0.0
2021-01-07 00:00:00-05:00,118.35066784929406,120.53120189233087,117.6790596375401,118.50765991210938,21940400,0.0,0.0
2021-01-08 00:00:00-05:00,118.59487543099225,118.92632083318186,116.98127506750556,118.63848876953125,12035100,0.0,0.0
2021-01-11 00:00:00-05:00,117.38250592849985,120.53991484901563,116.97256447861902,120.40908813476562,15937900,0.0,0.0
2021-01-12 00:00:00-05:00,121.6214779814314,123.55779342072545,121.089427102906,122.30180358886719,18033500,0.0,0.0
2021-01-13 00:00:00-05:00,120.88007956806983,122.79894682530433,120.45270342199923,122.4151840209961,14816800,0.0,0.0
2021-01-14 00:00:00-05:00,122.53730270683211,124.50850080044601,122.10991321935161,123.13040161132812,18565600,0.0,0.0
2021-01-15 00:00:00-05:00,119.86831406576894,123.54905668848403,119.50198593431837,120.92369842529297,27881000,0.0,0.0
2021-01-19 00:00:00-05:00,121.9877797959003,122.72043593667526,120.20847012417228,120.40034484863281,19843800,0.0,0.0
2021-01-20 00:00:00-05:00,120.20850276408332,120.51376958450035,118.132629825976,118.59490203857422,16028800,0.0,0.0
2021-01-21 00:00:00-05:00,118.35062889863684,118.76057022852488,117.15570089517382,117.60052490234375,13411700,0.0,0.0
2021-01-22 00:00:00-05:00,115.73400125933756,117.22547876008491,115.30661189073781,116.69342803955078,12933200,0.0,0.0
2021-01-25 00:00:00-05:00,115.25430255141536,116.15268147895432,113.44009669814476,115.23685455322266,14212800,0.0,0.0
2021-01-26 00:00:00-05:00,115.78635747383201,116.15268559532247,114.55653308166322,114.765869140625,11307800,0.0,0.0
2021-01-27 00:00:00-05:00,113.03015068977889,113.25693473036779,111.07639420207519,111.52122497558594,17603900,0.0,0.0
2021-01-28 00:00:00-05:00,113.30056338325811,115.28049236737476,112.5068589674551,113.48373413085938,13761800,0.0,0.0
2021-01-29 00:00:00-05:00,114.42570416358906,114.88797630626985,111.80906336701551,112.22772216796875,14808100,0.0,0.0
2021-02-01 00:00:00-05:00,112.86440928842399,113.44880398164975,112.06197455285893,113.0562973022461,11080700,0.0,0.0
2021-02-02 00:00:00-05:00,115.07985821190114,117.21677875310328,114.45186338957492,116.53645324707031,12253600,0.0,0.0
2021-02-03 00:00:00-05:00,116.57133060803424,118.41170165154475,116.4492212486558,117.87093353271484,10600800,0.0,0.0
2021-02-04 00:00:00-05:00,118.15877394020477,120.94113737082691,118.15877394020477,120.58352661132812,12419500,0.0,0.0
2021-02-05 00:00:00-05:00,121.57784676628552,121.6650734452593,119.82470231386276,120.3480224609375,10051300,0.0,0.0
2021-02-08 00:00:00-05:00,120.53989085116176,122.37154433954316,120.52244285642772,122.23198699951172,10136400,0.0,0.0
2021-02-09 00:00:00-05:00,121.61273602427363,122.09245616670742,120.83646645158018,121.74357604980469,8614800,0.0,0.0
2021-02-10 00:00:00-05:00,122.10987332998425,122.8686947125376,121.27254262836813,121.81332397460938,10323200,0.0,0.0
2021-02-11 00:00:00-05:00,121.8133377735669,122.58960723817187,120.55734823332482,121.47317504882812,9201000,0.0,0.0
2021-02-12 00:00:00-05:00,121.2812826122215,123.51414690978528,121.23766927803513,123.20014953613281,8324600,0.0,0.0
2021-02-16 00:00:00-05:00,125.20626061950978,126.75008236471368,124.20320702878242,126.16568756103516,12130600,0.0,0.0
2021-02-17 00:00:00-05:00,125.55513584037668,126.80240811744625,124.83119700845505,126.55818939208984,10810100,0.0,0.0
2021-02-18 00:00:00-05:00,125.59875640708802,127.16001287038884,125.07542293182257,126.9855728149414,10587800,0.0,0.0
2021-02-19 00:00:00-05:00,127.22105721532382,129.82024962837912,127.22105721532382,129.10504150390625,11969800,0.0,0.0
2021-02-22 00:00:00-05:00,128.10195373959684,130.99770807201065,128.03217508363193,130.3173828125,11488400,0.0,0.0
2021-02-23 00:00:00-05:00,132.14907687709675,132.84685041429984,130.47442837316328,131.3640899658203,16234400,0.0,0.0
2021-02-24 00:00:00-05:00,130.92793332777276,134.11150641139534,130.92793332777276,133.67539978027344,15061400,0.0,0.0
2021-02-25 00:00:00-05:00,134.55637095463845,135.10585637111618,131.34661857863202,131.86122131347656,18127700,0.0,0.0
2021-02-26 00:00:00-05:00,131.09374205841985,131.5908970237132,127.78804417086826,128.36370849609375,19829200,0.0,0.0
2021-03-01 00:00:00-05:00,130.41337712539013,132.03569490307837,129.50626755672417,131.2681427001953,14845500,0.0,0.0
2021-03-02 00:00:00-05:00,130.90182061852883,132.384581098645,130.69248456022447,130.84075927734375,14221700,0.0,0.0
2021-03-03 00:00:00-05:00,131.90485252595272,135.1756533653807,131.54725508228984,133.37017822265625,14324100,0.0,0.0
2021-03-04 00:00:00-05:00,133.10848999430613,134.6523114676596,129.6283536720471,131.32044982910156,20093900,0.0,0.0
2021-03-05 00:00:00-05:00,133.64058980057126,133.87609123597707,129.06146768294138,131.6257781982422,18465100,0.0,0.0
2021-03-08 00:00:00-05:00,132.98640212806907,135.5943254552518,131.4861937450043,133.37017822265625,17133300,0.0,0.0
2021-03-09 00:00:00-05:00,132.14032960310567,134.53891644408614,130.6750174848975,132.42816162109375,16238800,0.0,0.0
2021-03-10 00:00:00-05:00,132.49794448719862,136.20485154068749,132.14905113210608,135.3064727783203,14342200,0.0,0.0
2021-03-11 00:00:00-05:00,134.41682015769786,136.1961298039182,133.76266004661483,134.59999084472656,11771500,0.0,0.0
2021-03-12 00:00:00-05:00,136.81539860452136,137.48700666938183,135.2541424271099,136.1961212158203,12849500,0.0,0.0
2021-03-15 00:00:00-04:00,136.37060227841113,136.86775711193954,134.28601229767517,135.5158233642578,12101100,0.0,0.0
2021-03-16 00:00:00-04:00,134.39940972763037,134.8442472452134,132.74220897325014,133.89352416992188,12805600,0.0,0.0
2021-03-17 00:00:00-04:00,135.48962928243466,136.832845400384,133.49226640930502,135.27157592773438,13952400,0.0,0.0
2021-03-18 00:00:00-04:00,137.46087079166534,141.02822127623253,137.0334813298985,137.5044708251953,21898500,0.0,0.0
2021-03-19 00:00:00-04:00,135.63793083448013,136.01298959949708,131.86997503951997,135.31521606445312,54418800,0.0,0.0
2021-03-22 00:00:00-04:00,133.27422233295775,134.29471050692953,131.3640726833741,131.67807006835938,19944800,0.0,0.0
2021-03-23 00:00:00-04:00,131.1198597095322,132.68111605024924,129.92493144916907,130.3610382080078,17076300,0.0,0.0
2021-03-24 00:00:00-04:00,130.8320193876385,133.60565181037424,130.70991003523355,131.37278747558594,13079800,0.0,0.0
2021-03-25 00:00:00-04:00,130.83200558698724,133.42248036232317,130.24762422576907,133.05615234375,15608300,0.0,0.0
2021-03-26 00:00:00-04:00,134.5825331828065,135.58557329085963,133.0561596999044,135.27157592773438,16754400,0.0,0.0
2021-03-29 00:00:00-04:00,132.68113341844236,134.08539789808074,131.73914109897154,133.16957092285156,17570300,0.0,0.0
2021-03-30 00:00:00-04:00,134.7220977838104,135.95190865581202,134.21621237657428,134.73953247070312,13184300,0.0,0.0
2021-03-31 00:00:00-04:00,133.69289600937344,134.74828029340267,132.68112506597603,132.77706909179688,16736700,0.0,0.0
2021-04-01 00:00:00-04:00,132.48922972083804,134.1377127581581,132.18396297106602,134.0679473876953,16561500,0.0,0.0
2021-04-05 00:00:00-04:00,135.4629273681381,135.93670418932095,133.883706997016,134.77859497070312,13508000,0.9,0.0
2021-04-06 00:00:00-04:00,134.0504076213853,135.35766498439006,133.2344778959358,133.83106994628906,13071600,0.0,0.0
2021-04-07 00:00:00-04:00,134.3223927956188,136.19114061745248,133.9275742846724,135.9279327392578,16903500,0.0,0.0
2021-04-08 00:00:00-04:00,135.1119762217852,136.43677064972445,133.62925174335638,136.0946044921875,12335500,0.0,0.0
2021-04-09 00:00:00-04:00,136.70002503738237,137.77916276528865,135.96305358355912,137.1123809814453,12122400,0.0,0.0
2021-04-12 00:00:00-04:00,136.49821474598244,137.96338871440565,136.48944605897694,136.8228302001953,12273400,0.0,0.0
2021-04-13 00:00:00-04:00,135.7700030856245,136.1648081715784,133.73454330166422,135.19094848632812,16113600,0.0,0.0
2021-04-14 00:00:00-04:00,132.89230618237104,134.9628542854535,132.41852932679228,132.66419982910156,19939600,0.0,0.0
2021-04-15 00:00:00-04:00,132.6992782633799,133.53275865600241,131.0059980311169,133.50643920898438,17694100,0.0,0.0
2021-04-16 00:00:00-04:00,134.99797733364898,135.55948136847726,133.9627097080299,134.49789428710938,13773400,0.0,0.0
2021-04-19 00:00:00-04:00,134.60309958133996,135.00668666420881,133.5502817567453,133.9275360107422,11900200,0.0,0.0
2021-04-20 00:00:00-04:00,133.1292002477441,133.13796893532663,130.41817640610628,130.96214294433594,13716700,0.0,0.0
2021-04-21 00:00:00-04:00,129.66362582216289,132.13776068321081,128.78627531324767,132.0763397216797,12236700,0.0,0.0
2021-04-22 00:00:00-04:00,131.80437395241248,131.86579491895148,129.19864165749425,129.29515075683594,15256100,0.0,0.0
2021-04-23 00:00:00-04:00,129.12842336253323,132.59396809645844,128.6985302413448,131.76925659179688,14041900,0.0,0.0
2021-04-26 00:00:00-04:00,132.2869055074428,133.7608612886573,131.9359706671711,132.09388732910156,10799100,0.0,0.0
2021-04-27 00:00:00-04:00,132.04126682754392,132.980038406312,131.69910062507782,132.69927978515625,12821200,0.0,0.0
2021-04-28 00:00:00-04:00,133.73454947896698,134.13813665729336,132.83087940528182,133.55908203125,8943700,0.0,0.0
2021-04-29 00:00:00-04:00,134.7084301048687,136.2350252501555,134.410134058748,136.15606689453125,12976900,0.0,0.0
2021-04-30 00:00:00-04:00,135.19972113132627,135.54188730026488,134.2433988856152,134.94528198242188,11705100,0.0,0.0
2021-05-03 00:00:00-04:00,135.85771775938417,136.41043942007755,134.34867396747194,134.5504608154297,11801100,0.0,0.0
2021-05-04 00:00:00-04:00,134.12057592691917,136.55084072844346,133.4801137660702,136.41046142578125,12977700,0.0,0.0
2021-05-05 00:00:00-04:00,136.86669493301082,138.86705324950864,135.66472888324276,138.2002716064453,10506700,0.0,0.0
2021-05-06 00:00:00-04:00,138.68285146787127,141.09556623895622,137.88445900339394,140.98150634765625,13542400,0.0,0.0
2021-05-07 00:00:00-04:00,137.9370665099327,141.6921261187515,137.76159906216986,141.46401977539062,14257800,0.0,0.0
2021-05-10 00:00:00-04:00,141.6921139924855,143.6486019728522,141.3587164991532,141.4464569091797,14014300,0.0,0.0
2021-05-11 00:00:00-04:00,141.32364726184613,142.4729744953953,138.65649373321543,139.0951690673828,15451700,0.0,0.0
2021-05-12 00:00:00-04:00,140.03395103557267,141.06044978674913,137.77038453785931,138.1388702392578,14381700,0.0,0.0
2021-05-13 00:00:00-04:00,138.77929801896397,142.5255884659785,138.34062276152034,141.69210815429688,15395000,0.0,0.0
2021-05-14 00:00:00-04:00,142.47296811546823,144.28030826933596,142.12203321877266,143.89427185058594,10584000,0.0,0.0
2021-05-17 00:00:00-04:00,143.33275399402677,144.63124243714424,143.0344580222188,144.4733123779297,9886800,0.0,0.0
2021-05-18 00:00:00-04:00,144.48206572038978,145.20149951549706,142.3413418671293,142.43785095214844,11098100,0.0,0.0
2021-05-19 00:00:00-04:00,141.25346647086874,141.41138317517598,139.1829182281015,141.3499755859375,13278900,0.0,0.0
2021-05-20 00:00:00-04:00,141.104248046875,142.00791777010585,139.9549213146476,141.104248046875,10426000,0.0,0.0
2021-05-21 00:00:00-04:00,141.55172975430392,143.201153016663,141.20079490105186,142.7098388671875,10249000,0.0,0.0
2021-05-24 00:00:00-04:00,143.32398640305766,144.08727709772361,142.23606690147864,143.48190307617188,9440300,0.0,0.0
2021-05-25 00:00:00-04:00,143.7538923769107,145.3769828553027,141.7447521288418,141.9991912841797,12609100,0.0,0.0
2021-05-26 00:00:00-04:00,143.50828474931157,143.6574327871148,141.52546326334885,141.981689453125,13058300,0.0,0.0
2021-05-27 00:00:00-04:00,143.8416176712542,144.54350077737655,142.63088303518253,144.19256591796875,15707500,0.0,0.0
2021-05-28 00:00:00-04:00,144.4820617605507,144.7101814392377,143.23622576182467,144.09603881835938,10291300,0.0,0.0
2021-06-01 00:00:00-04:00,145.5261671908463,146.43861948386822,145.18400092779066,145.68409729003906,9445400,0.0,0.0
2021-06-02 00:00:00-04:00,146.7456740028099,146.90360409100737,145.22786103260006,145.69285583496094,10498600,0.0,0.0
2021-06-03 00:00:00-04:00,145.1225403803685,146.73686198688225,144.4645275463466,145.78932189941406,13354400,0.0,0.0
2021-06-04 00:00:00-04:00,145.82439726422868,146.2279708998338,144.78911696295327,146.02618408203125,8510800,0.0,0.0
2021-06-07 00:00:00-04:00,146.51756566041192,146.6053060845933,144.88569283672572,145.3419189453125,7267200,0.0,0.0
2021-06-08 00:00:00-04:00,144.31538870559413,145.42961420282356,143.148510932976,144.76283264160156,10370700,0.0,0.0
2021-06-09 00:00:00-04:00,144.00836950109343,144.07855917631048,142.37649636740397,142.95555114746094,12377400,0.0,0.0
2021-06-10 00:00:00-04:00,144.20133426786262,144.97340702152871,140.64806192858512,140.72702026367188,12119400,0.0,0.0
2021-06-11 00:00:00-04:00,140.75339804815496,141.42896198762048,139.5514316026212,140.6305694580078,13683800,0.0,0.0
2021-06-14 00:00:00-04:00,140.50767788611114,140.665607938259,137.4457331944729,138.24412536621094,19917900,0.0,0.0
2021-06-15 00:00:00-04:00,137.48088548675898,137.67390375874032,135.22610060015862,136.14730834960938,24485500,0.0,0.0
2021-06-16 00:00:00-04:00,135.75244929198993,138.28799189155134,134.33114565939294,137.10357666015625,25321200,0.0,0.0
2021-06-17 00:00:00-04:00,137.83180691062472,138.14765371320848,132.6992997154662,133.14674377441406,29722400,0.0,0.0
2021-06-18 00:00:00-04:00,130.98844277263288,131.33937764569436,129.4618479614702,129.77769470214844,43595700,0.0,0.0
2021-06-21 00:00:00-04:00,130.79544299458775,132.6554221808849,130.74280409494676,131.9798583984375,18664800,0.0,0.0
2021-06-22 00:00:00-04:00,132.1290162012494,132.4536316650738,130.42695376019716,131.78684997558594,14251200,0.0,0.0
2021-06-23 00:00:00-04:00,131.77805937952664,133.3923812943015,131.68155027661575,132.58522033691406,12733300,0.0,0.0
2021-06-24 00:00:00-04:00,133.2870844429515,134.3399023503989,132.67294177921602,133.80471801757812,13733200,0.0,0.0
2021-06-25 00:00:00-04:00,133.87491559355055,135.5506583367514,133.06775470378264,135.15585327148438,15484900,0.0,0.0
2021-06-28 00:00:00-04:00,134.84876941666292,135.53310173691733,133.46255401767664,135.40150451660156,14125800,0.0,0.0
2021-06-29 00:00:00-04:00,135.9893548810851,137.13868212552998,134.76983797603094,135.23483276367188,14528700,0.0,0.0
2021-06-30 00:00:00-04:00,134.89265258961402,136.9368810613514,134.85756445659138,136.46310424804688,12531000,0.0,0.0
2021-07-01 00:00:00-04:00,137.0948055545638,137.86687839814098,136.3578342333174,137.81423950195312,10479400,0.0,0.0
2021-07-02 00:00:00-04:00,137.61127537910568,137.9377749029148,136.8788764514139,137.68186950683594,11424000,0.9,0.0
2021-07-06 00:00:00-04:00,137.46126339014685,137.46126339014685,134.43461600070995,135.36996459960938,15083400,0.0,0.0
2021-07-07 00:00:00-04:00,134.13458963201415,136.13765589444844,133.7286902353244,135.52879333496094,12271800,0.0,0.0
2021-07-08 00:00:00-04:00,133.78162505773517,134.59343727062452,132.39624064812526,133.19041442871094,17834600,0.0,0.0
2021-07-09 00:00:00-04:00,135.0523070422969,137.78775890144348,134.63757494231,137.45245361328125,13694500,0.0,0.0
2021-07-12 00:00:00-04:00,136.19946361668232,140.44383719343915,135.83767368048547,139.4202423095703,19940400,0.0,0.0
2021-07-13 00:00:00-04:00,137.69951297544227,138.88193424752143,135.44937410042743,137.34654235839844,22671700,0.0,0.0
2021-07-14 00:00:00-04:00,137.61127465626654,138.784876777768,134.96405547032572,136.87887573242188,14622800,0.0,0.0
2021-07-15 00:00:00-04:00,135.80234396312886,138.12307717875615,135.62586537031598,137.1789093017578,11539300,0.0,0.0
2021-07-16 00:00:00-04:00,137.62007339610787,137.9024363714532,133.2609847240321,134.04632568359375,14002700,0.0,0.0
2021-07-19 00:00:00-04:00,131.08149028413274,132.20215032641758,128.57545901705512,129.68728637695312,22172900,0.0,0.0
2021-07-20 00:00:00-04:00,129.29020830059582,133.3492702522294,129.1225489059008,132.10508728027344,15385200,0.0,0.0
2021-07-21 00:00:00-04:00,134.16989652122658,135.58173869000836,133.56103394769963,134.8846435546875,12356700,0.0,0.0
2021-07-22 00:00:00-04:00,134.9022981436009,135.39644358575345,132.33449222335798,133.1815948486328,9913300,0.0,0.0
2021-07-23 00:00:00-04:00,133.6669231306897,134.8669964220075,132.581566984656,132.9257049560547,9666100,0.0,0.0
2021-07-26 00:00:00-04:00,132.5286041342421,134.09046705273036,132.51095223822455,133.81690979003906,8208000,0.0,0.0
2021-07-27 00:00:00-04:00,132.71389736117442,134.5581366948297,132.1844616788865,133.6404266357422,11218700,0.0,0.0
2021-07-28 00:00:00-04:00,134.38167003186203,134.80523481497434,133.13748719177391,133.86105346679688,9217300,0.0,0.0
2021-07-29 00:00:00-04:00,135.13171506791187,135.77586796753158,134.0463589698904,135.0081787109375,9063500,0.0,0.0
2021-07-30 00:00:00-04:00,134.6375684289838,135.59938816137955,133.4198433037231,133.931640625,9805200,0.0,0.0
2021-08-02 00:00:00-04:00,134.1522569571761,136.28767903704824,133.3051542709142,133.3933868408203,10203200,0.0,0.0
2021-08-03 00:00:00-04:00,134.08165336128764,135.29055931734123,131.93741221506667,134.91111755371094,10394800,0.0,0.0
2021-08-04 00:00:00-04:00,133.46394311651977,135.33464002711557,133.16392822792434,133.4551239013672,10155000,0.0,0.0
2021-08-05 00:00:00-04:00,134.37285936753747,135.61705575127223,134.1346058449287,135.1405487060547,9151500,0.0,0.0
2021-08-06 00:00:00-04:00,136.94064733660412,139.26138040886985,136.87005321094915,138.97900390625,13328800,0.0,0.0
2021-08-09 00:00:00-04:00,138.99665411431266,139.90553159133748,137.56714664996719,138.82899475097656,9516900,0.0,0.0
2021-08-10 00:00:00-04:00,138.3083739263378,141.1673618372012,137.92893220041265,140.5320281982422,8667000,0.0,0.0
2021-08-11 00:00:00-04:00,141.18503866108958,142.5086483985373,140.37322630452286,142.20863342285156,9156500,0.0,0.0
2021-08-12 00:00:00-04:00,142.84393790935846,143.27630838442684,141.670335900191,142.76451110839844,8844200,0.0,0.0
2021-08-13 00:00:00-04:00,142.76454253593573,143.09104209865234,140.8056124819098,141.16738891601562,8980900,0.0,0.0
2021-08-16 00:00:00-04:00,140.24966214819074,140.32907548523525,138.34366127241137,140.24082946777344,8755800,0.0,0.0
2021-08-17 00:00:00-04:00,139.04080509113436,140.1791036043597,137.01126735448594,138.54664611816406,9347200,0.0,0.0
2021-08-18 00:00:00-04:00,137.92895827473794,139.42904663635017,137.07302289001214,137.28480529785156,8065500,0.0,0.0
2021-08-19 00:00:00-04:00,135.14934359246888,137.26711319275807,135.0169745771691,136.13763427734375,9517700,0.0,0.0
2021-08-20 00:00:00-04:00,136.1994386103348,136.6847513779588,135.14937279850864,136.5259246826172,6974100,0.0,0.0
2021-08-23 00:00:00-04:00,137.06416378209656,138.61719392757308,136.98475045143914,138.27305603027344,7934600,0.0,0.0
2021-08-24 00:00:00-04:00,138.53778720555314,139.90551964474028,138.42307007949734,139.12899780273438,7670900,0.0,0.0
2021-08-25 00:00:00-04:00,139.87023869794103,142.7557115008101,139.24373767127554,141.99684143066406,11335000,0.0,0.0
2021-08-26 00:00:00-04:00,143.17928581107753,144.56467059481935,142.19981397562583,142.72926330566406,11027500,0.0,0.0
2021-08-27 00:00:00-04:00,142.72922708456065,143.97342326928566,142.29684312594244,143.87635803222656,8780200,0.0,0.0
2021-08-30 00:00:00-04:00,144.01752646913235,144.26459913594138,141.07911211267103,141.57325744628906,7937600,0.0,0.0
2021-08-31 00:00:00-04:00,141.5732683318009,142.39389972441805,140.61144870030827,141.14088439941406,12340800,0.0,0.0
2021-09-01 00:00:00-04:00,141.3791762905091,141.85566989564083,140.2761681203887,140.93797302246094,8729900,0.0,0.0
2021-09-02 00:00:00-04:00,141.20268139737863,142.60570439655254,140.6820513681176,141.5909423828125,8813300,0.0,0.0
2021-09-03 00:00:00-04:00,141.5291302892933,141.97033339057103,140.4349417509225,140.73497009277344,7959700,0.0,0.0
2021-09-07 00:00:00-04:00,141.17620621969866,142.40275058960086,140.2673286956069,140.48793029785156,9285600,0.0,0.0
2021-09-08 00:00:00-04:00,140.20555764814247,140.81442024143067,139.4555067940577,139.86141967773438,7852700,0.0,0.0
2021-09-09 00:00:00-04:00,139.6584787835529,141.9174372410717,139.4908193963308,140.4702911376953,7904300,0.0,0.0
2021-09-10 00:00:00-04:00,141.6791664782873,141.82035473081487,138.73193239515157,138.85546875,8311600,0.0,0.0
2021-09-13 00:00:00-04:00,139.887875616442,141.22913701958183,139.481976241257,141.0614776611328,10052800,0.0,0.0
2021-09-14 00:00:00-04:00,141.582087728084,142.36742879420936,137.88480318758363,138.5995635986328,11685600,0.0,0.0
2021-09-15 00:00:00-04:00,138.29073397946934,140.02907568843747,138.07013237644753,139.5614013671875,11691500,0.0,0.0
2021-09-16 00:00:00-04:00,140.66441677718925,141.9350842317079,138.73194447881332,139.4996337890625,10880900,0.0,0.0
2021-09-17 00:00:00-04:00,138.87309103754126,140.31140397707767,138.5377723753972,139.13780212402344,25581600,0.0,0.0
2021-09-20 00:00:00-04:00,135.79351659818047,136.3847272540793,132.79334030701713,134.97288513183594,15819900,0.0,0.0
2021-09-21 00:00:00-04:00,135.47583518041282,136.3758933566516,134.63755190675133,134.99050903320312,8999900,0.0,0.0
2021-09-22 00:00:00-04:00,136.94948947355948,138.75842553591713,136.86125690006335,137.5760040283203,11236200,0.0,0.0
2021-09-23 00:00:00-04:00,139.42024134599984,142.6939757222191,139.12904555530196,142.22628784179688,12336100,0.0,0.0
2021-09-24 00:00:00-04:00,142.4557113515801,144.35287999190146,141.90862361546894,143.8675537109375,10102400,0.0,0.0
2021-09-27 00:00:00-04:00,145.5970318922224,147.71480151578345,145.25289399178246,147.3441925048828,13220900,0.0,0.0
2021-09-28 00:00:00-04:00,147.97957362765158,149.39142947325993,146.17947021573335,146.55007934570312,13387900,0.0,0.0
2021-09-29 00:00:00-04:00,146.6647522408941,147.27360125780172,145.63232505501117,146.43531799316406,7777100,0.0,0.0
2021-09-30 00:00:00-04:00,147.2912854433882,147.35306035884318,143.64694243625956,144.4411163330078,13161200,0.0,0.0
2021-10-01 00:00:00-04:00,144.7146415713932,148.5089915737775,144.3616844167561,147.47657775878906,11285000,0.0,0.0
2021-10-04 00:00:00-04:00,147.33537040063734,150.3973211187617,146.24118182006316,147.31771850585938,14120000,0.0,0.0
2021-10-05 00:00:00-04:00,148.43628358822832,151.03730748793987,147.9569052119613,149.72348022460938,12292900,1.0,0.0
2021-10-06 00:00:00-04:00,149.1287059952723,150.11407982266005,147.36213099429037,150.04306030273438,8692600,0.0,0.0
2021-10-07 00:00:00-04:00,151.97830912279974,152.25350132856548,150.50468439031033,150.99293518066406,10195400,0.0,0.0
2021-10-08 00:00:00-04:00,150.930795361939,152.10258366508177,150.29163318001045,151.10833740234375,8190100,0.0,0.0
2021-10-11 00:00:00-04:00,151.6232009399624,152.0581768558747,147.77048358011973,147.93026733398438,12154700,0.0,0.0
2021-10-12 00:00:00-04:00,147.14020278889987,147.97466523143729,146.27023735853876,146.7939910888672,13032600,0.0,0.0
2021-10-13 00:00:00-04:00,145.64881024883354,146.83835656223067,142.5684084276848,142.92349243164062,22753500,0.0,0.0
2021-10-14 00:00:00-04:00,143.5892796203178,145.59552990274406,142.0890247015042,145.1161651611328,15176800,0.0,0.0
2021-10-15 00:00:00-04:00,146.7851289461052,148.40077914352787,145.7109772378225,147.90365600585938,14267400,0.0,0.0
2021-10-18 00:00:00-04:00,147.78827091600493,149.67912715550588,147.2822753372715,147.8504180908203,12672900,0.0,0.0
2021-10-19 00:00:00-04:00,148.60493659348077,149.71459117839504,147.8770102294829,149.64358520507812,8053900,0.0,0.0
2021-10-20 00:00:00-04:00,149.40392459490587,151.68536781410108,148.6582398221753,151.6587371826172,8185600,0.0,0.0
2021-10-21 00:00:00-04:00,151.58770430673212,152.09371335156658,149.7412372613683,150.46917724609375,8415200,0.0,0.0
2021-10-22 00:00:00-04:00,150.93967791683724,152.7683867931292,150.64672743486955,152.49319458007812,8817900,0.0,0.0
2021-10-25 00:00:00-04:00,153.31877236365895,153.54070329759966,151.33913868008358,151.74749755859375,10159200,0.0,0.0
2021-10-26 00:00:00-04:00,151.8007539480115,153.12346714829795,151.39239508259521,152.1558380126953,8015100,0.0,0.0
2021-10-27 00:00:00-04:00,151.19710061314262,151.5344263937014,148.55167434756933,148.98666381835938,9847000,0.0,0.0
2021-10-28 00:00:00-04:00,149.4039114616313,151.36577338497253,149.1020886342849,151.2326202392578,7212900,0.0,0.0
2021-10-29 00:00:00-04:00,151.96051081319317,152.90150915464721,150.37149161847853,150.8153533935547,8140100,0.0,0.0
2021-11-01 00:00:00-04:00,152.7239658757041,152.98141331145612,150.0341643863311,150.7354736328125,7435500,0.0,0.0
2021-11-02 00:00:00-04:00,150.73548797297835,152.41328523532852,149.95428677718738,151.33026123046875,7173800,0.0,0.0
2021-11-03 00:00:00-04:00,151.02843035912286,151.91615401764597,150.15845142094682,151.38351440429688,8402700,0.0,0.0
2021-11-04 00:00:00-04:00,150.9130022314699,151.09054423086027,147.7970974735724,149.39498901367188,9574200,0.0,0.0
2021-11-05 00:00:00-04:00,149.93653336546495,150.992926777002,148.61383367000195,149.18197631835938,7975600,0.0,0.0
2021-11-08 00:00:00-05:00,150.06971040212557,151.7297495658267,149.79451819269812,150.07858276367188,6413700,0.0,0.0
2021-11-09 00:00:00-05:00,148.5605613254457,149.5548074994686,147.89476857414357,148.94227600097656,7990300,0.0,0.0
2021-11-10 00:00:00-05:00,148.6493205405367,149.9809059981329,148.3297394888901,148.80023193359375,6999200,0.0,0.0
2021-11-11 00:00:00-05:00,148.7114899474693,149.74123922743578,148.16109199831212,148.7913818359375,5815300,0.0,0.0
2021-11-12 00:00:00-05:00,148.82689094078785,148.9067963781285,147.11359049383185,148.12559509277344,8113400,0.0,0.0
2021-11-15 00:00:00-05:00,148.43625080829239,148.95111851267316,147.36209942471726,147.85922241210938,6492500,0.0,0.0
2021-11-16 00:00:00-05:00,148.30311866476382,148.31200457091123,146.58093252515914,146.7939910888672,9706100,0.0,0.0
2021-11-17 00:00:00-05:00,146.66079595655594,146.97149103420946,145.04513278865247,146.00387573242188,9909600,0.0,0.0
2021-11-18 00:00:00-05:00,145.93293978793645,146.34129876552677,144.3084033318585,144.74339294433594,8122500,0.0,0.0
2021-11-19 00:00:00-05:00,143.1898479147129,143.90890200666547,141.54755350930802,142.85250854492188,12193600,0.0,0.0
2021-11-22 00:00:00-05:00,145.728745468124,147.3443957759963,144.6901102247224,145.8974151611328,14549900,0.0,0.0
2021-11-23 00:00:00-05:00,146.91825317693468,149.6346851771418,146.80284477640728,149.38612365722656,12354400,0.0,0.0
2021-11-24 00:00:00-05:00,149.54591023199765,150.4158754893731,147.75270492772154,148.21432495117188,9629800,0.0,0.0
2021-11-26 00:00:00-05:00,143.93554295679928,144.38827723904143,140.98830685004748,143.74911499023438,13619300,0.0,0.0
2021-11-29 00:00:00-05:00,144.97415243207675,146.2791073290915,141.8760054491083,143.127685546875,12104400,0.0,0.0
2021-11-30 00:00:00-05:00,141.29008174104402,142.59503642723206,140.5177530509904,140.99713134765625,18922600,0.0,0.0
2021-12-01 00:00:00-05:00,142.9235259138965,144.93866264967122,140.0828125800053,140.16270446777344,12253400,0.0,0.0
2021-12-02 00:00:00-05:00,141.88484631303896,144.9208590079809,140.97049220662012,143.1099090576172,12969900,0.0,0.0
2021-12-03 00:00:00-05:00,143.367375485278,143.6603259275297,139.54128856067402,140.5177764892578,12681800,0.0,0.0
2021-12-06 00:00:00-05:00,142.93236757846455,144.35273071316283,141.55640687710985,142.1778106689453,11186500,0.0,0.0
2021-12-07 00:00:00-05:00,143.7047139755295,145.0451718589263,143.06555184084783,144.31724548339844,9851600,0.0,0.0
2021-12-08 00:00:00-05:00,144.39708877202952,144.93860057764152,142.18665267130166,142.66603088378906,11705700,0.0,0.0
2021-12-09 00:00:00-05:00,141.72510042855387,142.8613858183416,140.8373766211828,142.4441680908203,11189600,0.0,0.0
2021-12-10 00:00:00-05:00,143.20757721722893,143.54490297320115,141.26346037186278,141.87599182128906,10405400,0.0,0.0
2021-12-13 00:00:00-05:00,141.59188995158678,141.84932379144144,139.62114281344142,140.1892852783203,12069000,0.0,0.0
2021-12-14 00:00:00-05:00,139.772075587176,142.82584688333145,139.63892246781506,141.26345825195312,12563600,0.0,0.0
2021-12-15 00:00:00-05:00,141.90263246789226,141.90263246789226,139.68332331791328,140.2070770263672,14014200,0.0,0.0
2021-12-16 00:00:00-05:00,142.38202200438985,143.65147410228406,140.88176659123778,142.3997802734375,19542800,0.0,0.0
2021-12-17 00:00:00-05:00,141.43216069625447,141.48542195634934,137.75697120262674,139.15957641601562,28082000,0.0,0.0
2021-12-20 00:00:00-05:00,137.16215380111586,137.33082343426116,134.79193366961897,136.65615844726562,15148000,0.0,0.0
2021-12-21 00:00:00-05:00,137.96112801307527,139.5323890332335,137.67704995901607,138.5647735595703,11291300,0.0,0.0
2021-12-22 00:00:00-05:00,138.26297313566954,139.42588907307973,137.8102389026166,139.10630798339844,7273000,0.0,0.0
2021-12-23 00:00:00-05:00,139.91411749249906,141.2545752554857,139.5590334698338,139.60340881347656,8055200,0.0,0.0
2021-12-27 00:00:00-05:00,139.90528160559214,140.4379077784434,138.78674090598219,140.40240478515625,6188100,0.0,0.0
2021-12-28 00:00:00-05:00,140.43786017165635,142.16891835139822,140.33133768231414,140.82846069335938,6342300,0.0,0.0
2021-12-29 00:00:00-05:00,141.01489370842265,141.7073170054263,140.3934763764977,140.7574462890625,6398900,0.0,0.0
2021-12-30 00:00:00-05:00,141.24571740501003,142.2488495131852,140.58879699545278,140.6864471435547,6948200,0.0,0.0
2021-12-31 00:00:00-05:00,140.65980915922302,141.40549377176825,140.2248332413656,140.571044921875,5805900,0.0,0.0
2022-01-03 00:00:00-05:00,141.91151349183633,144.37938433363047,141.60080477363516,143.544921875,13120900,0.0,0.0
2022-01-04 00:00:00-05:00,145.8618727353667,149.65245656485683,145.7908532169364,148.98666381835938,20195800,0.0,0.0
2022-01-05 00:00:00-05:00,149.87078709434957,150.35302529770058,146.2182234519516,146.26287841796875,17539400,1.0,0.0
2022-01-06 00:00:00-05:00,149.0581041320163,149.4688970905359,146.3432404311652,147.8167724609375,14047500,0.0,0.0
2022-01-07 00:00:00-05:00,147.95074553516426,149.61180957837593,147.40598760629422,149.28138732910156,13913300,0.0,0.0
2022-01-10 00:00:00-05:00,150.9870836967746,151.20140571744204,147.82569762411396,149.42425537109375,12922500,0.0,0.0
2022-01-11 00:00:00-05:00,150.26373034449165,150.49593074021448,148.5222955104893,149.5760955810547,11854100,0.0,0.0
2022-01-12 00:00:00-05:00,150.44234896632423,151.45148043118525,149.299238964396,150.4244842529297,12568000,0.0,0.0
2022-01-13 00:00:00-05:00,150.33517395982636,151.6479510421781,149.93330648348643,150.2369384765625,13623400,0.0,0.0
2022-01-14 00:00:00-05:00,143.5658722630873,143.80699816639134,140.11871890717197,141.00283813476562,40158400,0.0,0.0
2022-01-18 00:00:00-05:00,139.1185396382745,139.1185396382745,134.43897924786577,135.09091186523438,32324800,0.0,0.0
2022-01-19 00:00:00-05:00,135.35882662442782,135.9482259220611,132.6618271194621,133.0011749267578,22380000,0.0,0.0
2022-01-20 00:00:00-05:00,133.0547248749371,134.50145282089997,131.59905776149859,131.86697387695312,14860800,0.0,0.0
2022-01-21 00:00:00-05:00,131.72410930711447,131.73303484956145,128.83957838998995,129.5629425048828,20705400,0.0,0.0
2022-01-24 00:00:00-05:00,127.06241044703916,129.92015102305317,124.64226671968898,129.44683837890625,28471400,0.0,0.0
2022-01-25 00:00:00-05:00,128.28592069832854,131.1436758648252,125.73181121635305,130.85789489746094,18915900,0.0,0.0
2022-01-26 00:00:00-05:00,132.81360533644312,134.4657434381481,130.34880693573797,132.0991668701172,20709100,0.0,0.0
2022-01-27 00:00:00-05:00,133.43875583246762,134.29608485842846,128.71455471405014,129.76834106445312,17536800,0.0,0.0
2022-01-28 00:00:00-05:00,128.76815413496857,131.06327258148758,126.9641995118646,130.9293212890625,14117000,0.0,0.0
2022-01-31 00:00:00-05:00,130.063047992457,132.8761337453502,129.19679342056898,132.7064666748047,13985700,0.0,0.0
2022-02-01 00:00:00-05:00,132.7868362494526,135.26949975485968,132.4385493152921,134.9837188720703,14584900,0.0,0.0
2022-02-02 00:00:00-05:00,134.4032401062111,134.79618199179012,132.23314782010237,133.90313720703125,12441100,0.0,0.0
2022-02-03 00:00:00-05:00,133.9567220918846,135.43024058418234,132.42960946425285,132.79576110839844,12474900,0.0,0.0
2022-02-04 00:00:00-05:00,133.15297746399662,137.0823689070362,132.85827106175142,136.24290466308594,16654400,0.0,0.0
2022-02-07 00:00:00-05:00,136.876955200901,137.1895126474918,134.71578881658905,136.69834899902344,12572300,0.0,0.0
2022-02-08 00:00:00-05:00,138.42193492799018,141.52972681281014,138.24332870505225,139.27032470703125,20411400,0.0,0.0
2022-02-09 00:00:00-05:00,139.84187565059872,140.59202997831702,139.15424099691444,139.85081481933594,9131100,0.0,0.0
2022-02-10 00:00:00-05:00,139.9043924692594,142.0209041459754,138.61840586125626,139.27032470703125,16455600,0.0,0.0
2022-02-11 00:00:00-05:00,138.96669101162917,141.27074805076114,136.6090534689701,137.4574432373047,16830000,0.0,0.0
2022-02-14 00:00:00-05:00,136.394726691121,137.24311651458467,134.2424991078371,136.18040466308594,17026500,0.0,0.0
2022-02-15 00:00:00-05:00,137.98434485810958,139.26140598689534,137.39494565622124,138.17189025878906,9500000,0.0,0.0
2022-02-16 00:00:00-05:00,137.29671969229446,139.40430607642196,137.29671969229446,138.4219512939453,9076500,0.0,0.0
2022-02-17 00:00:00-05:00,136.63585149548837,137.28777037013128,134.55505552050664,135.2337646484375,11367500,0.0,0.0
2022-02-18 00:00:00-05:00,135.85890282723932,137.65391787767504,134.9658580729721,135.86782836914062,11733300,0.0,0.0
2022-02-22 00:00:00-05:00,134.49256703445266,136.8502050191361,134.32288632361673,135.62672424316406,11333500,0.0,0.0
2022-02-23 00:00:00-05:00,136.74300096302238,136.90375609595887,132.14382617982338,132.7868194580078,11799000,0.0,0.0
2022-02-24 00:00:00-05:00,127.65181234765235,129.4825567187557,124.82978780865857,129.08961486816406,25655100,0.0,0.0
2022-02-25 00:00:00-05:00,129.71476157639572,134.07282470800104,129.41112960457934,132.1438446044922,18367700,0.0,0.0
2022-02-28 00:00:00-05:00,128.19657926061055,129.54507195558378,125.8121513636117,126.63375091552734,31315300,0.0,0.0
2022-03-01 00:00:00-05:00,125.0619688482936,125.45491068104482,119.29290794535207,121.85594177246094,36840400,0.0,0.0
2022-03-02 00:00:00-05:00,122.60609128513316,125.06196401819835,121.99882747744763,124.38325500488281,19405600,0.0,0.0
2022-03-03 00:00:00-05:00,124.88339837713274,125.90146904114475,122.40073458898442,123.49917602539062,16640800,0.0,0.0
2022-03-04 00:00:00-05:00,120.50748994997956,120.93614771836491,118.23914810425485,120.02523803710938,21016000,0.0,0.0
2022-03-07 00:00:00-05:00,118.03374810424333,118.49813528862029,115.15814230682167,115.39034271240234,27560100,0.0,0.0
2022-03-08 00:00:00-05:00,115.77432104478272,117.6943618098846,113.65780253080845,114.57764434814453,19207800,0.0,0.0
2022-03-09 00:00:00-05:00,118.68563306624881,120.7753679833972,118.27484014255963,119.16788482666016,17536200,0.0,0.0
2022-03-10 00:00:00-05:00,117.75688934326172,119.17682732256186,116.38160632987554,117.75688934326172,15604200,0.0,0.0
2022-03-11 00:00:00-05:00,118.31953590357269,119.73947417051845,114.68483624503466,115.10456848144531,20061800,0.0,0.0
2022-03-14 00:00:00-04:00,115.61358832625403,118.70351577067235,115.40817820648917,116.24764251708984,15786900,0.0,0.0
2022-03-15 00:00:00-04:00,117.70331343810263,119.26614191873468,117.10497502644601,118.31057739257812,15096600,0.0,0.0
2022-03-16 00:00:00-04:00,120.44494974619396,123.67778124022901,120.05200784760983,123.59739685058594,20354900,0.0,0.0
2022-03-17 00:00:00-04:00,122.22207622823267,125.19591618015605,121.38261218076876,125.16018676757812,17050500,0.0,0.0
2022-03-18 00:00:00-04:00,125.19594845660704,125.78536127509352,123.65098482037587,125.1155776977539,23656500,0.0,0.0
2022-03-21 00:00:00-04:00,125.33884159458447,125.70497960174266,123.89209977010354,124.71369934082031,12676100,0.0,0.0
2022-03-22 00:00:00-04:00,127.05351603430034,128.5359603787463,126.56233855867731,127.36607360839844,13548600,0.0,0.0
2022-03-23 00:00:00-04:00,125.90144682726317,126.44620467756982,124.31182823983359,124.82979583740234,12093200,0.0,0.0
2022-03-24 00:00:00-04:00,125.29418439702289,125.6603360244383,124.23145893670015,125.64247131347656,10017600,0.0,0.0
2022-03-25 00:00:00-04:00,125.99969217415911,127.86615260405861,125.74071516846267,126.74092102050781,8383500,0.0,0.0
2022-03-28 00:00:00-04:00,125.0262552566839,125.89250968681907,123.15085597712147,125.8031997680664,10818100,0.0,0.0
2022-03-29 00:00:00-04:00,128.01800538359615,128.24126663217112,125.24063490625224,126.08008575439453,11316500,0.0,0.0
2022-03-30 00:00:00-04:00,126.72304051164178,126.91951144048559,124.94589023725602,125.50849914550781,8771000,0.0,0.0
2022-03-31 00:00:00-04:00,124.87447384198948,125.33886101976842,121.68629691009977,121.7398910522461,17353900,0.0,0.0
2022-04-01 00:00:00-04:00,122.70437424245479,122.71331341335646,119.48942050516762,120.8379135131836,15721300,0.0,0.0
2022-04-04 00:00:00-04:00,119.77517554628453,122.29356866138258,118.67673415386987,121.37373352050781,17416400,0.0,0.0
2022-04-05 00:00:00-04:00,120.61800754372815,121.81454906414928,119.6643517891317,119.96124267578125,12110300,1.0,0.0
2022-04-06 00:00:00-04:00,118.37783386541516,119.2595010626264,117.82004637523085,118.29686737060547,12914700,0.0,0.0
2022-04-07 00:00:00-04:00,117.81106686369151,118.68374255161295,115.81381051894255,117.93701934814453,12994200,0.0,0.0
2022-04-08 00:00:00-04:00,118.4587882783903,120.46503568040909,118.29685530528678,120.09618377685547,13126900,0.0,0.0
2022-04-11 00:00:00-04:00,119.65534973144531,121.36470637935095,119.26850067879445,119.65534973144531,10466400,0.0,0.0
2022-04-12 00:00:00-04:00,118.8816544171002,121.07683777078546,117.58613547211941,118.34185028076172,12989900,0.0,0.0
2022-04-13 00:00:00-04:00,114.20339536868362,116.28161783135096,113.36670724435488,114.52727508544922,30838000,0.0,0.0
2022-04-14 00:00:00-04:00,113.80753769886891,115.42693623777015,112.47603147089522,113.46566772460938,18835200,0.0,0.0
2022-04-18 00:00:00-04:00,113.06082848906898,116.2726371281174,112.9438745829109,115.5708999633789,11834400,0.0,0.0
2022-04-19 00:00:00-04:00,115.56187205951827,118.14391783420001,115.36394482305381,117.96397399902344,15015400,0.0,0.0
2022-04-20 00:00:00-04:00,119.2235401973993,120.1141992428093,118.16192897732081,118.37785339355469,13430200,0.0,0.0
2022-04-21 00:00:00-04:00,118.95362066631145,119.48441933462189,116.92038419079994,117.46017456054688,12174200,0.0,0.0
2022-04-22 00:00:00-04:00,117.2082619483367,117.42418631873424,113.978470459945,114.08642578125,14318800,0.0,0.0
2022-04-25 00:00:00-04:00,113.3667283500431,114.36535651867105,110.7576998632124,114.05046844482422,17149000,0.0,0.0
2022-04-26 00:00:00-04:00,112.1341708426179,113.7265806825748,110.5417678665557,110.67671203613281,17209500,0.0,0.0
2022-04-27 00:00:00-04:00,110.05595687808226,111.16254033859113,109.05732876168437,109.23725891113281,17215200,0.0,0.0
2022-04-28 00:00:00-04:00,110.48777099700061,111.24349258171682,108.98533325639397,110.96459197998047,13015600,0.0,0.0
2022-04-29 00:00:00-04:00,110.70371329607225,111.2075231915258,106.97010445653474,107.38394927978516,14874800,0.0,0.0
2022-05-02 00:00:00-04:00,107.85176220134701,108.59848527575916,106.35832291641712,108.36457061767578,18545000,0.0,0.0
2022-05-03 00:00:00-04:00,109.33621052814826,111.71132393191763,108.66146224607981,110.68570709228516,15720900,0.0,0.0
2022-05-04 00:00:00-04:00,110.47880540001128,114.61726080419052,110.42482086155852,114.34735870361328,17128500,0.0,0.0
2022-05-05 00:00:00-04:00,112.68296736106554,113.44768073684472,109.90300762862368,111.48641204833984,15055400,0.0,0.0
2022-05-06 00:00:00-04:00,111.3784552068824,111.81928883996807,109.02133201335472,111.30648040771484,14417900,0.0,0.0
2022-05-09 00:00:00-04:00,109.85802615810769,110.95561788152929,108.40956584951297,109.63311004638672,14312300,0.0,0.0
2022-05-10 00:00:00-04:00,110.75767460345868,111.36044804845142,105.76453489907055,106.96109008789062,16382400,0.0,0.0
2022-05-11 00:00:00-04:00,107.32996808715706,110.5597600613588,106.10642392643965,106.2863540649414,14630300,0.0,0.0
2022-05-12 00:00:00-04:00,105.26075155481875,106.44830847729165,103.7943008203994,106.19640350341797,16318800,0.0,0.0
2022-05-13 00:00:00-04:00,107.42892855325138,108.18464334933826,106.12441106396625,107.14102935791016,10443200,0.0,0.0
2022-05-16 00:00:00-04:00,106.64622256963487,107.47391219955917,105.46766436041887,106.39431762695312,10269000,0.0,0.0
2022-05-17 00:00:00-04:00,108.89538074384784,110.63173332545871,108.68845490994003,109.9209976196289,11160200,0.0,0.0
2022-05-18 00:00:00-04:00,109.12930286786727,109.73207641494254,107.53689291348013,108.04070281982422,12664900,0.0,0.0
2022-05-19 00:00:00-04:00,106.33133757266812,107.64484677226233,105.82752084150299,106.43929290771484,12765800,0.0,0.0
2022-05-20 00:00:00-04:00,107.47391091670589,107.66283962146207,103.47939869073286,105.56661987304688,13150100,0.0,0.0
2022-05-23 00:00:00-04:00,108.3735873694096,113.87053814149735,108.36458880230938,112.09819793701172,24376700,0.0,0.0
2022-05-24 00:00:00-04:00,111.88225852866964,114.69820545840763,110.75767809706423,113.68158721923828,19324900,0.0,0.0
2022-05-25 00:00:00-04:00,113.60962768471744,115.03109918853824,112.61099957820115,114.47330474853516,12780400,0.0,0.0
2022-05-26 00:00:00-04:00,115.48992050790858,117.12731638851099,115.34598462970914,116.45256805419922,15990900,0.0,0.0
2022-05-27 00:00:00-04:00,117.10031005362546,118.09893798828125,116.18264861231768,118.09893798828125,11177800,0.0,0.0
2022-05-31 00:00:00-04:00,117.11830126017365,119.79030554101354,116.69547163525124,118.96261596679688,17015000,0.0,0.0
2022-06-01 00:00:00-04:00,119.53840326835602,119.53840326835602,115.75981557079469,116.87540435791016,10768000,0.0,0.0
2022-06-02 00:00:00-04:00,116.8664059607439,118.76469848955854,115.75982253673612,118.75570678710938,8374800,0.0,0.0
2022-06-03 00:00:00-04:00,118.04495387066719,118.54876366099852,116.94736237267942,117.10030364990234,8596000,0.0,0.0
2022-06-06 00:00:00-04:00,117.93702242402983,119.10658908319185,116.47057854417884,116.7134780883789,11323500,0.0,0.0
2022-06-07 00:00:00-04:00,115.9037518561501,117.24425658710912,115.71481631546675,117.01934051513672,6722200,0.0,0.0
2022-06-08 00:00:00-04:00,116.05671554803848,116.46156181020615,114.16742155143083,115.15705108642578,8422100,0.0,0.0
2022-06-09 00:00:00-04:00,114.5902439662146,115.24700192305951,112.70094345162501,112.73693084716797,13560100,0.0,0.0
2022-06-10 00:00:00-04:00,110.28983623405601,111.01856893819715,107.34793718010982,107.55486297607422,12945200,0.0,0.0
2022-06-13 00:00:00-04:00,105.13478418220184,106.11541510077954,103.5153854881623,104.3520736694336,16805600,0.0,0.0
2022-06-14 00:00:00-04:00,103.9562198694619,105.5486227715406,101.86000025675558,102.61571502685547,13357900,0.0,0.0
2022-06-15 00:00:00-04:00,104.01921284158428,105.21576142015323,101.81503067958737,103.83028411865234,14083500,0.0,0.0
2022-06-16 00:00:00-04:00,102.43579856810567,102.79566573403068,100.64546816909525,102.04894256591797,16724900,0.0,0.0
2022-06-17 00:00:00-04:00,102.14790244652868,103.12853340206972,100.9063679768972,101.68907165527344,30919900,0.0,0.0
2022-06-21 00:00:00-04:00,104.24410965072114,105.28771671693652,103.49738660044214,104.20812225341797,11680500,0.0,0.0
2022-06-22 00:00:00-04:00,103.35342714054768,104.54098368255919,102.91259357750003,103.62332916259766,9842700,0.0,0.0
2022-06-23 00:00:00-04:00,103.47040676802952,103.62334807194982,100.29459246666248,102.4897689819336,11851500,0.0,0.0
2022-06-24 00:00:00-04:00,101.86901293123852,105.99846963384918,101.50914576348947,105.54863739013672,14841100,0.0,0.0
2022-06-27 00:00:00-04:00,106.21436290359,106.61021738399344,104.03717698915855,104.70292663574219,11280500,0.0,0.0
2022-06-28 00:00:00-04:00,105.86351266245697,107.32097152150932,104.00120755228201,104.19913482666016,11590900,0.0,0.0
2022-06-29 00:00:00-04:00,104.36106264162848,105.09878712022906,103.2184919586827,103.7313003540039,9338400,0.0,0.0
2022-06-30 00:00:00-04:00,101.8150205098198,102.63371842464491,99.79977413594268,101.31121063232422,15172600,0.0,0.0
2022-07-01 00:00:00-04:00,101.34721113837712,102.93961434360797,100.00671290446905,102.60674285888672,10573600,0.0,0.0
2022-07-05 00:00:00-04:00,100.53733879955958,102.29812862202492,99.20313957412496,102.21644592285156,12514200,1.0,0.0
2022-07-06 00:00:00-04:00,101.40866278810402,102.55226212775857,100.55549544060081,101.55387878417969,10656200,0.0,0.0
2022-07-07 00:00:00-04:00,103.01516634766683,104.28583938797875,102.92440547148976,104.12246704101562,10347400,0.0,0.0
2022-07-08 00:00:00-04:00,104.52180077606447,104.96653382112312,103.11498326107487,103.79570007324219,8807800,0.0,0.0
2022-07-11 00:00:00-04:00,103.0605421638434,103.67772576789007,101.85340252400628,102.43428039550781,7939500,0.0,0.0
2022-07-12 00:00:00-04:00,102.18013881541624,104.53995584050604,101.88969990347611,102.53411102294922,11250900,0.0,0.0
2022-07-13 00:00:00-04:00,101.42679858317288,102.08936595184173,100.18335345891364,101.572021484375,12979900,0.0,0.0
2022-07-14 00:00:00-04:00,98.01416859969322,98.23200302266923,96.26245659810957,98.02324676513672,26204800,0.0,0.0
2022-07-15 00:00:00-04:00,99.07607744194745,103.36004991253749,97.72371490368113,102.51596069335938,18863900,0.0,0.0
2022-07-18 00:00:00-04:00,104.16783066308354,105.13898645536467,101.00930825951559,101.46311950683594,13977900,0.0,0.0
2022-07-19 00:00:00-04:00,102.67932586933533,104.32212722206869,102.26182037087447,103.97722625732422,11862300,0.0,0.0
2022-07-20 00:00:00-04:00,103.55974263537165,104.14062057546926,102.99702102599593,103.95909881591797,11667500,0.0,0.0
2022-07-21 00:00:00-04:00,103.86832499748431,104.85763023564225,102.89716916317614,104.66703033447266,11595900,0.0,0.0
2022-07-22 00:00:00-04:00,104.59441499315257,105.51111565732424,103.16944794470042,104.15876007080078,7645500,0.0,0.0
2022-07-25 00:00:00-04:00,105.13897726407328,105.7017056544162,104.16782155669097,104.57625579833984,9394000,0.0,0.0
2022-07-26 00:00:00-04:00,103.99538075375946,104.90300319303206,102.5885632030431,102.94253540039062,10675100,0.0,0.0
2022-07-27 00:00:00-04:00,103.47804952091771,105.048232664598,102.83363833728244,104.59442138671875,9337400,0.0,0.0
2022-07-28 00:00:00-04:00,104.60349583569682,105.26606332469507,103.04238398730452,104.20413970947266,10384800,0.0,0.0
2022-07-29 00:00:00-04:00,104.91206499934648,105.73800466863919,104.18597126797533,104.70331573486328,12944500,0.0,0.0
2022-08-01 00:00:00-04:00,103.92277250369129,104.47642276270157,102.62487209849485,103.65956115722656,14740400,0.0,0.0
2022-08-02 00:00:00-04:00,103.39636977553488,103.83203169078001,101.898791030432,102.04401397705078,14942900,0.0,0.0
2022-08-03 00:00:00-04:00,102.96977493279545,103.55973097180934,101.39051364380984,103.11499786376953,14394500,0.0,0.0
2022-08-04 00:00:00-04:00,102.42519419130576,102.85177785946334,100.76424341194704,101.98046112060547,18033900,0.0,0.0
2022-08-05 00:00:00-04:00,102.13475961702619,105.45666131685763,101.69910469139563,105.0663833618164,14174600,0.0,0.0
2022-08-08 00:00:00-04:00,105.51111281209211,105.91954015635945,103.63233456416441,103.78662872314453,10332500,0.0,0.0
2022-08-09 00:00:00-04:00,104.14967405464242,105.27512393124417,103.80478002339936,104.72147369384766,10233800,0.0,0.0
2022-08-10 00:00:00-04:00,107.06314461138093,108.34289560451963,106.64563911049727,107.45342254638672,12847300,0.0,0.0
2022-08-11 00:00:00-04:00,108.8239358511279,110.00384091075784,108.28843499148952,109.04176330566406,11684900,0.0,0.0
2022-08-12 00:00:00-04:00,109.52281045751785,110.95685573547384,108.40643860888144,110.84793853759766,9906700,0.0,0.0
2022-08-15 00:00:00-04:00,109.94939940218362,111.38344474851088,109.45928237528908,111.1474609375,8456200,0.0,0.0
2022-08-16 00:00:00-04:00,110.99315503303534,112.76301611709646,110.61195524948526,112.20936584472656,9555000,0.0,0.0
2022-08-17 00:00:00-04:00,111.00223745622554,111.78279338084268,110.44858716261082,111.26544189453125,8149300,0.0,0.0
2022-08-18 00:00:00-04:00,110.9477856809423,111.15654192764482,109.4139081819101,110.40321350097656,9531800,0.0,0.0
2022-08-19 00:00:00-04:00,109.47741530420994,109.81323115715739,107.1992811637235,107.6712417602539,13464500,0.0,0.0
2022-08-22 00:00:00-04:00,105.96493018976378,106.33705875021747,104.8304020292738,105.89231872558594,8967600,0.0,0.0
2022-08-23 00:00:00-04:00,105.91047248431808,106.4550446032187,104.72148229223701,104.84854888916016,7607000,0.0,0.0
2022-08-24 00:00:00-04:00,104.63979462581788,105.65633427758321,103.87738815584142,105.1026840209961,9771300,0.0,0.0
2022-08-25 00:00:00-04:00,105.4294383676452,107.77109927585279,104.99377649832141,107.5986557006836,10758900,0.0,0.0
2022-08-26 00:00:00-04:00,108.42459276988279,108.90563163020595,104.01354646921996,104.07707977294922,11276200,0.0,0.0
2022-08-29 00:00:00-04:00,103.46897239478419,104.24952835453824,102.97885537880298,103.82294464111328,8117300,0.0,0.0
2022-08-30 00:00:00-04:00,104.37657359174625,104.90299623350649,102.88807344405878,103.84107971191406,10745400,0.0,0.0
2022-08-31 00:00:00-04:00,103.90464736833052,104.40383568715573,102.86995114333335,103.22393035888672,10738300,0.0,0.0
2022-09-01 00:00:00-04:00,102.82456123998635,104.04077215351198,101.57204459290033,103.9318618774414,9979800,0.0,0.0
2022-09-02 00:00:00-04:00,105.16620958271466,106.60024770658246,102.73378128293912,103.20574188232422,10666600,0.0,0.0
2022-09-06 00:00:00-04:00,103.76848735316932,104.14968716060882,101.71725846017837,103.23298645019531,9751900,0.0,0.0
2022-09-07 00:00:00-04:00,102.67934012915696,105.38405846824777,102.34352420582832,105.1934585571289,10647900,0.0,0.0
2022-09-08 00:00:00-04:00,104.63073610193857,107.81649348502353,104.04078000512858,107.64404296875,11435000,0.0,0.0
2022-09-09 00:00:00-04:00,108.134134129783,108.96007385247263,107.70755048616172,108.16136169433594,9299700,0.0,0.0
2022-09-12 00:00:00-04:00,109.4774296937704,110.32151890539954,108.72410134825628,109.44112396240234,8614600,0.0,0.0
2022-09-13 00:00:00-04:00,107.16299743006753,107.93447523588812,105.08454089699559,105.63819122314453,12904600,0.0,0.0
2022-09-14 00:00:00-04:00,105.91955089744567,106.95424007081796,104.26767810095566,105.39313507080078,9345700,0.0,0.0
2022-09-15 00:00:00-04:00,105.39314383368516,108.35198866514635,105.0663991281257,106.98148345947266,10821400,0.0,0.0
2022-09-16 00:00:00-04:00,106.54580319895298,106.55488136271414,104.71240882197272,106.26444244384766,14844100,0.0,0.0
2022-09-19 00:00:00-04:00,105.28420681805444,107.76201921499737,104.8394737453862,107.24467468261719,8201300,0.0,0.0
2022-09-20 00:00:00-04:00,106.56395850778968,106.81809169379223,104.04984036495728,105.12991333007812,9619000,0.0,0.0
2022-09-21 00:00:00-04:00,105.77433138429497,105.82878652068666,102.03492403576533,102.09845733642578,12606300,0.0,0.0
2022-09-22 00:00:00-04:00,102.90623032805375,103.10590837390453,100.80962469584004,100.93669128417969,11684500,0.0,0.0
2022-09-23 00:00:00-04:00,99.88386218933628,100.1470666293607,97.26083363178914,99.05792236328125,18138600,0.0,0.0
2022-09-26 00:00:00-04:00,98.02324082588356,99.48451376623828,96.26245076554312,96.92501831054688,15753600,0.0,0.0
2022-09-27 00:00:00-04:00,97.79632248042036,98.17752226112906,94.98269416984998,96.07183837890625,12793600,0.0,0.0
2022-09-28 00:00:00-04:00,96.16260926812394,98.68580584898338,95.88124848511528,98.01416015625,12762600,0.0,0.0
2022-09-29 00:00:00-04:00,97.07021846318578,97.36973553422631,94.75578536555122,96.35320281982422,12713900,0.0,0.0
2022-09-30 00:00:00-04:00,96.26243885307524,97.67833464296756,94.75578912392284,94.84654998779297,15973400,0.0,0.0
2022-10-03 00:00:00-04:00,95.86309879751497,98.34998271238987,94.81025328743597,97.77818298339844,12248100,0.0,0.0
2022-10-04 00:00:00-04:00,100.3921238672329,102.5522628939969,99.71140700180528,102.35258483886719,16013600,0.0,0.0
2022-10-05 00:00:00-04:00,100.5027998233193,101.60168868963162,99.66031789337549,101.08887481689453,10943500,1.0,0.0
2022-10-06 00:00:00-04:00,100.23723052388458,100.90572600519454,98.84530420211476,99.02845001220703,11521400,0.0,0.0
2022-10-07 00:00:00-04:00,98.46068361891038,98.63467702343239,96.40026188286828,97.05044555664062,11681100,0.0,0.0
2022-10-10 00:00:00-04:00,97.73725002819839,98.26837563973788,95.71345192116682,96.14385223388672,8931700,0.0,0.0
2022-10-11 00:00:00-04:00,95.57609206806305,95.73176668930427,93.26841597322337,93.36914825439453,12739700,0.0,0.0
2022-10-12 00:00:00-04:00,93.22264195688732,95.90576927707119,92.74645167540932,94.88013458251953,13181000,0.0,0.0
2022-10-13 00:00:00-04:00,93.38746826449699,100.64015068566272,93.18600369948167,100.1548080444336,22398700,0.0,0.0
2022-10-14 00:00:00-04:00,102.52658356155584,105.53021942862705,101.39106421861624,101.82146453857422,33387100,0.0,0.0
2022-10-17 00:00:00-04:00,105.68589515970226,107.1510824539226,104.68773173058194,106.09797668457031,22276300,0.0,0.0
2022-10-18 00:00:00-04:00,109.57781264769982,110.0173653829019,107.10530231257025,108.82689666748047,21539700,0.0,0.0
2022-10-19 00:00:00-04:00,108.04851008724987,108.81773780803796,105.92398669571581,106.6932144165039,17072000,0.0,0.0
2022-10-20 00:00:00-04:00,107.28845894082309,108.70785647438998,105.90568498102753,106.3452377319336,12207400,0.0,0.0
2022-10-21 00:00:00-04:00,106.64741137379906,112.07776674873014,106.52836731857221,111.9312515258789,20593300,0.0,0.0
2022-10-24 00:00:00-04:00,111.78474069797399,112.72795481078448,111.10709287684404,112.06861877441406,12624200,0.0,0.0
2022-10-25 00:00:00-04:00,111.58327608557636,112.88362938644316,110.70416369964258,112.36165618896484,11289100,0.0,0.0
2022-10-26 00:00:00-04:00,112.63637971430619,114.65101135359498,112.52648804820234,113.6528549194336,11667000,0.0,0.0
2022-10-27 00:00:00-04:00,114.6510375002725,115.56678063361832,113.7444537544985,114.10159301757812,10727600,0.0,0.0
2022-10-28 00:00:00-04:00,114.73344843816022,115.6400321082591,113.59792900383482,115.4568862915039,11859500,0.0,0.0
2022-10-31 00:00:00-04:00,115.10887815899792,116.69311642839043,115.0081458824523,115.27371215820312,13295200,0.0,0.0
2022-11-01 00:00:00-04:00,116.18031980392584,117.47151383290596,115.68581773328512,117.35246276855469,13386900,0.0,0.0
2022-11-02 00:00:00-04:00,116.89458657625418,119.37624908165756,115.96968425941513,116.27188110351562,16546100,0.0,0.0
2022-11-03 00:00:00-04:00,115.66749509431108,117.37993001810507,115.3012034867295,116.48250579833984,12474400,0.0,0.0
2022-11-04 00:00:00-04:00,118.57955864183005,119.80665083109656,117.6363445290073,119.66928100585938,14953200,0.0,0.0
2022-11-07 00:00:00-05:00,119.96231943126773,121.1436216194758,119.4861292126526,120.30113983154297,12011200,0.0,0.0
2022-11-08 00:00:00-05:00,120.18211433479844,120.93301631617813,119.17479146244015,120.3744125366211,9884100,0.0,0.0
2022-11-09 00:00:00-05:00,120.25537781826624,120.35609613435625,118.33231192339889,118.80850219726562,9494000,0.0,0.0
2022-11-10 00:00:00-05:00,121.45500262109827,123.85424488989284,121.36342272878547,123.69857025146484,16351600,0.0,0.0
2022-11-11 00:00:00-05:00,123.79929213024351,124.69671631227637,122.5080912121442,123.9000244140625,10704700,0.0,0.0
2022-11-14 00:00:00-05:00,123.44216222030933,124.29379652408163,122.62715148925781,122.62715148925781,11085600,0.0,0.0
2022-11-15 00:00:00-05:00,123.33223702811848,124.2754649936361,120.51176142200127,121.73885345458984,14038300,0.0,0.0
2022-11-16 00:00:00-05:00,121.7938247178637,122.30663858623812,120.90555284831159,121.9037094116211,7893400,0.0,0.0
2022-11-17 00:00:00-05:00,120.87806357276494,121.69307420005013,120.21872756269963,121.37255859375,8820200,0.0,0.0
2022-11-18 00:00:00-05:00,123.23154414814023,123.3231100656975,121.13448482032692,122.56304168701172,9468500,0.0,0.0
2022-11-21 00:00:00-05:00,122.47147980458445,123.22238183506421,121.56488916018174,121.83961486816406,7800500,0.0,0.0
2022-11-22 00:00:00-05:00,122.70955214480122,123.87254957387336,122.42567407330107,123.66191864013672,9185700,0.0,0.0
2022-11-23 00:00:00-05:00,123.57034531697187,124.99890196082377,123.49708421047596,124.98058319091797,7316200,0.0,0.0
2022-11-25 00:00:00-05:00,124.98060209821874,125.58499583839831,124.59599171077613,125.21870422363281,3220500,0.0,0.0
2022-11-28 00:00:00-05:00,124.60514639117245,125.19122130367973,122.88354522243881,123.03006744384766,9906900,0.0,0.0
2022-11-29 00:00:00-05:00,123.31394234476323,125.12710937542276,123.08500661961988,125.05384826660156,7925300,0.0,0.0
2022-11-30 00:00:00-05:00,124.62347665487192,126.5373764038086,121.96782722153317,126.5373764038086,14761200,0.0,0.0
2022-12-01 00:00:00-05:00,126.53734024273736,126.97690687116938,124.01904740649437,124.76081085205078,8858500,0.0,0.0
2022-12-02 00:00:00-05:00,123.15828156222832,123.94582110410714,122.1051687244011,123.7718276977539,8931900,0.0,0.0
2022-12-05 00:00:00-05:00,122.92933144600063,123.23152827859518,119.59602786195005,120.30113983154297,10154500,0.0,0.0
2022-12-06 00:00:00-05:00,122.15095706143653,123.72603612446282,118.92753781929792,120.50261688232422,13966700,0.0,0.0
2022-12-07 00:00:00-05:00,120.24620313901356,121.8670720542558,119.34877897086182,120.42019653320312,11739400,0.0,0.0
2022-12-08 00:00:00-05:00,121.18023762761986,121.77546481527637,120.35606078341253,121.68389892578125,8907300,0.0,0.0
2022-12-09 00:00:00-05:00,121.06120547606285,122.48976212767165,120.87805969539228,121.02458190917969,7957800,0.0,0.0
2022-12-12 00:00:00-05:00,121.24435668014594,123.30477824439174,120.51177352469429,122.90186309814453,8841600,0.0,0.0
2022-12-13 00:00:00-05:00,125.35605721894315,125.53920302213729,121.86707866617365,122.78282165527344,10025400,0.0,0.0
2022-12-14 00:00:00-05:00,122.50810910616701,124.2755005307564,121.57404724460615,122.1692886352539,9966100,0.0,0.0
2022-12-15 00:00:00-05:00,120.09968729391343,120.95133553882994,118.17663540287936,119.13816833496094,12087800,0.0,0.0
2022-12-16 00:00:00-05:00,118.26819699694174,118.95500421288943,117.60886095178166,118.39640045166016,21133700,0.0,0.0
2022-12-19 00:00:00-05:00,118.72606639466815,120.2645217974707,118.21325258477675,119.10152435302734,9017200,0.0,0.0
2022-12-20 00:00:00-05:00,119.93486609876084,120.92387025075503,119.22974005117493,119.67845916748047,8549900,0.0,0.0
2022-12-21 00:00:00-05:00,121.04288670605757,121.77548380186725,120.66744274627749,121.02458190917969,8051700,0.0,0.0
2022-12-22 00:00:00-05:00,120.05393784541647,120.23708368886199,117.59058642764758,119.65100860595703,8648200,0.0,0.0
2022-12-23 00:00:00-05:00,119.57770987474812,120.36524932975423,118.7169093107731,120.2187271118164,5091900,0.0,0.0
2022-12-27 00:00:00-05:00,120.48430950243451,121.07953684483128,119.5502477587565,120.63998413085938,5411000,0.0,0.0
2022-12-28 00:00:00-05:00,120.74072784048434,122.16928477590163,119.97149305184182,121.29933166503906,8827700,0.0,0.0
2022-12-29 00:00:00-05:00,121.729696510485,122.04105971483582,121.1619403861219,121.99526977539062,6585200,0.0,0.0
2022-12-30 00:00:00-05:00,121.61983111238689,123.01176444801733,121.28101065841543,122.8011474609375,9292500,0.0,0.0
2023-01-03 00:00:00-05:00,123.84509000841412,125.21870452680463,122.60883135261089,123.73519134521484,11054800,0.0,0.0
2023-01-04 00:00:00-05:00,124.53187604276728,126.07946973229124,124.14726571994531,124.8890151977539,11687600,0.0,0.0
2023-01-05 00:00:00-05:00,125.14733363036125,125.19346180691988,123.3392132742021,124.86135864257812,8381300,1.0,0.0
2023-01-06 00:00:00-05:00,125.5808900905041,127.65653096737671,124.06797908108167,127.25062561035156,10029100,0.0,0.0
2023-01-09 00:00:00-05:00,127.85947862080113,128.11777946033084,126.27276542006726,126.72478485107422,8482300,0.0,0.0
2023-01-10 00:00:00-05:00,127.11225445205662,127.97019342427247,126.66945495987473,127.8594970703125,9048700,0.0,0.0
2023-01-11 00:00:00-05:00,128.13628231043944,128.92041929266887,127.3982875934552,128.80972290039062,8703700,0.0,0.0
2023-01-12 00:00:00-05:00,129.1510003099014,129.94435701771593,128.4314458628536,128.68052673339844,11001700,0.0,0.0
2023-01-13 00:00:00-05:00,125.09198197829284,132.37056322485412,124.35397340286053,131.92774963378906,20200000,0.0,0.0
2023-01-17 00:00:00-05:00,130.23036130203369,130.57168451812987,128.44069478543568,129.8890380859375,14292900,0.0,0.0
2023-01-18 00:00:00-05:00,128.1547231856242,129.824459286586,125.83923473571934,125.9868392944336,13392600,0.0,0.0
2023-01-19 00:00:00-05:00,124.83368959532557,125.36873142072389,123.23774189524636,124.30785369873047,13303400,0.0,0.0
2023-01-20 00:00:00-05:00,124.68609933676584,124.99052845761037,123.20086191004604,124.61229705810547,13092500,0.0,0.0
2023-01-23 00:00:00-05:00,124.64915439695137,127.2690852494994,124.37241352902481,126.63255310058594,10487100,0.0,0.0
2023-01-24 00:00:00-05:00,125.84841916224751,129.41851719919742,124.53846074578614,127.72110748291016,6945000,0.0,0.0
2023-01-25 00:00:00-05:00,127.35211231112285,128.3391876220703,126.61410379069925,128.3391876220703,8967000,0.0,0.0
2023-01-26 00:00:00-05:00,128.61593612631194,129.206340097772,127.63808086823815,129.13253784179688,7487600,0.0,0.0
2023-01-27 00:00:00-05:00,129.7137336540936,130.31335768367455,128.92037692534547,129.4462127685547,7489900,0.0,0.0
2023-01-30 00:00:00-05:00,128.44066145498658,129.23401813554992,128.14546649840148,128.34841918945312,6729300,0.0,0.0
2023-01-31 00:00:00-05:00,129.0403182144774,129.21559684362194,127.53662689744111,129.11412048339844,9188700,0.0,0.0
2023-02-01 00:00:00-05:00,127.49973096149544,129.962823586279,127.4166946124427,128.7727813720703,8841800,0.0,0.0
2023-02-02 00:00:00-05:00,129.15101214948385,129.5753716687089,127.30599769020552,128.17315673828125,11822100,0.0,0.0
2023-02-03 00:00:00-05:00,127.47202559211956,131.3004385410896,127.42591149773286,130.15652465820312,11501200,0.0,0.0
2023-02-06 00:00:00-05:00,129.36318646266028,131.21743502591008,129.17868782973096,130.92222595214844,8406200,0.0,0.0
2023-02-07 00:00:00-05:00,130.42409169951745,133.1547055319819,130.23957897119715,132.51817321777344,10447900,0.0,0.0
2023-02-08 00:00:00-05:00,131.5956457857201,132.8779302241988,131.25432262787135,131.58642578125,6958000,0.0,0.0
2023-02-09 00:00:00-05:00,132.02921863498875,132.232171333837,129.03107040131695,129.5384521484375,6443100,0.0,0.0
2023-02-10 00:00:00-05:00,128.9480585636298,130.33181939876073,127.8502727155443,130.11041259765625,6582900,0.0,0.0
2023-02-13 00:00:00-05:00,130.3502776917921,131.6694563072167,129.83367588221756,131.52186584472656,7134600,0.0,0.0
2023-02-14 00:00:00-05:00,131.45725993912467,132.66574197126275,130.6270091910982,132.10301208496094,9249400,0.0,0.0
2023-02-15 00:00:00-05:00,130.63624687025177,132.73956218775996,130.35027188671188,132.6565399169922,6728300,0.0,0.0
2023-02-16 00:00:00-05:00,131.83553148496355,132.2783310807164,130.70083728610035,130.8300018310547,8165300,0.0,0.0
2023-02-17 00:00:00-05:00,130.05508471117597,131.76172897135817,129.21561370488698,131.2174530029297,7948800,0.0,0.0
2023-02-21 00:00:00-05:00,129.78757856910698,130.3872027957434,127.99791182009163,128.80972290039062,9996300,0.0,0.0
2023-02-22 00:00:00-05:00,128.15468154119174,128.6251550833223,126.78937500761096,127.82257843017578,11107500,0.0,0.0
2023-02-23 00:00:00-05:00,127.97942905263373,129.30784176770013,127.25065450618847,128.84658813476562,8068000,0.0,0.0
2023-02-24 00:00:00-05:00,128.3299405683892,130.40558117662732,128.163882000034,130.00889587402344,9126900,0.0,0.0
2023-02-27 00:00:00-05:00,131.09750280475183,132.2045086636795,130.73772554869174,131.1436309814453,10014700,0.0,0.0
2023-02-28 00:00:00-05:00,131.8631779812996,132.61962654587361,130.90376263556865,132.2414093017578,11019800,0.0,0.0
2023-03-01 00:00:00-05:00,131.08829250047577,132.34290298712642,130.8115374961782,131.50341796875,7139200,0.0,0.0
2023-03-02 00:00:00-05:00,131.21745450158852,131.39271907926147,128.7266733201516,130.13812255859375,11106800,0.0,0.0
2023-03-03 00:00:00-05:00,130.54397554325527,132.6011765252421,130.1473042441955,132.52737426757812,9513100,0.0,0.0
2023-03-06 00:00:00-05:00,132.3244524764281,132.87794842363948,131.60489789161204,131.75250244140625,9261300,0.0,0.0
2023-03-07 00:00:00-05:00,131.00528290501796,131.2820379658458,127.13075428246952,127.87798309326172,11747600,0.0,0.0
2023-03-08 00:00:00-05:00,127.30597381578568,127.85024960087925,126.28199041986595,127.12147521972656,10002500,0.0,0.0
2023-03-09 00:00:00-05:00,126.16207244585634,126.70636236099287,119.2063747461258,120.23957824707031,25888100,0.0,0.0
2023-03-10 00:00:00-05:00,118.96652883128668,124.77831264323943,117.91486420009788,123.29307556152344,37599700,0.0,0.0
2023-03-13 00:00:00-04:00,121.04216932312453,123.50526172401649,119.38165363815746,121.07906341552734,42901100,0.0,0.0
2023-03-14 00:00:00-04:00,124.79680843803177,125.02743530372541,121.11599859407653,124.18795013427734,29648100,0.0,0.0
2023-03-15 00:00:00-04:00,120.82999880439688,120.83923288599676,116.90934992815797,118.3207778930664,34280600,0.0,0.0
2023-03-16 00:00:00-04:00,118.09013838380625,121.72481890489128,116.25435107656224,120.61781311035156,24558500,0.0,0.0
2023-03-17 00:00:00-04:00,118.43148888954974,118.523731171571,115.72853524450113,116.06063842773438,38396000,0.0,0.0
2023-03-20 00:00:00-04:00,117.14918202793817,119.43700287665557,116.2451289544415,117.28755950927734,22875500,0.0,0.0
2023-03-21 00:00:00-04:00,120.47020555487761,121.52186314469817,120.1012083247568,120.43331146240234,17807800,0.0,0.0
2023-03-22 00:00:00-04:00,120.4425267786873,120.5347831207978,117.2322059572907,117.32445526123047,17250200,0.0,0.0
2023-03-23 00:00:00-04:00,117.98867327821704,119.49235749309963,116.25435522322675,117.01081085205078,16677600,0.0,0.0
2023-03-24 00:00:00-04:00,115.89457646612907,115.94070464118424,113.56986142967864,115.23037719726562,22311100,0.0,0.0
2023-03-27 00:00:00-04:00,116.96469247134272,119.35398985556544,116.5034388565988,118.532958984375,18853900,0.0,0.0
2023-03-28 00:00:00-04:00,118.73591379966149,119.31708379259778,117.84107360696267,118.89273834228516,10820500,0.0,0.0
2023-03-29 00:00:00-04:00,120.0181967562647,120.12889311989855,117.86874617402837,119.13258361816406,14595300,0.0,0.0
2023-03-30 00:00:00-04:00,119.87981780655501,120.03664235445191,117.75805529278875,118.77281188964844,12134700,0.0,0.0
2023-03-31 00:00:00-04:00,119.61229758899901,120.23959578425315,118.86506894262816,120.21192169189453,13105200,0.0,0.0
2023-04-03 00:00:00-04:00,119.84289770593514,121.25433240710251,119.38164416761009,120.07352447509766,11775400,0.0,0.0
2023-04-04 00:00:00-04:00,120.38720063002806,120.4702229073124,117.53665649917986,118.4683837890625,11579900,0.0,0.0
2023-04-05 00:00:00-04:00,117.89194186582034,119.14709201057964,117.57582414515304,118.64503479003906,9614700,1.0,0.0
2023-04-06 00:00:00-04:00,118.0778721943855,119.082000683968,117.94770817833668,118.51485443115234,8760200,0.0,0.0
2023-04-10 00:00:00-04:00,117.65020018070031,119.22146797348508,117.35268138916051,118.90535736083984,9477300,0.0,0.0
2023-04-11 00:00:00-04:00,119.28654339146377,119.88158090625643,118.57993368261997,119.4910888671875,10516300,0.0,0.0
2023-04-12 00:00:00-04:00,120.10472488738162,121.26690877514532,119.06341266372614,119.47250366210938,11821000,0.0,0.0
2023-04-13 00:00:00-04:00,119.43532808978173,119.97456896574172,117.91983565795982,119.92809295654297,12450200,0.0,0.0
2023-04-14 00:00:00-04:00,125.65531412466714,129.3464112241228,125.42287735108336,128.9838104248047,43931300,0.0,0.0
2023-04-17 00:00:00-04:00,130.11809586712968,130.22036860936103,127.98898138025827,130.00653076171875,16050500,0.0,0.0
2023-04-18 00:00:00-04:00,130.41559746584701,131.8195101327109,129.26270623945334,131.46620178222656,13760100,0.0,0.0
2023-04-19 00:00:00-04:00,131.30818152408432,131.55921721829318,130.53648971360158,131.29888916015625,9158100,0.0,0.0
2023-04-20 00:00:00-04:00,130.08089700791183,131.4941021338163,130.0158079128283,130.91766357421875,10586200,0.0,0.0
2023-04-21 00:00:00-04:00,129.922854961478,131.19660385164096,129.0302915712904,130.66664123535156,11842500,0.0,0.0
2023-04-24 00:00:00-04:00,130.5923012181402,131.18733887353952,130.20179489998168,130.84332275390625,7567500,0.0,0.0
2023-04-25 00:00:00-04:00,129.79268721934886,130.12739670771012,127.96108448954054,127.9982681274414,10629300,0.0,0.0
2023-04-26 00:00:00-04:00,127.95178545062049,128.12843966134915,124.58610564390162,125.72969055175781,14416100,0.0,0.0
2023-04-27 00:00:00-04:00,126.44561474881897,128.22143524314188,126.12950411678274,127.4218521118164,9041100,0.0,0.0
2023-04-28 00:00:00-04:00,126.96627658910431,128.60264075648055,126.13880214058031,128.52825927734375,9887300,0.0,0.0
2023-05-01 00:00:00-04:00,132.26580298667045,133.29782272315924,130.93627158760816,131.2802734375,20415800,0.0,0.0
2023-05-02 00:00:00-04:00,131.4662146588088,132.4052681693228,128.7048650486828,129.1604461669922,14113400,0.0,0.0
2023-05-03 00:00:00-04:00,128.71420151054193,128.92803938903776,126.22247169793857,126.42701721191406,12930900,0.0,0.0
2023-05-04 00:00:00-04:00,125.47867596517398,126.1852786601543,122.5499640622479,124.69767761230469,17089200,0.0,0.0
2023-05-05 00:00:00-04:00,126.85467902829136,128.19351693679252,126.3619142684698,127.13360595703125,11261400,0.0,0.0
2023-05-08 00:00:00-04:00,127.83095234103517,128.27722704115507,126.89189855490372,127.44046020507812,7484900,0.0,0.0
2023-05-09 00:00:00-04:00,126.38051629294698,127.3288623057515,125.71111143387805,126.8268051147461,7343600,0.0,0.0
2023-05-10 00:00:00-04:00,128.25859783783426,128.36087057692168,125.3949753302002,126.8918685913086,8133400,0.0,0.0
2023-05-11 00:00:00-04:00,125.51584351268195,127.19868329285076,125.42286313905839,126.49208068847656,7057300,0.0,0.0
2023-05-12 00:00:00-04:00,127.20800566679817,127.36606097216954,123.77723658077858,124.67909240722656,9988600,0.0,0.0
2023-05-15 00:00:00-04:00,124.8371413216115,126.13878152674747,124.54892200381812,125.72969055175781,7639500,0.0,0.0
2023-05-16 00:00:00-04:00,125.9435475942871,126.38982222709488,124.54892695329985,124.88363647460938,6477200,0.0,0.0
2023-05-17 00:00:00-04:00,126.35262233626756,128.85364424817092,125.94354553851306,128.72348022460938,12711500,0.0,0.0
2023-05-18 00:00:00-04:00,128.55612218887362,129.91354486981814,128.08194213737082,129.69970703125,10999600,0.0,0.0
2023-05-19 00:00:00-04:00,129.96936809698425,130.62020255279398,128.4259983696086,129.4022216796875,13492200,0.0,0.0
2023-05-22 00:00:00-04:00,131.09432702029443,131.689364532914,127.9889754446489,128.33297729492188,11402500,0.0,0.0
2023-05-23 00:00:00-04:00,127.87741281159326,129.26274112947746,126.87329840506368,126.99415588378906,9514900,0.0,0.0
2023-05-24 00:00:00-04:00,125.88773750589009,126.77100850099497,125.59022584449683,125.83195495605469,8578000,0.0,0.0
2023-05-25 00:00:00-04:00,125.34850221791892,126.69663258291455,125.1253578219997,126.13877868652344,8472500,0.0,0.0
2023-05-26 00:00:00-04:00,126.54784272358141,127.93317061984663,126.10156821352174,127.31953430175781,8579900,0.0,0.0
2023-05-30 00:00:00-04:00,127.18941066738822,128.04477632756996,126.46420903839032,127.80304718017578,7399900,0.0,0.0
2023-05-31 00:00:00-04:00,127.12432677336852,127.22659952969529,124.95801416158596,126.17599487304688,14219900,0.0,0.0
2023-06-01 00:00:00-04:00,126.92910484057823,128.51896477235005,125.93426842404183,127.91463470458984,12248100,0.0,0.0
2023-06-02 00:00:00-04:00,129.75547416344452,131.54058649622345,129.55092871196666,130.60154724121094,12922500,0.0,0.0
2023-06-05 00:00:00-04:00,130.26687328356348,130.26687328356348,128.42597790551955,129.3185272216797,8511900,0.0,0.0
2023-06-06 00:00:00-04:00,128.93731264569107,130.25756592635653,128.50034458893558,129.5509490966797,9329500,0.0,0.0
2023-06-07 00:00:00-04:00,129.74621069918032,131.34537684682581,129.076791651942,130.80612182617188,9281400,0.0,0.0
2023-06-08 00:00:00-04:00,130.78754019040267,130.99208571446027,129.68113872485935,130.84332275390625,7368100,0.0,0.0
2023-06-09 00:00:00-04:00,130.49001537148624,131.83814587263618,130.3598513407576,131.1036376953125,7249100,0.0,0.0
2023-06-12 00:00:00-04:00,131.15941893506186,131.39185569008666,129.94143842180847,131.09432983398438,7596600,0.0,0.0
2023-06-13 00:00:00-04:00,130.610830257533,132.83292460612915,130.2947197412532,132.0426483154297,7701600,0.0,0.0
2023-06-14 00:00:00-04:00,132.95382439764776,133.5209706496138,130.81540340563754,131.54991149902344,9068700,0.0,0.0
2023-06-15 00:00:00-04:00,130.71312341427088,133.325710136213,130.19246737973887,133.03749084472656,9343100,0.0,0.0
2023-06-16 00:00:00-04:00,133.0003329420945,133.85569861958822,132.48896917108857,133.19557189941406,13813500,0.0,0.0
2023-06-20 00:00:00-04:00,132.5912271694313,132.9538279509158,131.1315174934463,132.516845703125,8428600,0.0,0.0
2023-06-21 00:00:00-04:00,132.86086563296203,133.90219211599842,131.73587949582742,132.32162475585938,9926500,0.0,0.0
2023-06-22 00:00:00-04:00,132.312314633662,132.58194925175235,129.18836364249506,129.77410888671875,10075200,0.0,0.0
2023-06-23 00:00:00-04:00,128.80713396524297,129.40217143539687,127.9517684885725,129.09536743164062,9919500,0.0,0.0
2023-06-26 00:00:00-04:00,129.11397314658396,130.1738842559491,128.01687839601942,129.4114990234375,8429700,0.0,0.0
2023-06-27 00:00:00-04:00,129.2348450460071,130.0158291939676,128.80715514394416,129.42079162597656,8154000,0.0,0.0
2023-06-28 00:00:00-04:00,129.3836003129569,129.43009050189633,128.26790671248017,128.8536376953125,7558600,0.0,0.0
2023-06-29 00:00:00-04:00,130.22968573677505,133.4744941017453,130.02514023569887,133.35362243652344,15423200,0.0,0.0
2023-06-30 00:00:00-04:00,134.44145833995805,135.7430988182832,133.56749365301806,135.22244262695312,14212800,0.0,0.0
2023-07-03 00:00:00-04:00,135.91971913562398,137.11908654933129,135.7430649319183,136.31021118164062,8021600,0.0,0.0
2023-07-05 00:00:00-04:00,135.68300316098157,136.14169879641477,135.14004477164264,135.40216064453125,8934900,1.0,0.0
2023-07-06 00:00:00-04:00,133.88565490395533,134.23201930820707,132.4065640524601,134.0635223388672,9709500,0.0,0.0
2023-07-07 00:00:00-04:00,134.71880784275996,136.52553639400776,133.86692398915542,135.121337890625,8981500,0.0,0.0
2023-07-10 00:00:00-04:00,135.27112782587213,136.66597020322195,135.27112782587213,135.87960815429688,9100100,0.0,0.0
2023-07-11 00:00:00-04:00,136.99358365726889,138.37906960740568,136.4038300805188,138.00460815429688,11260900,0.0,0.0
2023-07-12 00:00:00-04:00,138.03269855763006,140.29813690742736,137.61144189846328,138.68798828125,11323200,0.0,0.0
2023-07-13 00:00:00-04:00,139.20285874786703,139.83006562336877,138.31353599258082,139.36199951171875,11234900,0.0,0.0
2023-07-14 00:00:00-04:00,141.870843043834,143.12525681027427,138.93138839786866,140.20452880859375,27028400,0.0,0.0
2023-07-17 00:00:00-04:00,140.7475044980093,143.9303487734473,140.7475044980093,143.583984375,17262400,0.0,0.0
2023-07-18 00:00:00-04:00,143.58393824616851,144.5387826514919,143.05970658420864,143.84605407714844,13491700,0.0,0.0
2023-07-19 00:00:00-04:00,142.99422364567243,145.29711562742418,142.49807461798855,144.39842224121094,12510000,0.0,0.0
2023-07-20 00:00:00-04:00,144.6605180284174,146.58894821231368,144.5481867273733,146.1770477294922,9935900,0.0,0.0
2023-07-21 00:00:00-04:00,145.84941384000646,146.1676953908266,144.8103064253035,145.05369567871094,10636400,0.0,0.0
2023-07-24 00:00:00-04:00,145.07239533945494,148.64841259921064,144.84771848900857,147.90887451171875,14381400,0.0,0.0
2023-07-25 00:00:00-04:00,147.25361502130073,147.64678887686114,145.99920115581102,146.8042755126953,9944700,0.0,0.0
2023-07-26 00:00:00-04:00,146.70127676307158,148.14291400130324,146.29873250733112,147.6842041015625,8728600,0.0,0.0
2023-07-27 00:00:00-04:00,147.69359033815113,148.63907877636402,145.61537558273733,146.05535888671875,10778400,0.0,0.0
2023-07-28 00:00:00-04:00,147.23491424882786,147.53448349670444,146.44856639952374,146.8885498046875,9103800,0.0,0.0
2023-07-31 00:00:00-04:00,147.14126364731788,149.20076607298495,147.11318082189925,147.8714599609375,8892700,0.0,0.0
2023-08-01 00:00:00-04:00,147.37531422371853,147.90891653855547,146.17706591601933,147.1412811279297,6853900,0.0,0.0
2023-08-02 00:00:00-04:00,145.6247296556844,145.74643141841656,144.1081999906907,145.47494506835938,8299400,0.0,0.0
2023-08-03 00:00:00-04:00,145.10050403286803,146.897876304198,144.4920237619121,146.36428833007812,6084000,0.0,0.0
2023-08-04 00:00:00-04:00,146.4110794314577,147.7216731631504,145.75578970773367,146.05535888671875,6209400,0.0,0.0
2023-08-07 00:00:00-04:00,146.59833758419595,147.62807463981366,146.59833758419595,146.74810791015625,7251800,0.0,0.0
2023-08-08 00:00:00-04:00,144.46390689629604,146.01787526568816,142.84438814178097,145.9242706298828,8623400,0.0,0.0
2023-08-09 00:00:00-04:00,145.4000535208101,145.58727709541188,143.66820331619675,143.96775817871094,6277800,0.0,0.0
2023-08-10 00:00:00-04:00,144.5201072567677,145.51240519701045,143.31248860553254,143.75247192382812,5995100,0.0,0.0
2023-08-11 00:00:00-04:00,143.2562959220307,144.65113791090116,142.88184879101806,144.58560180664062,5180700,0.0,0.0
2023-08-14 00:00:00-04:00,143.7992760288352,145.02560699541831,143.15334248845306,144.88519287109375,5044300,0.0,0.0
2023-08-15 00:00:00-04:00,143.0878141862051,143.48098800077395,140.63513807973655,141.1968231201172,10300300,0.0,0.0
2023-08-16 00:00:00-04:00,140.98150436876168,141.31851250663752,140.12025023977912,140.59768676757812,6978200,0.0,0.0
2023-08-17 00:00:00-04:00,141.24364197541,141.599362526,138.9220236528226,139.13734436035156,9953900,0.0,0.0
2023-08-18 00:00:00-04:00,138.21992597052116,139.95177640901298,138.0233461901272,139.45562744140625,8517500,0.0,0.0
2023-08-21 00:00:00-04:00,140.09218520164686,140.5134561406489,138.56629935066977,139.93304443359375,8327000,0.0,0.0
2023-08-22 00:00:00-04:00,139.72708740694694,140.08282221486544,136.534887452353,137.03103637695312,9673300,0.0,0.0
2023-08-23 00:00:00-04:00,137.00293450152532,138.16372912931953,136.1697775285071,137.95777893066406,7858000,0.0,0.0
2023-08-24 00:00:00-04:00,138.07949613762864,139.8675120243072,137.60207386958209,137.8267364501953,6534000,0.0,0.0
2023-08-25 00:00:00-04:00,137.87357059987212,139.12798451368934,136.53490820324166,137.65826416015625,6695500,0.0,0.0
2023-08-28 00:00:00-04:00,138.14506687716968,139.11863830045337,137.73316633046414,138.1356964111328,5094100,0.0,0.0
2023-08-29 00:00:00-04:00,138.27610573389072,139.3432959645767,137.7799424826576,139.259033203125,6337000,0.0,0.0
2023-08-30 00:00:00-04:00,139.12795470612008,139.62410359982832,137.78929259629226,138.6973419189453,6277300,0.0,0.0
2023-08-31 00:00:00-04:00,138.79095064722685,138.87521339871287,136.637858079505,136.98422241210938,10933900,0.0,0.0
2023-09-01 00:00:00-04:00,136.75956054270785,138.62246891114418,136.3944695270514,137.4429473876953,7903500,0.0,0.0
2023-09-05 00:00:00-04:00,137.76123245014202,138.7441742202353,135.74853943819002,135.92640686035156,7854700,0.0,0.0
2023-09-06 00:00:00-04:00,135.45833292470454,136.24468058187983,134.9060183286584,135.7017364501953,8629200,0.0,0.0
2023-09-07 00:00:00-04:00,134.92475701377694,135.9919472963918,134.23201394868647,134.5409393310547,8373700,0.0,0.0
2023-09-08 00:00:00-04:00,134.21327851187928,134.91537771193597,133.53926213708527,134.64390563964844,7107900,0.0,0.0
2023-09-11 00:00:00-04:00,135.5051451671015,135.78598770305322,134.5128472530841,135.23367309570312,6854200,0.0,0.0
2023-09-12 00:00:00-04:00,135.27112644775508,137.91102656774117,134.84986974127222,136.9936065673828,8363200,0.0,0.0
2023-09-13 00:00:00-04:00,137.92972395420438,138.26673213964824,136.50681320165899,137.0591278076172,8325900,0.0,0.0
2023-09-14 00:00:00-04:00,138.39779297567569,140.3262231887897,138.09823807360453,139.71774291992188,10034900,0.0,0.0
2023-09-15 00:00:00-04:00,139.4088070236676,140.16707182842225,138.83776580409716,139.3058319091797,19863400,0.0,0.0
2023-09-18 00:00:00-04:00,138.69732952181235,139.61473494158025,138.3135119487619,139.59600830078125,6512400,0.0,0.0
2023-09-19 00:00:00-04:00,139.95179997983664,140.1577502596705,137.80806297424448,139.41819763183594,7943400,0.0,0.0
2023-09-20 00:00:00-04:00,140.09218487834835,140.65386993955852,138.67863032943688,138.8284149169922,7332000,0.0,0.0
2023-09-21 00:00:00-04:00,138.15439313326482,139.34328503841164,137.26507039146745,137.74249267578125,8052400,0.0,0.0
2023-09-22 00:00:00-04:00,137.88292580761203,138.0888760647545,135.9170564679509,136.4225616455078,7071700,0.0,0.0
2023-09-25 00:00:00-04:00,136.06682076935587,137.1620937275213,134.5221940712428,137.0965576171875,7044700,0.0,0.0
2023-09-26 00:00:00-04:00,135.36474916009422,136.5255441805106,135.01837046288418,135.6736602783203,7468400,0.0,0.0
2023-09-27 00:00:00-04:00,135.91706094085959,136.75957435926273,135.2804835021302,136.46937561035156,6717800,0.0,0.0
2023-09-28 00:00:00-04:00,136.9374263446685,139.36200547860716,136.68466663396703,138.16375732421875,8868100,0.0,0.0
2023-09-29 00:00:00-04:00,139.10929052137706,139.2590608602964,135.6081499471453,135.7579345703125,11917800,0.0,0.0
2023-10-02 00:00:00-04:00,135.58003593998507,136.31957413491773,133.52054783987114,134.58773803710938,9170600,0.0,0.0
2023-10-03 00:00:00-04:00,134.0541240888714,134.41921506435102,133.25842031372002,133.59542846679688,9431100,0.0,0.0
2023-10-04 00:00:00-04:00,134.0447954716826,134.30691139083365,132.8652595512566,134.194580078125,8128700,0.0,0.0
2023-10-05 00:00:00-04:00,133.94936120720567,134.9489954403181,132.8082911555661,134.7603759765625,8576200,1.05,0.0
2023-10-06 00:00:00-04:00,134.7698235091785,137.57065291285397,134.04367882202118,136.8350830078125,10270600,0.0,0.0
2023-10-09 00:00:00-04:00,135.47710521963256,137.11798531189535,135.32621539355333,136.5238800048828,6964900,0.0,0.0
2023-10-10 00:00:00-04:00,137.13684937657925,138.40995889388373,137.004824376904,137.35374450683594,11288800,0.0,0.0
2023-10-11 00:00:00-04:00,138.16473594337253,138.8437256523832,136.75961605388252,137.8252410888672,8698200,0.0,0.0
2023-10-12 00:00:00-04:00,137.96673338014548,138.5891431366781,136.86337847882652,137.504638671875,10484400,0.0,0.0
2023-10-13 00:00:00-04:00,140.04138982618178,144.38880324418298,139.41898019566213,139.5698699951172,29427000,0.0,0.0
2023-10-16 00:00:00-04:00,140.9373067071493,141.0033264055544,138.36281187263532,139.42845153808594,12663500,0.0,0.0
2023-10-17 00:00:00-04:00,139.164392858932,140.80527293299247,138.428808562367,139.1266632080078,11482700,0.0,0.0
2023-10-18 00:00:00-04:00,138.24019813274663,139.07950296279404,137.0896884480104,137.59893798828125,9620300,0.0,0.0
2023-10-19 00:00:00-04:00,137.1934163017745,138.64570554852048,136.62760109586821,137.0142364501953,11143600,0.0,0.0
2023-10-20 00:00:00-04:00,136.33527520394097,136.87280042471613,134.02481610747344,134.8075408935547,13332900,0.0,0.0
2023-10-23 00:00:00-04:00,134.79809672849134,135.49593689560837,132.71397266456037,132.96859741210938,10133400,0.0,0.0
2023-10-24 00:00:00-04:00,133.14778633313443,133.6570214733008,132.36506160371712,133.12892150878906,8881400,0.0,0.0
2023-10-25 00:00:00-04:00,132.5631156887243,133.13835617043748,131.5634813825373,132.4027862548828,8242600,0.0,0.0
2023-10-26 00:00:00-04:00,131.79925438901847,133.6004640945183,131.4880494878342,132.74229431152344,9109400,0.0,0.0
2023-10-27 00:00:00-04:00,131.03537163374259,131.17683623137796,127.489547320212,127.96106719970703,17434700,0.0,0.0
2023-10-30 00:00:00-04:00,128.6683543097979,130.17720937589277,128.29112975104002,129.592529296875,9855500,0.0,0.0
2023-10-31 00:00:00-04:00,129.86600415268222,131.3088537506683,129.63966944313077,131.13909912109375,9672500,0.0,0.0
2023-11-01 00:00:00-04:00,131.3182952427371,132.52538506399418,130.58272533258497,131.0259552001953,9432000,0.0,0.0
2023-11-02 00:00:00-04:00,132.1104404141124,133.42126514351625,131.29942562105097,133.36468505859375,10186200,0.0,0.0
2023-11-03 00:00:00-04:00,134.0908457932642,135.58085056324327,133.77021568051663,134.85470581054688,9538700,0.0,0.0
2023-11-06 00:00:00-05:00,135.01499931905428,135.9769038934277,134.6566396092663,135.8731689453125,7625100,0.0,0.0
2023-11-07 00:00:00-05:00,135.33562430758016,136.0429040937685,134.68493899158793,135.80714416503906,6297900,0.0,0.0
2023-11-08 00:00:00-05:00,135.90146025925483,136.58987525429612,135.4393655970245,136.47671508789062,7618200,0.0,0.0
2023-11-09 00:00:00-05:00,137.15570184261244,137.3537321294573,135.5148075176755,136.07119750976562,7992500,0.0,0.0
2023-11-10 00:00:00-05:00,136.68418961313236,138.136464559863,135.87317481726728,138.0893096923828,7983300,0.0,0.0
2023-11-13 00:00:00-05:00,137.40088871139884,137.91956345188186,136.89165357778936,137.47633361816406,6676300,0.0,0.0
2023-11-14 00:00:00-05:00,138.32507347607216,140.74869271323962,138.174198041455,139.98483276367188,9927700,0.0,0.0
2023-11-15 00:00:00-05:00,140.00367999024377,141.6068445999882,140.00367999024377,141.2107696533203,8365300,0.0,0.0
2023-11-16 00:00:00-05:00,141.5408447709493,142.89882442983355,141.5408447709493,142.82337951660156,8126200,0.0,0.0
2023-11-17 00:00:00-05:00,143.53064675784515,144.15305644499725,142.90823707069305,144.11534118652344,7812400,0.0,0.0
2023-11-20 00:00:00-05:00,143.41750828184567,144.99238317230925,143.2666184458422,144.55857849121094,7019000,0.0,0.0
2023-11-21 00:00:00-05:00,144.47370055393674,144.87921516759508,143.87959523992686,144.25680541992188,7083500,0.0,0.0
2023-11-22 00:00:00-05:00,144.6717431305955,145.11497299989654,144.19078361006055,144.59629821777344,5174500,0.0,0.0
2023-11-24 00:00:00-05:00,144.84146638712082,145.64305590080474,144.54912637778605,144.7943115234375,3496900,0.0,0.0
2023-11-27 00:00:00-05:00,144.69058425026378,144.78489398263042,144.01160885787445,144.46426391601562,6259100,0.0,0.0
2023-11-28 00:00:00-05:00,144.4925462972237,145.1055163561744,144.02102643967882,144.7943115234375,6582700,0.0,0.0
2023-11-29 00:00:00-05:00,145.3884426243466,146.76528704849733,145.22812758688474,145.5299072265625,9126100,0.0,0.0
2023-11-30 00:00:00-05:00,146.08629666666795,147.2368063564752,145.5864867313831,147.1896514892578,9869800,0.0,0.0
2023-12-01 00:00:00-05:00,146.94446658886,148.86826142383205,146.94446658886,147.90635681152344,8916000,0.0,0.0
2023-12-04 00:00:00-05:00,147.1330704680428,149.04744006979425,147.0010454744615,148.99085998535156,9607500,0.0,0.0
2023-12-05 00:00:00-05:00,148.3024355246939,149.47181007082003,148.02896031089793,148.9720001220703,9135600,0.0,0.0
2023-12-06 00:00:00-05:00,149.79242931546503,150.1507890224694,147.11419989902313,147.4065399169922,9366000,0.0,0.0
2023-12-07 00:00:00-05:00,147.76489655598155,148.34957657978003,147.25564704716516,147.85919189453125,8130900,0.0,0.0
2023-12-08 00:00:00-05:00,148.30245263016783,149.73587733758438,148.0384026037552,149.49069213867188,7369400,0.0,0.0
2023-12-11 00:00:00-05:00,149.49066339865834,150.2262332436277,149.1417289104025,150.03762817382812,8093900,0.0,0.0
2023-12-12 00:00:00-05:00,150.16022534418147,151.4993401514318,149.83017004353027,151.3767547607422,10223000,0.0,0.0
2023-12-13 00:00:00-05:00,151.376751172791,152.80073607591623,150.66947133004385,151.885986328125,12379100,0.0,0.0
2023-12-14 00:00:00-05:00,152.61213937426155,155.45068411871856,152.49897919789595,154.64910888671875,13643000,0.0,0.0
2023-12-15 00:00:00-05:00,153.79092125929148,155.8656057922749,153.14022154170772,155.81845092773438,20309300,0.0,0.0
2023-12-18 00:00:00-05:00,156.46916508532496,157.61024959807705,156.19568986918287,156.76150512695312,8469600,0.0,0.0
2023-12-19 00:00:00-05:00,156.54462708995365,158.87393684903017,156.12026200288022,158.85507202148438,10345700,0.0,0.0
2023-12-20 00:00:00-05:00,158.42127317416848,159.760388064777,156.9689837140342,157.06329345703125,10734700,0.0,0.0
2023-12-21 00:00:00-05:00,157.3367577550905,158.5155575124074,156.24282812678547,157.95916748046875,7601700,0.0,0.0
2023-12-22 00:00:00-05:00,157.9591321030167,158.64754697800763,157.70450738336277,157.8648223876953,6576300,0.0,0.0
2023-12-26 00:00:00-05:00,157.9214570337028,159.15683691468658,157.65739264154033,158.79847717285156,4683600,0.0,0.0
2023-12-27 00:00:00-05:00,158.2797759335722,159.81693521176237,158.0345907978248,159.75091552734375,6428600,0.0,0.0
2023-12-28 00:00:00-05:00,159.70377036247393,160.93915000069595,159.37370072936653,160.5996551513672,6320100,0.0,0.0
2023-12-29 00:00:00-05:00,160.31677729363093,160.96747710381322,159.96785714773753,160.4110870361328,6435100,0.0,0.0
2024-01-02 00:00:00-05:00,159.45859562508764,162.3631599230326,159.2888553688662,162.27828979492188,9977400,0.0,0.0
2024-01-03 00:00:00-05:00,162.07083966469682,162.24057994163016,160.66570501716694,161.57102966308594,9852300,0.0,0.0
2024-01-04 00:00:00-05:00,161.91258148993217,164.48398435248927,161.81769021916986,162.64320373535156,11972500,1.05,0.0
2024-01-05 00:00:00-05:00,162.70014174249383,164.51245797473024,162.70014174249383,163.459228515625,10066000,0.0,0.0
2024-01-08 00:00:00-05:00,163.22201538085938,163.54462255510825,160.8214137681895,163.22201538085938,11229900,0.0,0.0
2024-01-09 00:00:00-05:00,162.84245683503605,163.0037604143166,161.40020795733633,161.9315643310547,9923600,0.0,0.0
2024-01-10 00:00:00-05:00,161.3053268268902,162.33009181707794,160.309026324343,162.27316284179688,9670200,0.0,0.0
2024-01-11 00:00:00-05:00,161.61843030436634,161.64689478842016,160.0148634702537,161.5899658203125,11919500,0.0,0.0
2024-01-12 00:00:00-05:00,164.91100732113068,167.29262823726813,160.26160898114182,160.40394592285156,19436500,0.0,0.0
2024-01-16 00:00:00-05:00,156.43771030633505,159.49302439057672,155.8968705158976,159.3981475830078,17206400,0.0,0.0
2024-01-17 00:00:00-05:00,158.78138793793093,160.42291746804034,157.9748698967347,158.54417419433594,11107500,0.0,0.0
2024-01-18 00:00:00-05:00,158.5726099507023,158.9616438945128,156.7887727674102,158.85726928710938,9382300,0.0,0.0
2024-01-19 00:00:00-05:00,158.98065280488078,161.84619886256158,158.53468981159222,161.5994873046875,13115700,0.0,0.0
2024-01-22 00:00:00-05:00,161.74181876407434,163.18406784238965,161.030177562061,161.4097137451172,12837500,0.0,0.0
2024-01-23 00:00:00-05:00,160.99221452601276,161.0681246579549,159.82512701395376,160.3470001220703,8360800,0.0,0.0
2024-01-24 00:00:00-05:00,160.69807582742826,162.26368071250425,160.2236483497231,161.77976989746094,9967100,0.0,0.0
2024-01-25 00:00:00-05:00,163.497202679032,164.14243160757394,162.16881147082555,164.09498596191406,8873500,0.0,0.0
2024-01-26 00:00:00-05:00,163.78182804587664,164.2088098113454,162.9942768223619,163.4687042236328,7443000,0.0,0.0
2024-01-29 00:00:00-05:00,163.43077653240536,164.00008079702863,162.5388505916141,163.8957061767578,6971200,0.0,0.0
2024-01-30 00:00:00-05:00,163.9905758624225,167.71956825499603,163.9905758624225,167.254638671875,10822100,0.0,0.0
2024-01-31 00:00:00-05:00,167.18822653609234,169.18082757038678,165.42335588463555,165.4423370361328,11521800,0.0,0.0
2024-02-01 00:00:00-05:00,164.75916524911648,165.8977882402984,162.66218953700178,164.8445587158203,9354800,0.0,0.0
2024-02-02 00:00:00-05:00,164.4365405747899,166.82765873693674,164.398578274706,165.79339599609375,8607600,0.0,0.0
2024-02-05 00:00:00-05:00,164.96792869965805,166.13501628029312,164.07600269490123,165.5751953125,7820200,0.0,0.0
2024-02-06 00:00:00-05:00,165.6795413976579,166.87509326368186,164.87300900590824,166.1444854736328,6764800,0.0,0.0
2024-02-07 00:00:00-05:00,166.70430734707855,166.87509426680478,165.0627925456374,166.4575958251953,7225500,0.0,0.0
2024-02-08 00:00:00-05:00,166.04963139288037,166.3437741376643,164.69277564026325,165.85986328125,6060300,0.0,0.0
2024-02-09 00:00:00-05:00,166.04958343705084,166.14447470465046,164.7876048655243,166.05906677246094,6296700,0.0,0.0
2024-02-12 00:00:00-05:00,165.84084094046935,167.76701502799656,164.81607601810813,166.79917907714844,8539300,0.0,0.0
2024-02-13 00:00:00-05:00,166.35327164321185,167.21671872127277,163.791351466665,165.34747314453125,8397600,0.0,0.0
2024-02-14 00:00:00-05:00,166.11605431558004,167.09337382211206,165.49928986921168,167.02694702148438,7056700,0.0,0.0
2024-02-15 00:00:00-05:00,167.1407907162721,170.9931539074644,167.1407907162721,170.6705322265625,8723400,0.0,0.0
2024-02-16 00:00:00-05:00,170.42382695213206,170.77489862748652,169.04799026069725,169.8734893798828,8152600,0.0,0.0
2024-02-20 00:00:00-05:00,170.02531392720303,171.2303637188881,169.28520825442058,170.53768920898438,9668000,0.0,0.0
2024-02-21 00:00:00-05:00,170.7464483434242,171.73326561657646,169.38959269081207,171.64785766601562,7024000,0.0,0.0
2024-02-22 00:00:00-05:00,172.52081000181218,174.0389691999663,171.970472406029,173.70687866210938,9296500,0.0,0.0
2024-02-23 00:00:00-05:00,174.40901731437765,175.72792504973566,173.82073190790015,174.57981872558594,7105800,0.0,0.0
2024-02-26 00:00:00-05:00,174.3520932485434,175.02578661879247,173.1470434344582,173.98204040527344,7145400,0.0,0.0
2024-02-27 00:00:00-05:00,173.93458948194154,174.15282205509578,172.91932226723353,174.0674285888672,5717100,0.0,0.0
2024-02-28 00:00:00-05:00,174.0484663009059,175.7279437106466,173.60251776947524,174.94989013671875,6131600,0.0,0.0
2024-02-29 00:00:00-05:00,176.1644091332413,176.89501700223315,174.44698403277337,176.5439453125,9643000,0.0,0.0
2024-03-01 00:00:00-05:00,176.202327386422,176.90448512641694,175.63302321308467,175.81329345703125,6311800,0.0,0.0
2024-03-04 00:00:00-05:00,175.26298666271404,177.99567880021087,174.84548820991387,177.13221740722656,7063600,0.0,0.0
2024-03-05 00:00:00-05:00,176.82859124567665,179.61822683416162,176.82859124567665,178.90658569335938,6617800,0.0,0.0
2024-03-06 00:00:00-05:00,179.5708085749355,180.34887662379856,178.03366810951513,179.83648681640625,7572900,0.0,0.0
2024-03-07 00:00:00-05:00,180.19700907849818,180.7568299062852,177.08476665622948,178.26133728027344,7618300,0.0,0.0
2024-03-08 00:00:00-05:00,178.80220930717653,180.7189001480093,178.3088007338345,178.5934600830078,6172200,0.0,0.0
2024-03-11 00:00:00-04:00,177.70154336122792,178.8022185128998,176.69575949029132,178.65988159179688,5762600,0.0,0.0
2024-03-12 00:00:00-04:00,179.2861349314453,180.43425575956988,178.29933218131626,180.130615234375,5708400,0.0,0.0
2024-03-13 00:00:00-04:00,180.62402184480607,181.92394844272968,180.1306132360268,181.59185791015625,7795500,0.0,0.0
2024-03-14 00:00:00-04:00,181.25975597395745,181.8290747228508,177.5307630516754,178.35626220703125,10310900,0.0,0.0
2024-03-15 00:00:00-04:00,176.9424601771041,181.17435946088082,176.9424601771041,180.5670928955078,17214200,0.0,0.0
2024-03-18 00:00:00-04:00,180.88022211160907,182.84434431154483,180.17806424275938,182.806396484375,9013800,0.0,0.0
2024-03-19 00:00:00-04:00,182.85383525818784,184.01142492310007,182.54071140188407,183.8785858154297,8478700,0.0,0.0
2024-03-20 00:00:00-04:00,184.25814725101966,186.5069288762153,183.70780963606143,186.2886962890625,9367000,0.0,0.0
2024-03-21 00:00:00-04:00,186.46897370163362,189.23013052665834,186.2886889495495,188.87905883789062,11203800,0.0,0.0
2024-03-22 00:00:00-04:00,188.83160536845347,190.22642320705918,186.48793264526574,186.5638427734375,8108800,0.0,0.0
2024-03-25 00:00:00-04:00,186.5449025482049,186.86750977989115,184.41946209318417,184.85594177246094,8620000,0.0,0.0
2024-03-26 00:00:00-04:00,184.63766637481814,186.60180291274617,184.13477445009167,185.7193603515625,5961500,0.0,0.0
2024-03-27 00:00:00-04:00,186.44996054908697,189.39141609973538,186.33610261083916,189.3155059814453,8725800,0.0,0.0
2024-03-28 00:00:00-04:00,189.28706341600085,190.45415085331146,188.38563970590695,190.05563354492188,8628300,0.0,0.0
2024-04-01 00:00:00-04:00,189.76149830319193,190.66290757030683,188.41412607095276,188.76519775390625,7309000,0.0,0.0
2024-04-02 00:00:00-04:00,188.24332231873962,189.56223004560812,187.9491796173942,188.6892852783203,7014700,0.0,0.0
2024-04-03 00:00:00-04:00,188.86005650680525,189.35346506585586,187.5885945261513,188.1579132080078,9353400,0.0,0.0
2024-04-04 00:00:00-04:00,190.06669747224808,190.5725228336972,186.63090338860295,186.72633361816406,9243800,1.15,0.0
2024-04-05 00:00:00-04:00,187.21307291356746,189.08366842916283,186.21096089165496,188.44422912597656,6532300,0.0,0.0
2024-04-08 00:00:00-04:00,188.60648563767035,189.90445619693176,188.60648563767035,189.42726135253906,8001000,0.0,0.0
2024-04-09 00:00:00-04:00,189.03596449913155,189.80901778367087,186.02008971749524,188.1579132080078,7351500,0.0,0.0
2024-04-10 00:00:00-04:00,186.63091835715863,188.0815948534464,185.3233944981093,186.5545654296875,7681400,0.0,0.0
2024-04-11 00:00:00-04:00,187.0603971048666,187.60440627028007,184.42628655151975,186.51638793945312,10137700,0.0,0.0
2024-04-12 00:00:00-04:00,179.73068483719993,180.31284860479283,174.2142986804954,174.45289611816406,31532300,0.0,0.0
2024-04-15 00:00:00-04:00,176.08487712916175,178.90987668749668,173.88977818734347,174.54830932617188,14766600,0.0,0.0
2024-04-16 00:00:00-04:00,174.55785940954902,174.8060100362722,171.45609307815093,172.55364990234375,16451800,0.0,0.0
2024-04-17 00:00:00-04:00,173.0976418055842,174.09975382543902,171.02661806472688,171.86648559570312,9017100,0.0,0.0
2024-04-18 00:00:00-04:00,172.83997115716338,174.99688652001322,171.7615061943233,172.98312377929688,9557700,0.0,0.0
2024-04-19 00:00:00-04:00,174.08067361637623,177.40196022253804,173.1358371435667,177.3256072998047,13402300,0.0,0.0
2024-04-22 00:00:00-04:00,177.5069394038577,181.45811204263342,177.49738618697634,180.7709503173828,11529700,0.0,0.0
2024-04-23 00:00:00-04:00,182.41252116114381,183.46234116906865,181.8303428196935,183.37644958496094,9144400,0.0,0.0
2024-04-24 00:00:00-04:00,181.83986299476692,184.41671219594375,181.49628213042132,184.2735595703125,6964900,0.0,0.0
2024-04-25 00:00:00-04:00,183.48141172959566,185.0943325814848,182.46020780549338,184.55032348632812,9802300,0.0,0.0
2024-04-26 00:00:00-04:00,184.74122414056745,185.9819191199223,184.25447606565834,184.6648712158203,6413700,0.0,0.0
2024-04-29 00:00:00-04:00,184.65530678155278,185.3997295490782,183.65319472901302,184.4644317626953,5387800,0.0,0.0
2024-04-30 00:00:00-04:00,184.0158640239999,186.09644101035263,182.89922989355478,182.9946746826172,8153700,0.0,0.0
2024-05-01 00:00:00-04:00,183.50051042268325,185.59062618122607,182.08800319125083,183.1092071533203,7445300,0.0,0.0
2024-05-02 00:00:00-04:00,184.2640125734771,184.67439312359332,180.87592647957385,182.91831970214844,6501700,0.0,0.0
2024-05-03 00:00:00-04:00,183.2428161104816,183.74864146909349,179.86428309609008,181.82077026367188,8922800,0.0,0.0
2024-05-06 00:00:00-04:00,182.98510858949157,183.43367285342538,181.16223557444755,183.2427978515625,7911100,0.0,0.0
2024-05-07 00:00:00-04:00,182.9564890317483,184.13038419824304,182.90876663771533,183.00421142578125,7688800,0.0,0.0
2024-05-08 00:00:00-04:00,182.28842746572758,187.6807232907595,182.28842746572758,186.72633361816406,9227600,0.0,0.0
2024-05-09 00:00:00-04:00,186.26824403253585,188.57786545857692,186.2014443233279,188.49197387695312,7977300,0.0,0.0
2024-05-10 00:00:00-04:00,189.48453565711975,190.24805037411755,189.22686090836316,189.7040557861328,7529800,0.0,0.0
2024-05-13 00:00:00-04:00,189.73267730698475,190.73478941529618,189.00733180699527,189.66586303710938,7049200,0.0,0.0
2024-05-14 00:00:00-04:00,189.92356346762142,192.38589081187718,189.1218795591192,192.31907653808594,8596200,0.0,0.0
2024-05-15 00:00:00-04:00,192.79626357615743,193.44525616341704,190.65843990714103,192.89170837402344,8370000,0.0,0.0
2024-05-16 00:00:00-04:00,192.99666261404684,195.15357782872618,192.77715708757773,193.23526000976562,8497900,0.0,0.0
2024-05-17 00:00:00-04:00,194.51414986383685,195.69759825802052,193.55976022547813,195.44944763183594,9260500,0.0,0.0
2024-05-20 00:00:00-04:00,195.06771712380632,196.48976306989658,186.4877481736679,186.6595458984375,17373300,0.0,0.0
2024-05-21 00:00:00-04:00,188.01476428528767,190.78248849278148,187.6330142438508,190.41983032226562,14420800,0.0,0.0
2024-05-22 00:00:00-04:00,189.92354585608186,191.77506416081215,188.6732977083887,189.2650146484375,9425300,0.0,0.0
2024-05-23 00:00:00-04:00,188.78780643900882,189.25546259056458,187.12717783768824,187.9384002685547,8069400,0.0,0.0
2024-05-24 00:00:00-04:00,188.73055741751145,191.6032650842563,188.54922104999036,191.55555725097656,7356200,0.0,0.0
2024-05-28 00:00:00-04:00,190.74432244521444,191.26923968293062,189.59905773927144,190.40074157714844,6910200,0.0,0.0
2024-05-29 00:00:00-04:00,188.9691437571096,189.91399471851386,187.90977070201868,189.07412719726562,6120000,0.0,0.0
2024-05-30 00:00:00-04:00,189.5036259486096,190.7347968781683,189.35092009391784,190.23851013183594,6829100,0.0,0.0
2024-05-31 00:00:00-04:00,190.20986585230213,194.02742456659686,189.3031985702233,193.3879852294922,14417900,0.0,0.0
2024-06-03 00:00:00-04:00,193.0825555190675,193.18753895642425,190.1048646599734,192.6149139404297,6444300,0.0,0.0
2024-06-04 00:00:00-04:00,191.0306378288864,192.7676194373073,189.2363806080914,190.0762481689453,6848300,0.0,0.0
2024-06-05 00:00:00-04:00,190.6488832103386,190.70615882571187,187.9384199292547,188.26290893554688,8351600,0.0,0.0
2024-06-06 00:00:00-04:00,188.2628911546147,188.9882365858564,186.4209261786032,187.92886352539062,7640300,0.0,0.0
2024-06-07 00:00:00-04:00,188.42513429310472,191.75595928489324,188.0242924032084,190.8302001953125,6964500,0.0,0.0
2024-06-10 00:00:00-04:00,190.15261775965763,191.67963261173603,189.38910305220256,190.5057373046875,6070800,0.0,0.0
2024-06-11 00:00:00-04:00,188.8832644889089,188.9118950141953,184.7698473106833,185.49517822265625,9235300,0.0,0.0
2024-06-12 00:00:00-04:00,187.06037343522323,187.747535155726,182.58428359797037,182.79425048828125,12751300,0.0,0.0
2024-06-13 00:00:00-04:00,183.54820887513762,185.7051240581642,182.1738855659129,184.82708740234375,8587800,0.0,0.0
2024-06-14 00:00:00-04:00,182.71787522988416,185.97234706899937,182.6892447085993,184.9416046142578,6874000,0.0,0.0
2024-06-17 00:00:00-04:00,184.6552991186537,186.65952314056108,183.85361533502265,186.08688354492188,8725400,0.0,0.0
2024-06-18 00:00:00-04:00,185.7242259848272,188.93097569239987,185.2756616981407,188.01475524902344,9023000,0.0,0.0
2024-06-20 00:00:00-04:00,187.43260457060572,190.3530349090619,187.16537660256606,189.60861206054688,8731100,0.0,0.0
2024-06-21 00:00:00-04:00,187.73801349633672,188.17702462466875,185.36157778424015,187.34671020507812,20972100,0.0,0.0
2024-06-24 00:00:00-04:00,188.78780188897784,190.14303335508282,188.11019343734003,189.8090057373047,9785900,0.0,0.0
2024-06-25 00:00:00-04:00,189.0550270132535,190.94472885295818,188.7209994004138,189.03594970703125,6862500,0.0,0.0
2024-06-26 00:00:00-04:00,188.44426277199767,188.9119190158098,187.32762845546597,188.4251708984375,7758600,0.0,0.0
2024-06-27 00:00:00-04:00,188.43471002085207,190.74433141255324,187.91933141310852,190.08580017089844,7913500,0.0,0.0
2024-06-28 00:00:00-04:00,190.88747429822308,193.35935463256504,190.20986578187188,193.03485107421875,15307600,0.0,0.0
2024-07-01 00:00:00-04:00,193.58841832722447,197.64457486806845,193.41663515800704,196.07937622070312,10205800,0.0,0.0
2024-07-02 00:00:00-04:00,195.92665854630712,199.33383682530447,195.43038637882975,199.30520629882812,7802900,0.0,0.0
2024-07-03 00:00:00-04:00,199.99237611377828,200.78452135813035,198.1790268412077,199.17160034179688,5560900,0.0,0.0
2024-07-05 00:00:00-04:00,198.64377422771068,199.0084419463454,196.27336816071954,196.532470703125,8093100,1.15,0.0
2024-07-08 00:00:00-04:00,196.77240817080718,198.55741017667097,195.7455601297792,196.8971710205078,8707000,0.0,0.0
2024-07-09 00:00:00-04:00,197.33859380980596,201.30205403205485,197.1658441534367,199.25794982910156,9058900,0.0,0.0
2024-07-10 00:00:00-04:00,197.8280277635907,199.58424030901233,197.29061041180532,199.4210968017578,8328500,0.0,0.0
2024-07-11 00:00:00-04:00,197.89522885627903,199.70901989248074,197.0986942703721,199.08522033691406,10658100,0.0,0.0
2024-07-12 00:00:00-04:00,195.77433759701847,199.085224201204,193.9509550160253,196.6764373779297,15443400,0.0,0.0
2024-07-15 00:00:00-04:00,198.83568835973134,203.07746338803915,198.3846385255346,201.5803680419922,10719700,0.0,0.0
2024-07-16 00:00:00-04:00,201.5323790339862,205.12158000845062,199.6897990400412,205.00640869140625,11557000,0.0,0.0
2024-07-17 00:00:00-04:00,205.17914727979345,208.78753107622654,204.670519141144,208.12535095214844,11572500,0.0,0.0
2024-07-18 00:00:00-04:00,206.93538878296755,207.90465837072435,200.80304644620205,201.51319885253906,12415100,0.0,0.0
2024-07-19 00:00:00-04:00,202.68401496985885,203.78765358828193,200.49595003902687,201.32127380371094,8095900,0.0,0.0
2024-07-22 00:00:00-04:00,201.97385135034514,203.6148926358178,201.25409280392114,201.8011016845703,7663200,0.0,0.0
2024-07-23 00:00:00-04:00,202.5112554797567,202.95269915898984,200.9085949784075,201.8490753173828,5557300,0.0,0.0
2024-07-24 00:00:00-04:00,201.10054238495405,203.4805398970385,199.6802229423339,200.1792449951172,7119000,0.0,0.0
2024-07-25 00:00:00-04:00,200.23684481683296,201.714757402726,199.66104669950047,200.25604248046875,6403800,0.0,0.0
2024-07-26 00:00:00-04:00,200.8030488593653,204.56498521561846,200.20803848586095,203.6820831298828,8027800,0.0,0.0
2024-07-29 00:00:00-04:00,204.0755227146991,204.99682004630137,202.0602076823259,202.34811401367188,6533600,0.0,0.0
2024-07-30 00:00:00-04:00,204.63216225145678,207.08893590558594,204.3730597013521,206.5131378173828,8850700,0.0,0.0
2024-07-31 00:00:00-04:00,206.11964077185962,207.6647229458713,204.09471959527943,204.219482421875,9071600,0.0,0.0
2024-08-01 00:00:00-04:00,204.6033650548551,205.20796693510616,198.05836812142135,199.5746612548828,10918600,0.0,0.0
2024-08-02 00:00:00-04:00,195.6591542348571,196.41729340747878,188.95099978059565,191.1102752685547,18041700,0.0,0.0
2024-08-05 00:00:00-04:00,186.2255269573448,188.26003972022244,183.2025323392783,187.04124450683594,13927000,0.0,0.0
2024-08-06 00:00:00-04:00,187.5211047088707,194.4307991057657,186.17756115587804,192.2619171142578,10605800,0.0,0.0
2024-08-07 00:00:00-04:00,195.3040570597253,197.45374096940827,192.12752534383736,192.3194580078125,9204400,0.0,0.0
2024-08-08 00:00:00-04:00,194.30600938741946,196.64762609323657,193.65342072084405,195.83189392089844,7761200,0.0,0.0
2024-08-09 00:00:00-04:00,195.26570304351597,198.14473732678184,194.71867950080318,197.5017547607422,5540200,0.0,0.0
2024-08-12 00:00:00-04:00,198.08715268440758,198.78771357086882,195.44803800867777,197.8760223388672,6936000,0.0,0.0
2024-08-13 00:00:00-04:00,199.35391161147854,199.6993962854889,197.11786006073427,199.55545043945312,6387800,0.0,0.0
2024-08-14 00:00:00-04:00,199.36351554061437,202.26173259433187,198.76850521541047,201.76271057128906,6999800,0.0,0.0
2024-08-15 00:00:00-04:00,204.41142772567014,205.26554061728052,202.58804526064463,203.0198974609375,7001000,0.0,0.0
2024-08-16 00:00:00-04:00,203.15423577226989,205.45745708775618,203.0582621159896,205.34230041503906,7931200,0.0,0.0
2024-08-19 00:00:00-04:00,205.37110402457384,206.83941027906192,205.19836900335173,206.76263427734375,6090800,0.0,0.0
2024-08-20 00:00:00-04:00,206.33080438043606,207.29048254034507,205.0640221804634,205.8701629638672,5640000,0.0,0.0
2024-08-21 00:00:00-04:00,205.78375651861572,206.33078003410972,204.25787193885594,205.94691467285156,5202300,0.0,0.0
2024-08-22 00:00:00-04:00,205.92773744679954,208.05822409330662,205.6974094210733,207.89508056640625,5247100,0.0,0.0
2024-08-23 00:00:00-04:00,208.82597617549752,210.35186095519518,207.77032432842734,209.50733947753906,7214000,0.0,0.0
2024-08-26 00:00:00-04:00,210.17908959536388,210.82207214735465,209.25780684522277,210.3326416015625,5105200,0.0,0.0
2024-08-27 00:00:00-04:00,210.6589278507846,211.5322384088343,210.3518384830516,211.30191040039062,5185200,0.0,0.0
2024-08-28 00:00:00-04:00,210.40942013221067,213.25007370690733,210.35184179007584,212.36715698242188,6506400,0.0,0.0
2024-08-29 00:00:00-04:00,213.19245279825017,213.98898726168142,210.11189474931135,213.2500457763672,6416100,0.0,0.0
2024-08-30 00:00:00-04:00,213.52837890369267,216.38821556365377,212.98135535356386,215.7356414794922,8574100,0.0,0.0
2024-09-03 00:00:00-04:00,213.3364091036726,215.06383232529197,210.39979694868128,211.41705322265625,8956100,0.0,0.0
2024-09-04 00:00:00-04:00,212.1272474569603,213.11572940311365,208.4516931045851,210.4862060546875,7389500,0.0,0.0
2024-09-05 00:00:00-04:00,211.27311444323652,211.8969139547451,207.31924560820755,208.854736328125,8067900,0.0,0.0
2024-09-06 00:00:00-04:00,208.82596392525963,209.91999639189612,202.57845001745773,203.89321899414062,7777000,0.0,0.0
2024-09-09 00:00:00-04:00,206.51312105129102,209.35375986693387,205.54383685302398,208.0677947998047,8935100,0.0,0.0
2024-09-10 00:00:00-04:00,209.78560122187278,209.82398189589819,192.52099000049404,197.27139282226562,28406900,0.0,0.0
2024-09-11 00:00:00-04:00,196.97391086092546,199.3251190484655,193.6918138354718,198.8740692138672,13658700,0.0,0.0
2024-09-12 00:00:00-04:00,199.27713568329062,200.36157653556083,196.6284296106188,198.2694854736328,9054400,0.0,0.0
2024-09-13 00:00:00-04:00,198.51899663631963,199.46908315177689,194.83383653849526,196.0814208984375,10226700,0.0,0.0
2024-09-16 00:00:00-04:00,197.5305381683303,199.81457665233654,197.30021016072058,199.4786834716797,8634900,0.0,0.0
2024-09-17 00:00:00-04:00,199.35392255393126,201.46521139164926,199.28675270326914,200.81263732910156,7573300,0.0,0.0
2024-09-18 00:00:00-04:00,200.58229137057424,202.81834284396587,198.3654375571648,199.16197204589844,8259900,0.0,0.0
2024-09-19 00:00:00-04:00,201.32123983612308,203.3653585622174,198.9796232875222,201.99301147460938,11635200,0.0,0.0
2024-09-20 00:00:00-04:00,201.46520015567114,202.89512568030523,201.05254563504943,202.57843017578125,20885000,0.0,0.0
2024-09-23 00:00:00-04:00,202.49207645675105,203.25982185543435,201.52280686007273,202.91433715820312,7223500,0.0,0.0
2024-09-24 00:00:00-04:00,202.63601263414566,204.3634360377964,201.88746493315114,203.0582733154297,7323200,0.0,0.0
2024-09-25 00:00:00-04:00,203.1446478984502,203.68207992104146,200.19844382266885,201.71473693847656,8976500,0.0,0.0
2024-09-26 00:00:00-04:00,202.61684511643884,203.16385402738385,200.58231755493514,201.32127380371094,7807500,0.0,0.0
2024-09-27 00:00:00-04:00,202.15616813497374,203.87399998332447,200.88940076897532,202.01222229003906,7032500,0.0,0.0
2024-09-30 00:00:00-04:00,197.99117378793656,202.45368545325593,196.98350891876606,202.3577117919922,8663800,0.0,0.0
2024-10-01 00:00:00-04:00,200.4767591421218,200.65910033309902,197.87603956294308,198.69175720214844,8540100,0.0,0.0
2024-10-02 00:00:00-04:00,198.73010120766634,200.52469419400262,197.39614951295468,198.93162536621094,5810900,0.0,0.0
2024-10-03 00:00:00-04:00,197.85681157736644,198.16391556637382,196.10059907948147,196.9547119140625,7251300,0.0,0.0
2024-10-04 00:00:00-04:00,202.09150201972523,204.37987213930614,199.78381659479555,203.94537353515625,10211700,1.25,0.0
2024-10-07 00:00:00-04:00,203.7619212935509,205.9827100132501,202.4680757269759,203.6653594970703,6718900,0.0,0.0
2024-10-08 00:00:00-04:00,203.32740337902976,204.05157258412177,201.20317665741186,203.49154663085938,6021800,0.0,0.0
2024-10-09 00:00:00-04:00,202.47769976692018,206.8613454534999,202.1687285781039,206.069580078125,7024000,0.0,0.0
2024-10-10 00:00:00-04:00,207.41171960680364,207.41171960680364,204.18675618891916,205.5095672607422,7927100,0.0,0.0
2024-10-11 00:00:00-04:00,208.24209865254014,216.89351339672228,207.74966888805528,214.63409423828125,18320700,0.0,0.0
2024-10-14 00:00:00-04:00,215.51276767760157,215.99554718168815,211.34156042358927,213.8520050048828,9048900,0.0,0.0
2024-10-15 00:00:00-04:00,215.95693117924253,217.68527532023913,214.1803061412129,214.7306671142578,9235800,0.0,0.0
2024-10-16 00:00:00-04:00,214.6727269219523,215.97622268757254,213.42714760377535,215.93760681152344,6382500,0.0,0.0
2024-10-17 00:00:00-04:00,216.54592216463283,218.0715071604394,215.6189790372494,216.6907501220703,6470200,0.0,0.0
2024-10-18 00:00:00-04:00,217.2507648690765,218.13907733966104,215.4162087479307,217.60801696777344,7000500,0.0,0.0
2024-10-21 00:00:00-04:00,217.46319852448005,217.92666271781536,215.22309457904748,215.3196563720703,5870000,0.0,0.0
2024-10-22 00:00:00-04:00,215.3389560319398,217.521113903058,213.48508466002997,216.40106201171875,9586800,0.0,0.0
2024-10-23 00:00:00-04:00,215.95692013506684,217.05765675812557,214.86583379761672,215.7155303955078,6180500,0.0,0.0
2024-10-24 00:00:00-04:00,214.18994055717258,217.30869179537711,214.0257973060313,217.2314453125,6002200,0.0,0.0
2024-10-25 00:00:00-04:00,217.25076784703845,217.84940969268465,213.2726696126605,214.65341186523438,6369700,0.0,0.0
2024-10-28 00:00:00-04:00,215.65760510182318,217.868728693903,215.27137266803004,217.73355102539062,6843000,0.0,0.0
2024-10-29 00:00:00-04:00,217.45356787451635,218.94052238181695,215.1362172320612,215.22311401367188,6580000,0.0,0.0
2024-10-30 00:00:00-04:00,214.87548602178538,218.5156474524891,213.94855766414204,216.68109130859375,7110900,0.0,0.0
2024-10-31 00:00:00-04:00,216.96109290971893,217.91700157327347,214.18029315501,214.27684020996094,7829900,0.0,0.0
2024-11-01 00:00:00-04:00,215.86036059570225,218.36115478761525,215.0299792936343,215.26171875,6923500,0.0,0.0
2024-11-04 00:00:00-05:00,214.9817056480971,216.05347672838175,211.62156445041862,212.21055603027344,8229600,0.0,0.0
2024-11-05 00:00:00-05:00,212.45192606649232,214.3154624265246,212.42296047781522,213.8616485595703,5600700,0.0,0.0
2024-11-06 00:00:00-05:00,226.90635614480942,239.45862265494782,226.68428170878914,238.55099487304688,23987800,0.0,0.0
2024-11-07 00:00:00-05:00,236.07918035167899,236.1467765550335,227.11879382619438,228.2388458251953,16451100,0.0,0.0
2024-11-08 00:00:00-05:00,231.0968653627636,231.0968653627636,227.6594780097169,228.81814575195312,9502100,0.0,0.0
2024-11-11 00:00:00-05:00,231.734152593889,233.76183232238978,230.7685936247478,231.04859924316406,9017100,0.0,0.0
2024-11-12 00:00:00-05:00,232.265204302032,233.1438664671285,230.53684556117094,231.30929565429688,6861000,0.0,0.0
2024-11-13 00:00:00-05:00,232.29417630585863,235.68328295062503,232.03347126141182,232.8542022705078,11472600,0.0,0.0
2024-11-14 00:00:00-05:00,234.07080953881766,235.87640014281013,232.7479984317867,233.5397491455078,10172200,0.0,0.0
2024-11-15 00:00:00-05:00,233.1438739185833,237.93303812916133,233.1438739185833,236.86126708984375,11518800,0.0,0.0
2024-11-18 00:00:00-05:00,239.2268682839051,239.3910115292734,234.3218272931725,236.5908966064453,9051400,0.0,0.0
2024-11-19 00:00:00-05:00,233.90664645217612,236.70676140391376,233.2307581603698,234.71771240234375,6792700,0.0,0.0
2024-11-20 00:00:00-05:00,235.9826082126915,236.1853820806055,230.42099380614764,232.48728942871094,9015300,0.0,0.0
2024-11-21 00:00:00-05:00,234.85292652668068,237.0350994361045,233.77150509187655,236.33023071289062,8783500,0.0,0.0
2024-11-22 00:00:00-05:00,235.219821387118,240.5690116009233,234.65979541625032,239.98968505859375,7997300,0.0,0.0
2024-11-25 00:00:00-05:00,240.99385046333052,245.55128980408418,240.48210540768852,241.66973876953125,10295400,0.0,0.0
2024-11-26 00:00:00-05:00,241.86288889278865,242.3553186985206,239.78692811975665,241.3607940673828,6212100,0.0,0.0
2024-11-27 00:00:00-05:00,240.76213237626226,242.53875732525523,240.20210641192003,241.1869659423828,5472300,0.0,0.0
2024-11-29 00:00:00-05:00,241.25457769809182,243.09879896511487,240.85869496329937,241.11940002441406,5494800,0.0,0.0
2024-12-02 00:00:00-05:00,240.9552533116239,241.63114167034325,236.59092247162565,237.76890563964844,8899700,0.0,0.0
2024-12-03 00:00:00-05:00,239.68071342355267,240.46281387900356,236.20470976229734,236.38816833496094,6657700,0.0,0.0
2024-12-04 00:00:00-05:00,236.2722736572103,236.89989581875426,233.8873418565162,235.0170440673828,7346300,0.0,0.0
2024-12-05 00:00:00-05:00,236.93850911465168,238.66685314495626,236.19502460109126,237.02540588378906,6572500,0.0,0.0
2024-12-06 00:00:00-05:00,237.2378514526948,239.20760013056864,236.40747009501496,238.84068298339844,5519700,0.0,0.0
2024-12-09 00:00:00-05:00,238.61859624597477,239.3331004642951,235.36465245379455,235.41293334960938,7076500,0.0,0.0
2024-12-10 00:00:00-05:00,235.49019112567362,239.4200234478752,233.87770931432982,234.49566650390625,9108300,0.0,0.0
2024-12-11 00:00:00-05:00,235.59639202600604,235.85709707692163,233.8390676036829,235.142578125,7884400,0.0,0.0
2024-12-12 00:00:00-05:00,234.63082916006218,235.692949917877,232.73832710066324,233.21145629882812,6113800,0.0,0.0
2024-12-13 00:00:00-05:00,233.7328537003409,234.36046110198654,230.90375841719614,231.67620849609375,10392700,0.0,0.0
2024-12-16 00:00:00-05:00,232.32313781366128,232.38106899290696,229.33956421642742,231.32861328125,9032000,0.0,0.0
2024-12-17 00:00:00-05:00,230.43062510460985,230.78789191547116,228.48020673867956,230.15061950683594,8083600,0.0,0.0
2024-12-18 00:00:00-05:00,230.7685845656322,230.8361807627836,221.62474030815744,222.43580627441406,11322400,0.0,0.0
2024-12-19 00:00:00-05:00,224.2704073978834,228.2195404244562,224.2704073978834,224.9366455078125,11790800,0.0,0.0
2024-12-20 00:00:00-05:00,223.9324564524048,230.97139028265684,223.6138201931546,229.41683959960938,32348400,0.0,0.0
2024-12-23 00:00:00-05:00,227.93952196997523,230.4016856524641,226.79050439374112,230.1796112060547,8611500,0.0,0.0
2024-12-24 00:00:00-05:00,231.1837698892596,234.13839262104892,230.836182814854,233.96458435058594,3729100,0.0,0.0
2024-12-26 00:00:00-05:00,233.11489415476902,234.88186883103566,232.4969370056862,234.76600646972656,4451800,0.0,0.0
2024-12-27 00:00:00-05:00,234.36049582992294,235.0074186310496,231.7727898921543,232.86387634277344,5730200,0.0,0.0
2024-12-30 00:00:00-05:00,230.54651531283838,232.54521468407714,228.94368391501692,231.07757568359375,5723800,0.0,0.0
2024-12-31 00:00:00-05:00,231.78244913333967,233.1245756017034,230.7975747930278,231.45416259765625,4871000,0.0,0.0
2025-01-02 00:00:00-05:00,232.6224738942401,234.9011937371106,231.20310097714537,231.73416137695312,9220900,0.0,0.0
2025-01-03 00:00:00-05:00,235.4901756406523,236.4460843210158,231.9851918792467,234.90118408203125,9491100,0.0,0.0
2025-01-06 00:00:00-05:00,236.52199744283416,238.45338882592614,233.4938994273639,233.75595092773438,9917800,1.25,0.0
2025-01-07 00:00:00-05:00,235.00793797890452,238.03603585964578,233.8044559653357,236.00759887695312,8753400,0.0,0.0
2025-01-08 00:00:00-05:00,235.5999684129956,237.05578696137664,233.41624059042408,235.96878051757812,8675300,0.0,0.0
2025-01-10 00:00:00-05:00,235.92996814062778,236.628762281155,231.70810291840846,232.8048095703125,10256800,0.0,0.0
2025-01-13 00:00:00-05:00,232.61069705427852,237.3372500960213,231.96043318189513,237.01698303222656,10005300,0.0,0.0
2025-01-14 00:00:00-05:00,235.51263136841433,240.42359041299397,235.05647368868276,240.1809539794922,12407400,0.0,0.0
2025-01-15 00:00:00-05:00,243.02466018784034,246.19834907161936,236.50259128635952,244.917236328125,18448500,0.0,0.0
2025-01-16 00:00:00-05:00,246.51863391142942,249.46910144518222,244.89782419787434,246.7806854248047,15292300,0.0,0.0
2025-01-17 00:00:00-05:00,246.65451296396108,252.9436457019137,244.71342133292043,251.5266571044922,17678100,0.0,0.0
2025-01-21 00:00:00-05:00,252.40987678428797,256.46675149701815,251.85665851835842,255.28268432617188,13712100,0.0,0.0
2025-01-22 00:00:00-05:00,255.15651224509637,255.62238494176535,252.5845715231655,255.09828186035156,9021900,0.0,0.0
2025-01-23 00:00:00-05:00,256.8937411358266,258.99980869731013,256.03965618936724,258.11663818359375,10749700,0.0,0.0
2025-01-24 00:00:00-05:00,255.92321545084891,259.2327800677332,255.26325143834285,257.0393371582031,7666300,0.0,0.0
2025-01-27 00:00:00-05:00,256.389052216982,258.1360225042347,254.5353065086594,258.0195617675781,7522300,0.0,0.0
2025-01-28 00:00:00-05:00,258.0195637615963,259.45595234973075,257.02958825496063,259.2715759277344,7375400,0.0,0.0
2025-01-29 00:00:00-05:00,259.3395063870375,262.7073011271936,257.78662735417487,258.7280578613281,7684900,0.0,0.0
2025-01-30 00:00:00-05:00,260.71768010583645,261.75617104949805,258.766873890751,260.3294677734375,8753500,0.0,0.0
2025-01-31 00:00:00-05:00,261.3000250446993,262.8431891272981,259.09686738707205,259.4268493652344,7193800,0.0,0.0
2025-02-03 00:00:00-05:00,254.11799568005065,260.2712821624786,253.99184960482245,258.9513244628906,8381400,0.0,0.0
2025-02-04 00:00:00-05:00,261.8920964318822,261.8920964318822,258.97074385814113,260.0480651855469,5626000,0.0,0.0
2025-02-05 00:00:00-05:00,260.9894115303653,262.668466021139,260.42647851599486,262.4646301269531,5704400,0.0,0.0
2025-02-06 00:00:00-05:00,264.4251692984596,268.8217398268807,263.2022723240967,268.74407958984375,7264400,0.0,0.0
2025-02-07 00:00:00-05:00,269.10318646976515,270.3454837389774,266.61859193134063,267.6764831542969,6857900,0.0,0.0
2025-02-10 00:00:00-05:00,268.01620681498275,268.0453220031556,261.64942897239877,263.0567321777344,8627400,0.0,0.0
2025-02-11 00:00:00-05:00,262.29974816032586,268.08419351374835,261.71741468826207,266.8904113769531,7196400,0.0,0.0
2025-02-12 00:00:00-05:00,266.0071500330046,268.3073682010428,265.20161014147436,267.3368225097656,6683900,0.0,0.0
2025-02-13 00:00:00-05:00,267.3853283146615,268.812031614192,265.74510378599365,268.1811828613281,8398700,0.0,0.0
2025-02-14 00:00:00-05:00,269.20029238564155,271.0055230328968,268.30740680766394,268.4432678222656,5688600,0.0,0.0
2025-02-18 00:00:00-05:00,268.6082414686908,271.72368491952835,267.89001749911944,271.70428466796875,7919800,0.0,0.0
2025-02-19 00:00:00-05:00,270.18056269758443,271.99547872654324,269.0547259396898,271.0249328613281,7007200,0.0,0.0
2025-02-20 00:00:00-05:00,270.47167738640707,270.52990776080935,257.9128132494212,258.94158935546875,13846700,0.0,0.0
2025-02-21 00:00:00-05:00,260.4168439978953,261.27092900098586,255.0982425996441,256.4570007324219,12835600,0.0,0.0
2025-02-24 00:00:00-05:00,257.67020002120825,259.1357336859581,250.9928400471611,253.64244079589844,10372800,0.0,0.0
2025-02-25 00:00:00-05:00,254.50623421668564,255.2535438153115,245.88778282719832,249.8184814453125,9608400,0.0,0.0
2025-02-26 00:00:00-05:00,249.5855472014318,253.22509374318383,249.36231101747035,251.16754150390625,5943600,0.0,0.0
2025-02-27 00:00:00-05:00,252.5165975848914,255.87470735773962,250.2649242342284,251.4198760986328,8204400,0.0,0.0
2025-02-28 00:00:00-05:00,253.05042685493686,257.0102408394051,250.2940802308907,256.8549499511719,10467100,0.0,0.0
2025-03-03 00:00:00-05:00,256.2240834773225,258.47575677394605,250.22611772259287,252.94363403320312,9058300,0.0,0.0
2025-03-04 00:00:00-05:00,247.76091803763094,249.6534940988536,238.70572440707394,242.8790740966797,13465600,0.0,0.0
2025-03-05 00:00:00-05:00,243.8496320279879,245.59661742826808,240.53036717213234,244.1213836669922,7861400,0.0,0.0
2025-03-06 00:00:00-05:00,240.80209946195242,242.015281613365,236.66758002130527,239.27833557128906,9983200,0.0,0.0
2025-03-07 00:00:00-05:00,238.00692097749285,239.4530394207747,232.36805275623323,235.14381408691406,20498700,0.0,0.0
2025-03-10 00:00:00-04:00,229.25259416347373,230.51429165912617,221.96378686477144,225.38011169433594,18887200,0.0,0.0
2025-03-11 00:00:00-04:00,224.9239788967364,226.44774284176466,220.01301974210133,222.39085388183594,18143000,0.0,0.0
2025-03-12 00:00:00-04:00,227.1076817928428,227.41826350891142,220.56619878932352,221.18734741210938,16054000,0.0,0.0
2025-03-13 00:00:00-04:00,222.54614892341084,222.74025511632564,217.62547474110963,218.5572052001953,16467900,0.0,0.0
2025-03-14 00:00:00-04:00,221.40089366257604,226.27303751626079,220.87680546916633,225.59365844726562,11962100,0.0,0.0
2025-03-17 00:00:00-04:00,224.37076354224342,228.72851937201781,223.67198421387434,227.03976440429688,9586000,0.0,0.0
2025-03-18 00:00:00-04:00,227.4182844946614,229.2137852248078,226.6418449421928,228.04913330078125,10344900,0.0,0.0
2025-03-19 00:00:00-04:00,228.79645015668714,235.19234280757902,227.97148038251137,232.0671844482422,10120600,0.0,0.0
2025-03-20 00:00:00-04:00,229.5923043813926,234.6391394103261,229.24290731273203,231.9701385498047,8328500,0.0,0.0
2025-03-21 00:00:00-04:00,230.8054931833966,235.16324913514356,229.5340805612011,234.5129852294922,19326900,0.0,0.0
2025-03-24 00:00:00-04:00,238.2495608050386,241.36501910335522,237.21108457850144,240.75357055664062,9422700,0.0,0.0
2025-03-25 00:00:00-04:00,241.96676910521467,244.40284852183765,240.32654434675553,243.73316955566406,9287700,0.0,0.0
2025-03-26 00:00:00-04:00,245.1598570425021,247.16887900045046,242.42291097853027,243.63609313964844,12779300,0.0,0.0
2025-03-27 00:00:00-04:00,242.18028645376282,243.25759285817858,239.89949795497841,240.8118133544922,8022500,0.0,0.0
2025-03-28 00:00:00-04:00,239.6665652294854,242.16086005777964,234.00828183952703,235.69703674316406,11978400,0.0,0.0
2025-03-31 00:00:00-04:00,232.35837590862877,238.6183934207807,230.3687540364097,238.07489013671875,13603000,0.0,0.0
2025-04-01 00:00:00-04:00,235.47379373127083,238.45337614807622,233.78505368597595,236.48316955566406,8054700,0.0,0.0
2025-04-02 00:00:00-04:00,234.4838551459041,239.9674326166383,234.34797933558323,238.57955932617188,7758800,0.0,0.0
2025-04-03 00:00:00-04:00,227.36974842028587,228.21411845193424,220.6050436132751,221.9541015625,17188500,0.0,0.0
2025-04-04 00:00:00-04:00,210.25535885692955,212.58925038559218,204.02513159690807,205.34344482421875,27170700,1.4,0.0
2025-04-07 00:00:00-04:00,200.9393169780438,216.83712407913987,197.41406528016333,209.40577697753906,22914400,0.0,0.0
2025-04-08 00:00:00-04:00,218.27259368729497,222.49116855668552,208.24369056058796,211.77870178222656,19485700,0.0,0.0
2025-04-09 00:00:00-04:00,207.5113154920403,231.9048767833682,206.04652973562588,228.83859252929688,24022400,0.0,0.0
2025-04-10 00:00:00-04:00,224.60048894505405,224.9422782580252,214.9329086419956,221.77833557128906,18896400,0.0,0.0
2025-04-11 00:00:00-04:00,220.99708791596365,232.97903852434644,219.71784418502205,230.6549072265625,20284500,0.0,0.0
2025-04-14 00:00:00-04:00,231.53378705459363,234.1508635519738,228.14524845049638,229.20965576171875,13017800,0.0,0.0
2025-04-15 00:00:00-04:00,230.5572900044825,233.04741393456666,227.3542929260278,227.65701293945312,10912900,0.0,0.0
2025-04-16 00:00:00-04:00,226.55352634462056,228.09643576900157,222.5790672431111,224.21963500976562,9322300,0.0,0.0
2025-04-17 00:00:00-04:00,225.38170933973876,228.83859723978307,225.13757837531108,226.5144805908203,9557900,0.0,0.0
2025-04-21 00:00:00-04:00,225.21569525952322,226.36798622449223,221.02639969234494,223.61419677734375,8716200,0.0,0.0
2025-04-22 00:00:00-04:00,226.53399818903708,230.44986835764868,225.9383180454656,230.0592498779297,10701400,0.0,0.0
2025-04-23 00:00:00-04:00,234.58055782870665,240.99631170351697,234.36572139205154,235.22506713867188,14126800,0.0,0.0
2025-04-24 00:00:00-04:00,234.11184368965115,239.7073214295824,232.0025485026731,238.8968048095703,9055200,0.0,0.0
2025-04-25 00:00:00-04:00,238.90653414902246,239.85376339709086,236.07462117887317,237.83236694335938,8588600,0.0,0.0
2025-04-28 00:00:00-04:00,238.81868556081264,241.04515888837096,235.18601541572858,237.51014709472656,7394300,0.0,0.0
2025-04-29 00:00:00-04:00,236.50429740144966,239.49245779349746,236.01603550992368,238.8772430419922,7216800,0.0,0.0
2025-04-30 00:00:00-04:00,235.54730826621847,239.46316327205153,232.83255844080918,238.8772430419922,12991700,0.0,0.0
2025-05-01 00:00:00-04:00,237.1390391998316,242.6173383874093,236.48477003311547,241.09396362304688,8689600,0.0,0.0
2025-05-02 00:00:00-04:00,245.36137644120922,247.66597331622904,243.60364543700763,246.58203125,7165000,0.0,0.0
2025-05-05 00:00:00-04:00,245.28325170363556,249.16982732673011,244.7071062124704,246.630859375,5450700,0.0,0.0
2025-05-06 00:00:00-04:00,244.13095242759528,246.71873456309945,243.1544286178849,243.3985595703125,6369900,0.0,0.0
2025-05-07 00:00:00-04:00,243.98448584012095,246.5234388677099,242.98842735746476,243.5352783203125,8724100,0.0,0.0
2025-05-08 00:00:00-04:00,245.66411138304096,249.87292678022158,245.64457673393773,247.51950073242188,8320100,0.0,0.0
2025-05-09 00:00:00-04:00,248.52533403320697,249.51161781388714,246.4160388204813,247.138671875,5087600,0.0,0.0
2025-05-12 00:00:00-04:00,256.7281061698435,257.4116847639064,252.62672400889193,253.94500732421875,9603900,0.0,0.0
2025-05-13 00:00:00-04:00,254.90204315724205,257.480080666336,254.2770833315241,256.8355712890625,8589000,0.0,0.0
2025-05-14 00:00:00-04:00,256.8257411230891,260.3803018066779,256.1324176187488,259.4037780761719,8643100,0.0,0.0
2025-05-15 00:00:00-04:00,260.7025759874391,263.19269990894253,258.5444666020599,261.2103576660156,9214600,0.0,0.0
2025-05-16 00:00:00-04:00,261.22009748379395,262.1575519192299,258.49558793581224,261.2786865234375,8932900,0.0,0.0
2025-05-19 00:00:00-04:00,259.31587533133506,262.02086524830315,255.78086405036862,258.66162109375,12145000,0.0,0.0
2025-05-20 00:00:00-04:00,256.35705189258454,260.3998752754938,256.14221543550514,259.44287109375,8436300,0.0,0.0
2025-05-21 00:00:00-04:00,258.1440958860731,259.41356502066975,254.60908417787425,254.91180419921875,7464000,0.0,0.0
2025-05-22 00:00:00-04:00,253.34935623964725,256.1422002145729,252.79273047922572,254.5504913330078,6514100,0.0,0.0
2025-05-23 00:00:00-04:00,250.78110131024334,255.83948797883488,249.99011933238478,254.58953857421875,6671800,0.0,0.0
2025-05-27 00:00:00-04:00,255.8883093139594,259.0717566921421,255.83946524243134,259.06201171875,7506600,0.0,0.0
2025-05-28 00:00:00-04:00,259.9897008471859,260.45844302460614,256.7281147573034,257.30426025390625,5535400,0.0,0.0
2025-05-29 00:00:00-04:00,258.58353340559717,259.17922851944735,256.3668347386543,258.16363525390625,5081200,0.0,0.0
2025-05-30 00:00:00-04:00,257.265230909512,259.10107079095377,256.56213251620557,257.80230712890625,10977700,0.0,0.0
2025-06-02 00:00:00-04:00,256.84526410102234,258.8080863604011,255.75156227727646,258.44677734375,6011200,0.0,0.0
2025-06-03 00:00:00-04:00,257.53863293425644,260.32170192801004,256.70858174263634,260.01898193359375,6998400,0.0,0.0
2025-06-04 00:00:00-04:00,259.67722274650265,260.8490334291481,257.9780510648975,258.0171203613281,5915700,0.0,0.0
2025-06-05 00:00:00-04:00,258.5249103385397,258.5249103385397,254.1989169051607,255.80043029785156,8173800,0.0,0.0
2025-06-06 00:00:00-04:00,258.1245116003273,260.3900538690605,258.0561775861971,259.4916687011719,7738100,0.0,0.0
2025-06-09 00:00:00-04:00,259.75531775168025,261.61070691825,257.1675357719009,260.4779357910156,8285000,0.0,0.0
2025-06-10 00:00:00-04:00,259.63816546492893,262.58725675736963,259.6088709415357,262.2943115234375,7538100,0.0,0.0
2025-06-11 00:00:00-04:00,262.37241483499554,263.2903496169879,259.5502764699578,261.8548583984375,7434100,0.0,0.0
2025-06-12 00:00:00-04:00,260.5951413369258,261.9915930968164,258.91554891738133,261.9427490234375,6618000,0.0,0.0
2025-06-13 00:00:00-04:00,258.85693405632503,260.75139274608847,256.5425772552077,258.7300109863281,7098300,0.0,0.0
2025-06-16 00:00:00-04:00,260.73183404829985,265.3508019866292,260.58536145007355,264.012939453125,8566000,0.0,0.0
2025-06-17 00:00:00-04:00,261.8744350431756,264.2376062617283,261.51309615663433,263.1927185058594,6739300,0.0,0.0
2025-06-18 00:00:00-04:00,263.6614166167527,271.200181276507,263.3879911545291,267.5284423828125,9586400,0.0,0.0
2025-06-20 00:00:00-04:00,269.1006625666469,270.79002961674195,267.3819711943445,268.5440368652344,13969700,0.0,0.0
2025-06-23 00:00:00-04:00,268.60267120020006,272.0107301972778,265.72191367124316,271.7373046875,8094600,0.0,0.0
2025-06-24 00:00:00-04:00,273.6317365805569,276.0730461780452,272.94818777394573,274.6571044921875,9267900,0.0,0.0
2025-06-25 00:00:00-04:00,274.8914587952529,277.60619385702887,274.3153133103271,277.391357421875,6826900,0.0,0.0
2025-06-26 00:00:00-04:00,278.01631280950784,282.6157311500764,277.79170162727115,281.9712219238281,8942100,0.0,0.0
2025-06-27 00:00:00-04:00,279.10025150036057,281.92241945147737,278.34833893885445,280.3697204589844,17868600,0.0,0.0
2025-06-30 00:00:00-04:00,283.5825215764878,285.77970025058426,282.13728534359143,283.1040344238281,12689200,0.0,0.0
2025-07-01 00:00:00-04:00,284.06099674861144,284.29535290301186,279.86192690839204,283.5922546386719,9338300,0.0,0.0
2025-07-02 00:00:00-04:00,285.1840583153917,285.945745792629,282.8989958836799,285.1449890136719,8158700,0.0,0.0
2025-07-03 00:00:00-04:00,286.66586822419856,290.8360888827844,285.74351114178125,290.443603515625,6541600,1.4,0.0
2025-07-07 00:00:00-04:00,289.7076857742013,290.4828645965253,284.6347217587213,286.4892578125,8825700,0.0,0.0
2025-07-08 00:00:00-04:00,283.83990288185674,284.26185381377417,275.04810559551106,277.47174072265625,15440900,0.0,0.0
2025-07-09 00:00:00-04:00,281.7891623646238,281.8088060970764,277.1774068900867,277.8446350097656,11273800,0.0,0.0
2025-07-10 00:00:00-04:00,277.687634657396,282.89795501811136,277.687634657396,282.78021240234375,8410900,0.0,0.0
2025-07-11 00:00:00-04:00,280.16028588065166,281.9853860406829,278.3253938002881,281.4751281738281,7384700,0.0,0.0
2025-07-14 00:00:00-04:00,281.6812629749765,283.8693832899546,279.9052418467557,283.2806701660156,9079900,0.0,0.0
2025-07-15 00:00:00-04:00,282.5937831680985,286.46964738040805,280.121098345475,281.1709899902344,12526100,0.0,0.0
2025-07-16 00:00:00-04:00,282.9862680414337,285.2725470105113,277.6974624718264,280.4547119140625,9979800,0.0,0.0
2025-07-17 00:00:00-04:00,278.11937245969557,284.85058472552134,278.11937245969557,284.4580993652344,8509500,0.0,0.0
2025-07-18 00:00:00-04:00,284.08521856694546,287.009289803847,282.819455566978,285.8023681640625,12217000,0.0,0.0
2025-07-21 00:00:00-04:00,285.5374312562634,288.65773001934355,285.125302200427,285.50799560546875,7898100,0.0,0.0
2025-07-22 00:00:00-04:00,286.0280742772089,288.11809552877634,283.75161723688194,285.9593811035156,6717500,0.0,0.0
2025-07-23 00:00:00-04:00,287.3429329100002,291.4150249489527,287.0583682777473,291.1893615722656,7083500,0.0,0.0
2025-07-24 00:00:00-04:00,291.83697024730424,293.9662191525474,290.6398703754944,290.9832763671875,7001200,0.0,0.0
2025-07-25 00:00:00-04:00,291.1304626389869,293.2891470363467,290.4043332995373,293.014404296875,5918500,0.0,0.0
2025-07-28 00:00:00-04:00,292.0724598113122,293.809223362686,291.24823151855605,292.6808166503906,5840400,0.0,0.0
2025-07-29 00:00:00-04:00,294.36850837533046,295.63430134586406,290.63985258046154,291.4640808105469,7635700,0.0,0.0
2025-07-30 00:00:00-04:00,291.83695632333047,294.9670472888904,291.79769880383014,294.0054626464844,8061700,0.0,0.0
2025-07-31 00:00:00-04:00,293.5246633224064,295.33011989507037,289.9529777509294,290.6790771484375,14749700,0.0,0.0
2025-08-01 00:00:00-04:00,284.9487439683445,286.32245784834123,278.9043729516421,283.9380798339844,12007100,0.0,0.0
2025-08-04 00:00:00-04:00,284.8113235431083,288.7951078721262,284.8113235431083,288.7362365722656,6649500,0.0,0.0
2025-08-05 00:00:00-04:00,289.15819815384634,290.2375553774225,281.84803463230764,285.9005126953125,7182300,0.0,0.0
2025-08-06 00:00:00-04:00,286.8130388717205,287.784475314663,284.71322574362773,285.8808898925781,6330200,0.0,0.0
2025-08-07 00:00:00-04:00,287.4410819950435,287.95131003993225,281.0336610252057,281.5537109375,8057100,0.0,0.0
2025-08-08 00:00:00-04:00,283.55537949152693,285.7631432800269,279.365515270513,283.3395080566406,6634100,0.0,0.0
2025-08-11 00:00:00-04:00,283.9674810703858,285.8514526951056,283.3591242790355,284.1244812011719,5510100,0.0,0.0
2025-08-12 00:00:00-04:00,286.02805793473163,289.21705000432985,284.88982947960193,287.35272216796875,8570900,0.0,0.0
2025-08-13 00:00:00-04:00,288.43210834423235,289.0208214451698,281.7695589346143,285.0762939453125,8420400,0.0,0.0
2025-08-14 00:00:00-04:00,285.1253385944976,288.67741059714604,284.20301143696577,288.6381530761719,6322400,0.0,0.0
2025-08-15 00:00:00-04:00,289.30539816837313,289.9530125511936,284.37964203474183,285.03704833984375,7340500,0.0,0.0
2025-08-18 00:00:00-04:00,284.5562169634104,286.4205448097455,282.9960675051489,286.0574951171875,5386900,0.0,0.0
2025-08-19 00:00:00-04:00,285.3706189495528,286.98966963229896,284.0950341122438,285.2038269042969,6031500,0.0,0.0
2025-08-20 00:00:00-04:00,285.35100110061984,287.8236856501562,281.8774445149503,286.754150390625,7374200,0.0,0.0
2025-08-21 00:00:00-04:00,286.45983579537915,287.27424223237057,284.0362003285711,285.9986572265625,6624000,0.0,0.0
2025-08-22 00:00:00-04:00,287.6961645212777,291.5818204071259,284.6837862966605,290.6790771484375,8552800,0.0,0.0
2025-08-25 00:00:00-04:00,290.6790696581532,291.76824867106194,288.61851412970407,289.3642272949219,5856300,0.0,0.0
2025-08-26 00:00:00-04:00,288.6381718968291,293.1321851381712,287.9905575097444,292.96539306640625,6714700,0.0,0.0
2025-08-27 00:00:00-04:00,291.6701254801894,295.41842494390727,291.46407591230917,293.6620178222656,6056500,0.0,0.0
2025-08-28 00:00:00-04:00,294.38811877937053,295.5852185641284,293.0929201153854,295.4184265136719,6410500,0.0,0.0
2025-08-29 00:00:00-04:00,296.37022814205386,297.2631495608047,294.10359298088383,295.7618713378906,6796400,0.0,0.0
2025-09-02 00:00:00-04:00,294.6236737871366,294.81990151683937,288.97178814468,294.0741882324219,7221900,0.0,0.0
2025-09-03 00:00:00-04:00,294.9277949064193,294.9277949064193,290.8164459674565,293.8876953125,6316900,0.0,0.0
2025-09-04 00:00:00-04:00,294.3684914601609,298.71532566399185,292.68077757800086,298.1167907714844,6605800,0.0,0.0
2025-09-05 00:00:00-04:00,297.9499798501053,299.4218223620716,288.78531073562726,288.85400390625,9837700,0.0,0.0
2025-09-08 00:00:00-04:00,289.3544334283243,290.89493913151904,285.9691837491296,287.4115905761719,8188500,0.0,0.0
2025-09-09 00:00:00-04:00,287.1074315912692,293.3872872696363,286.8228669749493,292.2588806152344,7848200,0.0,0.0
2025-09-10 00:00:00-04:00,291.1304933247864,295.8796354332035,289.8548783719408,294.8984069824219,7787300,0.0,0.0
2025-09-11 00:00:00-04:00,295.5852136096933,299.9909491896388,295.1436788264331,299.8241271972656,7942500,0.0,0.0
2025-09-12 00:00:00-04:00,299.27465392414524,301.7767742987404,297.9990690164523,301.1488037109375,6846700,0.0,0.0
2025-09-15 00:00:00-04:00,301.40393449781925,304.13174819496044,301.40393449781925,303.1014404296875,7122000,0.0,0.0
2025-09-16 00:00:00-04:00,304.18080946841434,305.06390905534744,301.3646887009418,303.3860168457031,10525600,0.0,0.0
2025-09-17 00:00:00-04:00,304.56346260331446,307.03614710830897,302.9738476236277,305.8979187011719,8657800,0.0,0.0
2025-09-18 00:00:00-04:00,305.9372178866198,307.556238792954,303.7981171700278,307.3501892089844,8050700,0.0,0.0
2025-09-19 00:00:00-04:00,307.7132209495945,309.8719053836384,303.31730709863126,308.8710632324219,23568600,0.0,0.0
2025-09-22 00:00:00-04:00,303.9845245259009,307.8113389670314,303.74903930910966,306.5749816894531,7520200,0.0,0.0
2025-09-23 00:00:00-04:00,305.9666409066948,310.37234675445063,304.74989735202223,306.8693542480469,8584400,0.0,0.0
2025-09-24 00:00:00-04:00,308.15473925887954,310.6372456892681,305.8194410309901,307.5365905761719,7310500,0.0,0.0
2025-09-25 00:00:00-04:00,308.2234462682717,309.72472445454315,305.94698929656073,307.5660400390625,7083200,0.0,0.0
2025-09-26 00:00:00-04:00,308.9888161441515,311.8441943720275,307.8113600348933,310.1270446777344,7258100,0.0,0.0
2025-09-29 00:00:00-04:00,311.10828573544467,312.0404647281687,307.7721150397051,309.7640075683594,6462400,0.0,0.0
2025-09-30 00:00:00-04:00,310.31346452838187,311.45169300349573,304.28870810842403,309.50885009765625,11823300,0.0,0.0
2025-10-01 00:00:00-04:00,308.07628613361976,308.68464295873514,301.6394301376976,304.8774719238281,9235200,0.0,0.0
2025-10-02 00:00:00-04:00,304.1808160870063,304.73030161726365,300.39328868596704,301.77679443359375,7600000,0.0,0.0
2025-10-03 00:00:00-04:00,302.718779227698,305.80964265751953,302.4243927447969,304.2102355957031,6029900,0.0,0.0
2025-10-06 00:00:00-04:00,305.8371035459471,307.38512889871987,300.8578215934895,304.8511047363281,7214500,1.5,0.0
2025-10-07 00:00:00-04:00,305.01875022701944,305.66951307877287,300.43386159315816,303.3819885253906,8454200,0.0,0.0
2025-10-08 00:00:00-04:00,303.8946917756213,304.4567183318842,299.2999336047902,299.7732238769531,6489900,0.0,0.0
2025-10-09 00:00:00-04:00,300.7789679717848,303.72712529673134,299.1422361925597,301.25225830078125,7060300,0.0,0.0
2025-10-10 00:00:00-04:00,301.3804193716138,306.1230715472904,296.5983188157025,296.6772155761719,8597400,0.0,0.0
2025-10-13 00:00:00-04:00,301.321238204041,305.1271791148808,301.17334440263704,303.6580505371094,10788700,0.0,0.0
2025-10-14 00:00:00-04:00,301.5578902761218,302.70165257420854,290.0907186231138,297.85052490234375,16178800,0.0,0.0
2025-10-15 00:00:00-04:00,302.1001843350741,307.7499381556482,301.1634734465224,301.40997314453125,11354800,0.0,0.0
2025-10-16 00:00:00-04:00,301.0747572360179,304.3581201926382,292.9106878973514,294.360107421875,10549400,0.0,0.0
2025-10-17 00:00:00-04:00,294.97143359875633,295.3559575215809,290.08088749555986,293.3938293457031,10153500,0.0,0.0
2025-10-20 00:00:00-04:00,294.3206760639065,299.43801283887467,293.9854400437148,298.1266174316406,6894900,0.0,0.0
2025-10-21 00:00:00-04:00,297.436411288458,299.7929328501146,292.8416531202475,292.9303894042969,7372700,0.0,0.0
2025-10-22 00:00:00-04:00,293.6008552074487,293.8868032880077,286.4721030595595,289.9920959472656,8054100,0.0,0.0
2025-10-23 00:00:00-04:00,290.25834375227123,292.2204718178062,288.4145307332595,290.4161071777344,5438800,0.0,0.0
2025-10-24 00:00:00-04:00,291.93451945757295,298.36325106738366,291.31336547241364,296.2334899902344,7228300,0.0,0.0
2025-10-27 00:00:00-04:00,297.9294427867379,300.26625545589764,296.7955500258321,299.8915710449219,5642200,0.0,0.0
2025-10-28 00:00:00-04:00,300.59159530101573,303.6580673748709,298.915415308335,301.0845947265625,6336000,0.0,0.0
2025-10-29 00:00:00-04:00,299.2605157595805,303.93414060421026,298.7675163425421,301.2325134277344,7520300,0.0,0.0
2025-10-30 00:00:00-04:00,301.50859316866377,308.2330823767899,300.82825156305904,305.10748291015625,7514600,0.0,0.0
2025-10-31 00:00:00-04:00,304.22008283002725,308.4894444595929,302.9481359332913,306.7639465332031,7721300,0.0,0.0
2025-11-03 00:00:00-05:00,306.64562981088375,307.94715546133403,301.92268708722753,305.01873779296875,7770000,0.0,0.0
2025-11-04 00:00:00-05:00,302.415720333495,307.84858401169095,300.82827651560933,304.920166015625,7085200,0.0,0.0
2025-11-05 00:00:00-05:00,305.27510663609064,308.7162632770978,301.35085025066564,307.3161315917969,6865200,0.0,0.0
2025-11-06 00:00:00-05:00,306.6357687557767,310.4318702971036,305.9160088624015,309.0317687988281,7206100,0.0,0.0
2025-11-07 00:00:00-05:00,307.5231746391179,310.02758988101914,303.3326798145578,309.8106689453125,7302300,0.0,0.0
2025-11-10 00:00:00-05:00,310.5896034535161,315.08575530581015,309.81065602274725,312.4531555175781,5794100,0.0,0.0
2025-11-11 00:00:00-05:00,313.05464094031504,314.58292715130625,310.86572224729366,311.2009582519531,5030200,0.0,0.0
2025-11-12 00:00:00-05:00,311.83200002815875,317.7381233989844,311.782682032414,315.92388916015625,10578300,0.0,0.0
2025-11-13 00:00:00-05:00,314.7604311532612,316.14082355780937,304.7722577523736,305.1469421386719,8973300,0.0,0.0
2025-11-14 00:00:00-05:00,303.20451997960254,303.3327046462357,297.0124483237873,299.3591003417969,10327000,0.0,0.0
2025-11-17 00:00:00-05:00,299.74363974118836,301.31137424610444,293.5022804823602,296.1644592285156,8344000,0.0,0.0
2025-11-18 00:00:00-05:00,295.3066623130797,298.70837045931603,292.8613742767781,295.2179260253906,8077300,0.0,0.0
2025-11-19 00:00:00-05:00,295.5432899586994,300.1873662746028,295.0798692888629,299.02386474609375,5546600,0.0,0.0
2025-11-20 00:00:00-05:00,302.05090502503106,305.58079800315744,293.98544109490615,294.2023620605469,7501600,0.0,0.0
2025-11-21 00:00:00-05:00,297.0715864028587,297.456110287291,288.71030575970536,293.84735107421875,11766800,0.0,0.0
2025-11-24 00:00:00-05:00,294.0642973394352,295.6221924256846,290.386540762355,293.8276672363281,10940200,0.0,0.0
2025-11-25 00:00:00-05:00,295.848951187077,300.236658228506,291.42182585555855,298.7576599121094,8877200,0.0,0.0
2025-11-26 00:00:00-05:00,300.7296512123902,304.21022597199055,298.95486530692773,303.33270263671875,7910900,0.0,0.0
2025-11-28 00:00:00-05:00,304.7722465716023,309.3275563846455,303.9242719247256,308.6965026855469,4322400,0.0,0.0
2025-12-01 00:00:00-05:00,308.5683618849884,309.6430970545817,304.2201032083801,304.59478759765625,7727300,0.0,0.0
2025-12-02 00:00:00-05:00,304.41724991681934,306.13290823405146,302.79035796814105,303.5693054199219,7249000,0.0,0.0
2025-12-03 00:00:00-05:00,302.89885953876745,307.98658713845214,302.50443592551073,307.75982666015625,8535300,0.0,0.0
2025-12-04 00:00:00-05:00,308.87399188892334,314.03074632461573,308.6176225735461,311.6742248535156,9627800,0.0,0.0
2025-12-05 00:00:00-05:00,311.2206641139725,314.0208969911127,310.2740836361238,310.6290588378906,6518900,0.0,0.0
2025-12-08 00:00:00-05:00,310.64879808375287,312.0390600856641,308.96274846028484,310.79669189453125,7417200,0.0,0.0
2025-12-09 00:00:00-05:00,310.5403783790639,314.336450228146,295.8193913272319,296.30255126953125,18049200,0.0,0.0
2025-12-10 00:00:00-05:00,296.2926621709551,306.8329925602339,294.2812160390869,305.7680969238281,18874100,0.0,0.0
2025-12-11 00:00:00-05:00,304.9102649889192,313.5476242674454,304.9102649889192,312.9363098144531,9721900,0.0,0.0
2025-12-12 00:00:00-05:00,315.2041261224818,315.7858618718594,312.16726270211575,314.06036376953125,8982900,0.0,0.0
2025-12-15 00:00:00-05:00,315.1153648797306,318.3593094805321,313.9321843288561,315.5393371582031,10864100,0.0,0.0
2025-12-16 00:00:00-05:00,314.6223718715413,315.0463441586525,309.9980348220149,311.1319274902344,8331300,0.0,0.0
2025-12-17 00:00:00-05:00,313.97159360923496,314.8984348971578,310.254388930852,310.5699157714844,8718700,0.0,0.0
2025-12-18 00:00:00-05:00,311.57564186364317,313.2518519730792,307.84856735129125,308.6176452636719,11444900,0.0,0.0
2025-12-19 00:00:00-05:00,309.39657764946713,314.099781180705,308.8049723403709,312.7686767578125,24494400,0.0,0.0
2025-12-22 00:00:00-05:00,313.0644852104395,318.7043994886834,313.0644852104395,318.56634521484375,8354600,0.0,0.0
2025-12-23 00:00:00-05:00,319.07908304324746,323.1907116116738,318.56637445826755,321.3666076660156,6668300,0.0,0.0
2025-12-24 00:00:00-05:00,321.67227957875514,325.3697755465356,320.94265000334224,324.561279296875,4289300,0.0,0.0
2025-12-26 00:00:00-05:00,324.502058709128,326.2275566521161,321.96806459862194,323.3188781738281,4158300,0.0,0.0
2025-12-29 00:00:00-05:00,322.4216288798564,323.1808371734579,319.0002116144308,319.2171325683594,8635300,0.0,0.0
2025-12-30 00:00:00-05:00,320.2623075229155,320.39049219725354,317.97478280166575,318.89178466796875,7904300,0.0,0.0
2025-12-31 00:00:00-05:00,319.79886991908165,320.3313177342217,317.5310845539587,317.70855712890625,5048500,0.0,0.0
2026-01-02 00:00:00-05:00,317.9846252281575,321.1694123071354,316.2492576445291,320.92291259765625,8054000,0.0,0.0
2026-01-05 00:00:00-05:00,320.942628937084,332.5281155423397,320.63697169770103,329.3630676269531,10752600,0.0,0.0
2026-01-06 00:00:00-05:00,329.44229029813283,332.6612412306879,327.49110960074296,331.41326904296875,7660800,1.5,0.0
2026-01-07 00:00:00-05:00,327.9764350864437,328.9767653957764,321.49890717343806,323.8660583496094,9815200,0.0,0.0
2026-01-08 00:00:00-05:00,323.27183137637843,328.2339475379842,322.53888044956136,326.63934326171875,11737100,0.0,0.0
2026-01-09 00:00:00-05:00,326.1936353875406,328.7291759216584,325.0348299492433,326.0450744628906,6738100,0.0,0.0
2026-01-12 00:00:00-05:00,318.8049332018166,322.90536610933975,318.16114900395775,321.3899841308594,12805100,0.0,0.0
2026-01-13 00:00:00-05:00,321.20178657189985,323.73732718365267,307.6029755260753,307.9298095703125,19371200,0.0,0.0
2026-01-14 00:00:00-05:00,305.2556057077196,308.78159262538577,303.19546018048277,304.9287414550781,25951500,0.0,0.0
2026-01-15 00:00:00-05:00,305.5230197927318,309.95031666446005,304.8098971346673,306.30548095703125,14751400,0.0,0.0
2026-01-16 00:00:00-05:00,307.38506061636195,314.17950872864606,307.0383983149945,309.48480224609375,14652500,0.0,0.0
2026-01-20 00:00:00-05:00,303.2845981841295,308.1774060521912,298.9761500928895,299.8477478027344,12900600,0.0,0.0
2026-01-21 00:00:00-05:00,300.53118494697816,302.4823658305288,298.2729680555718,299.15447998046875,10270100,0.0,0.0
2026-01-22 00:00:00-05:00,301.9474777854751,305.2555953909441,300.0062112868251,300.729248046875,10535800,0.0,0.0
2026-01-23 00:00:00-05:00,299.11484222180513,299.4813025896872,293.67730062328087,294.875732421875,11107900,0.0,0.0
2026-01-26 00:00:00-05:00,294.96487880777863,298.8969527426069,294.60833256531976,298.1640319824219,11752700,0.0,0.0
2026-01-27 00:00:00-05:00,298.45122352878457,299.08512378237486,295.3016109870806,297.44097900390625,11527400,0.0,0.0
2026-01-28 00:00:00-05:00,297.4013222225187,299.03558292254246,295.2025300603667,297.89654541015625,9556700,0.0,0.0
2026-01-29 00:00:00-05:00,299.51100066931883,303.898671192008,299.3327275624257,303.49261474609375,11580000,0.0,0.0
2026-01-30 00:00:00-05:00,302.333781642444,304.98817089860455,299.66947824936375,302.9676818847656,11953200,0.0,0.0
2026-02-02 00:00:00-05:00,301.55130128288636,306.3450582127215,298.49082554616626,305.1961669921875,9839400,0.0,0.0
2026-02-03 00:00:00-05:00,306.77099053389486,313.22869052113475,306.14700443281885,311.8420715332031,12688000,0.0,0.0
2026-02-04 00:00:00-05:00,311.40629013300924,316.25947197584406,311.40629013300924,314.23895263671875,9848800,0.0,0.0
2026-02-05 00:00:00-05:00,311.99062599899656,312.9909865673853,302.6210112179966,307.1968688964844,9388000,0.0,0.0
2026-02-06 00:00:00-05:00,311.7034102684662,321.15227836348157,311.7034102684662,319.3199462890625,17797400,0.0,0.0
2026-02-09 00:00:00-05:00,318.27007812796035,323.2817350541263,317.05181803840316,319.0228271484375,11477500,0.0,0.0
2026-02-10 00:00:00-05:00,319.4684837021083,323.01429884581904,312.1094739861534,315.2392883300781,9902200,0.0,0.0
2026-02-11 00:00:00-05:00,320.1518827061323,322.1724018130651,305.78052608370194,307.8505554199219,8703500,0.0,0.0
2026-02-12 00:00:00-05:00,309.2966374972976,310.6238322045743,297.1537535117247,299.7487487792969,13443400,0.0,0.0
2026-02-13 00:00:00-05:00,295.66807823097014,301.3829738793206,293.6871852314235,299.6595764160156,9114500,0.0,0.0
2026-02-17 00:00:00-05:00,299.8675850307636,305.29521237973853,299.6100592744303,304.1958312988281,8896800,0.0,0.0
2026-02-18 00:00:00-05:00,305.51309749540866,309.2966101142475,304.2849535938903,305.8300476074219,7209600,0.0,0.0
2026-02-19 00:00:00-05:00,304.2354272061944,306.2262038721237,302.2049939958365,305.10699462890625,6737700,0.0,0.0
2026-02-20 00:00:00-05:00,305.4536802835111,308.0288471084009,302.75966472033866,307.82086181640625,7792700,0.0,0.0
2026-02-23 00:00:00-05:00,305.84984577889935,308.02884001734253,292.2807478108573,294.8262023925781,12955400,0.0,0.0
2026-02-24 00:00:00-05:00,293.98432184665864,296.886322684036,288.5962907533433,294.459716796875,13554100,0.0,0.0
2026-02-25 00:00:00-05:00,295.7869507950724,300.75898123488724,294.1725181992404,300.40240478515625,8095500,0.0,0.0
2026-02-26 00:00:00-05:00,301.67017313360896,306.05787397622345,300.73918125790124,303.20538330078125,7007800,0.0,0.0
2026-02-27 00:00:00-05:00,297.13393894248406,300.0557680991628,291.636973162459,297.4310607910156,18620800,0.0,0.0
2026-03-02 00:00:00-05:00,291.9935267958635,297.11414843979566,290.4088063693875,294.7172546386719,8508900,0.0,0.0
2026-03-03 00:00:00-05:00,289.4975898716125,299.5011046657454,286.73423592223537,297.3914489746094,10278200,0.0,0.0
2026-03-04 00:00:00-05:00,297.12402886142485,298.12438947518206,292.99388398032096,296.52978515625,8055700,0.0,0.0
2026-03-05 00:00:00-05:00,295.1332451958745,298.3620800816865,289.63624924146006,290.74554443359375,12732500,0.0,0.0
2026-03-06 00:00:00-05:00,283.6044306839189,287.21955415339994,280.99955170429564,286.7144470214844,13496500,0.0,0.0
2026-03-09 00:00:00-04:00,282.7724816341387,288.31898819476027,277.77073879547015,287.1502685546875,12241100,0.0,0.0
2026-03-10 00:00:00-04:00,286.52626625452876,289.9532025593205,284.43640849634494,285.97161865234375,8344900,0.0,0.0
2026-03-11 00:00:00-04:00,286.05081661783123,287.70487537204474,282.13854132603683,284.77313232421875,10205000,0.0,0.0
2026-03-12 00:00:00-04:00,280.1279538528093,281.167940752382,276.4336079693154,280.1874084472656,13760500,0.0,0.0
2026-03-13 00:00:00-04:00,281.9504072447318,284.4463214441296,280.2468381234208,280.7321472167969,9091200,0.0,0.0
2026-03-16 00:00:00-04:00,283.6044205599556,286.506421278288,281.89093739443587,283.4261474609375,8149000,0.0,0.0
2026-03-17 00:00:00-04:00,286.23902796907333,288.97266988082987,283.2181783456238,284.1492004394531,8961200,0.0,0.0
2026-03-18 00:00:00-04:00,284.08974843243266,286.6451172582804,282.3960934275981,284.9910583496094,10057000,0.0,0.0
2026-03-19 00:00:00-04:00,284.1392586396808,286.7441374214082,281.9008401776293,285.2188415527344,9846700,0.0,0.0
2026-03-20 00:00:00-04:00,285.32782503235495,287.9327042603992,282.54467268192724,283.8223571777344,22436500,0.0,0.0
2026-03-23 00:00:00-04:00,291.4982779446762,292.9245231806114,285.2188513876401,287.14031982421875,11470800,0.0,0.0
2026-03-24 00:00:00-04:00,283.4360748065673,292.6571288676103,282.64369950840546,289.6065368652344,11092300,0.0,0.0
2026-03-25 00:00:00-04:00,291.3398308899875,294.7965097163498,289.6461758443202,292.59771728515625,12188200,0.0,0.0
2026-03-26 00:00:00-04:00,289.78482055260446,292.1718002190451,287.95251872814185,288.8736267089844,8669200,0.0,0.0
2026-03-27 00:00:00-04:00,286.3777093696089,287.3384134369941,279.05829538327214,280.13787841796875,9873300,0.0,0.0
2026-03-30 00:00:00-04:00,282.01972478590784,284.50575515603197,279.6327451103039,281.0589904785156,11734400,0.0,0.0
2026-03-31 00:00:00-04:00,285.71408872506316,292.25104134220237,282.22772810140145,291.3497314453125,12956900,0.0,0.0
2026-04-01 00:00:00-04:00,292.567989087923,295.8661624411999,290.1116710297465,292.5580749511719,11267200,0.0,0.0
2026-04-02 00:00:00-04:00,289.1212191631598,292.7957669317203,285.9616926535428,291.7855224609375,6669300,0.0,0.0
2026-04-06 00:00:00-04:00,292.7412191857173,295.4987855589938,291.88509063240025,294.125,7142600,1.5,0.0
2026-04-07 00:00:00-04:00,291.8253790066561,296.8427544058445,291.38734983011653,296.0662536621094,7849100,0.0,0.0
2026-04-08 00:00:00-04:00,306.5888366699219,309.8640903908154,303.96066179364243,306.5888366699219,10590200,0.0,0.0
2026-04-09 00:00:00-04:00,305.5734164156603,309.8640846884941,304.73715687535,308.938232421875,6586600,0.0,0.0
2026-04-10 00:00:00-04:00,308.6097380099313,308.9581744354404,305.344449093958,308.4803161621094,6069700,0.0,0.0
2026-04-13 00:00:00-04:00,306.0910825316173,312.33295236293975,304.0900871089203,312.2732238769531,8318200,0.0,0.0
2026-04-14 00:00:00-04:00,308.4305432499699,312.91036189245165,307.4847916064935,309.7247009277344,11455500,0.0,0.0
2026-04-15 00:00:00-04:00,312.54203541599225,312.8307129741003,302.8954898881459,304.5579833984375,9885800,0.0,0.0
2026-04-16 00:00:00-04:00,303.98059076810495,308.5599670410156,303.8312695552229,308.5599670410156,8208600,0.0,0.0
2026-04-17 00:00:00-04:00,311.068653468178,313.4877482505245,308.69932229637936,308.8984375,11082400,0.0,0.0
2026-04-20 00:00:00-04:00,309.45594165814435,315.70777661938337,308.9780833700189,315.5683898925781,10772000,0.0,0.0
2026-04-21 00:00:00-04:00,316.0661368489313,318.8038038717339,311.3474041387296,311.5962829589844,7084300,0.0,0.0
2026-04-22 00:00:00-04:00,313.43799038623484,313.73663281642627,310.5410372905177,311.6161804199219,5545900,0.0,0.0
2026-04-23 00:00:00-04:00,312.11395497732667,313.57736372602733,307.5047445243564,310.29217529296875,6969700,0.0,0.0
2026-04-24 00:00:00-04:00,309.7545850384977,309.7545850384977,306.5092257615542,306.8974609375,5215300,0.0,0.0
2026-04-27 00:00:00-04:00,305.50372444273444,311.1781431330245,305.50372444273444,310.232421875,7925300,0.0,0.0
2026-04-28 00:00:00-04:00,313.78643555890045,314.03531438457196,309.7745101043047,310.0532531738281,7398600,0.0,0.0
2026-04-29 00:00:00-04:00,309.1771855961317,310.65052875636707,305.91189671624613,307.86309814453125,8031800,0.0,0.0
2026-04-30 00:00:00-04:00,305.6928786901284,312.6913497643884,305.1951210592971,311.82525634765625,8865400,0.0,0.0
2026-05-01 00:00:00-04:00,312.54203812020876,314.6624601726697,310.43152018106696,311.06866455078125,6135400,0.0,0.0
2026-05-04 00:00:00-04:00,309.22694520939064,309.2568094519629,305.13539207341324,306.270263671875,7338200,0.0,0.0
2026-05-05 00:00:00-04:00,306.32999740556414,309.5753869306937,305.42407485773,308.0124206542969,6316800,0.0,0.0
2026-05-06 00:00:00-04:00,310.0532528884956,314.84167905955115,309.95369528217543,313.4877624511719,8629500,0.0,0.0
2026-05-07 00:00:00-04:00,313.23887676443206,314.8814709002291,304.76706239082745,304.8964538574219,8359600,0.0,0.0
2026-05-08 00:00:00-04:00,306.86759124184925,307.60426284206056,299.1523476664256,300.74517822265625,9464300,0.0,0.0
2026-05-11 00:00:00-04:00,300.74515961007836,301.83026757429667,297.5395993270601,298.6545715332031,9512000,0.0,0.0
2026-05-12 00:00:00-04:00,298.67447538308426,304.6873960201211,294.2245209852311,303.5126953125,9498200,0.0,0.0
2026-05-13 00:00:00-04:00,300.91440289675086,301.6411400127173,298.72428743531935,298.9034729003906,7709500,0.0,0.0
2026-05-14 00:00:00-04:00,300.8945046380796,302.38777761395096,297.4699295162906,298.56500244140625,7364300,0.0,0.0
2026-05-15 00:00:00-04:00,298.86362628854243,299.44104214981957,295.1205095874812,296.4743957519531,8699300,0.0,0.0
2026-05-18 00:00:00-04:00,296.6635495230975,299.908939014877,295.8870488301784,299.3813171386719,7546300,0.0,0.0
2026-05-19 00:00:00-04:00,299.7396822358739,300.436555061437,293.935841710235,294.3738708496094,8066900,0.0,0.0
2026-05-20 00:00:00-04:00,295.3694126574367,301.57145376364997,292.35300240137923,300.625732421875,9327000,0.0,0.0
2026-05-21 00:00:00-04:00,299.8790926087445,302.6167597554335,298.8636475324957,301.6411437988281,7874400,0.0,0.0
2026-05-22 00:00:00-04:00,303.31359328873907,306.07119010408854,302.4773640852478,305.0059814453125,5973900,0.0,0.0
2026-05-26 00:00:00-04:00,307.1065011172144,308.54004556072954,304.0701916446211,305.3643493652344,7725400,0.0,0.0
2026-05-27 00:00:00-04:00,303.63215366632585,304.52811132231307,294.42363753054383,297.93780517578125,11779200,0.0,0.0
2026-05-28 00:00:00-04:00,296.23549066837876,299.7197941661088,294.4236455581874,295.3992614746094,9757700,0.0,0.0
2026-05-29 00:00:00-04:00,295.070728717322,298.53513289689414,293.87612858626386,297.9676818847656,13969000,0.0,0.0
2026-06-01 00:00:00-04:00,296.3549462063085,298.20659004481905,293.94578586060317,295.2499084472656,7930000,0.0,0.0
2026-06-02 00:00:00-04:00,295.17027051801705,300.7152977310929,293.9457758280521,299.6102600097656,8296200,0.0,0.0
2026-06-03 00:00:00-04:00,298.5749714904202,300.60580089187994,295.23002417973413,299.50079345703125,7003900,0.0,0.0
2026-06-04 00:00:00-04:00,304.36883009196185,311.5066879726736,303.0746723882986,309.4957580566406,10345200,0.0,0.0
2026-06-05 00:00:00-04:00,312.8805189963161,313.58732636819616,308.211549706599,310.9691162109375,9118800,0.0,0.0
2026-06-08 00:00:00-04:00,311.84516953437026,314.88147906470095,309.3862455138746,309.7147521972656,6827000,0.0,0.0
2026-06-09 00:00:00-04:00,312.1040028799189,315.0009559692908,307.62418415256917,311.2976379394531,11594600,0.0,0.0
2026-06-10 00:00:00-04:00,311.1582462393224,313.3384270822022,307.64407859799763,307.75360107421875,7446200,0.0,0.0
2026-06-11 00:00:00-04:00,308.1717081621576,313.30857066124145,307.4947650619962,312.0840759277344,9116600,0.0,0.0
2026-06-12 00:00:00-04:00,314.5529794375797,319.85906276888113,314.1348496322589,319.28167724609375,7426200,0.0,0.0
2026-06-15 00:00:00-04:00,322.4673390673774,324.4583697274161,317.41010417767774,317.96759033203125,7988900,0.0,0.0
2026-06-16 00:00:00-04:00,322.8455866314347,330.26218746993305,322.56684357389287,329.6549377441406,11094900,0.0,0.0
2026-06-17 00:00:00-04:00,330.69024974688585,336.25517637046335,330.01330666560995,331.9645080566406,12246400,0.0,0.0
2026-06-18 00:00:00-04:00,335.4388795655989,336.57375116590936,322.70623086248213,323.761474609375,20111000,0.0,0.0
2026-06-22 00:00:00-04:00,328.22139226156105,331.2776010100568,325.28461010223134,329.993408203125,10182500,0.0,0.0
2026-06-23 00:00:00-04:00,327.9924099173137,333.86594380335947,325.7425357353925,332.6414794921875,7582200,0.0,0.0
2026-06-24 00:00:00-04:00,331.57628916780243,333.02973300317086,328.291070440402,331.95458984375,7907400,0.0,0.0
2026-06-25 00:00:00-04:00,333.4577793441399,341.90972446819404,333.2586945227413,333.6170654296875,10043100,0.0,0.0
2026-06-26 00:00:00-04:00,334.49312290223526,334.8913229247855,326.03124330500606,327.57427978515625,17640900,0.0,0.0
2026-06-29 00:00:00-04:00,326.80774304304947,330.8993264933345,325.73259994718205,327.91278076171875,7981800,0.0,0.0
2026-06-30 00:00:00-04:00,327.41503128103255,328.95806779511634,325.2149206632551,325.86199951171875,8080100,0.0,0.0
2026-07-01 00:00:00-04:00,326.89735842569155,334.13477419390347,323.5524415571975,332.5718078613281,15210200,0.0,0.0
2026-07-02 00:00:00-04:00,336.5040683580973,338.4751995750331,330.2820977776739,332.9700012207031,8413900,0.0,0.0
2026-07-06 00:00:00-04:00,335.0,339.7200012207031,334.1099853515625,337.7200012207031,8673500,1.5,0.0
2026-07-07 00:00:00-04:00,340.9800109863281,341.3999938964844,337.0899963378906,339.2200012207031,7115800,0.0,0.0
2026-07-08 00:00:00-04:00,336.5299987792969,336.5299987792969,330.1300048828125,330.6199951171875,18505200,0.0,0.0
2026-07-09 00:00:00-04:00,331.4599914550781,337.0,330.80999755859375,335.4700012207031,15570600,0.0,0.0
2026-07-10 00:00:00-04:00,337.4700012207031,338.5899963378906,335.7699890136719,336.4700012207031,6299000,0.0,0.0
2026-07-13 00:00:00-04:00,338.3399963378906,338.3500061035156,332.5,334.5299987792969,7120300,0.0,0.0
2026-07-14 00:00:00-04:00,327.0,344.7300109863281,325.75,342.8900146484375,14537900,0.0,0.0
2026-07-15 00:00:00-04:00,345.8500061035156,351.239990234375,344.04998779296875,346.9100036621094,10750000,0.0,0.0
2026-07-16 00:00:00-04:00,349.2799987792969,349.3399963378906,341.1099853515625,343.1499938964844,12432400,0.0,0.0
2026-07-17 00:00:00-04:00,339.0299987792969,346.1300048828125,335.04998779296875,341.1000061035156,9250900,0.0,0.0
2026-07-20 00:00:00-04:00,341.79998779296875,344.260009765625,337.3699951171875,338.8699951171875,7723300,0.0,0.0
2026-07-21 00:00:00-04:00,340.1199951171875,345.739990234375,337.29998779296875,345.2300109863281,6015300,0.0,0.0
2026-07-22 00:00:00-04:00,345.07000732421875,349.07000732421875,344.25,348.2099914550781,8040200,0.0,0.0
2026-07-23 00:00:00-04:00,346.5799865722656,349.9200134277344,345.4200134277344,349.8999938964844,10913000,0.0,0.0
2026-07-24 00:00:00-04:00,350.6400146484375,353.3699951171875,347.5,353.2099914550781,7520800,0.0,0.0
2026-07-27 00:00:00-04:00,357.8900146484375,359.04998779296875,352.5799865722656,356.20001220703125,7884900,0.0,0.0
2026-07-28 00:00:00-04:00,357.29998779296875,359.29998779296875,354.1499938964844,357.30999755859375,6533800,0.0,0.0
2026-07-29 00:00:00-04:00,356.5,357.3699951171875,343.7799987792969,344.7099914550781,8265300,0.0,0.0
2026-07-30 00:00:00-04:00,347.5400085449219,352.2799987792969,345.3699951171875,350.8500061035156,7606500,0.0,0.0
2026-07-31 00:00:00-04:00,353.29998779296875,354.4700012207031,349.70001220703125,351.7900085449219,6603400,0.0,0.0
2026-08-03 00:00:00-04:00,353.75,355.6199951171875,350.8399963378906,352.6400146484375,6436600,0.0,0.0
2026-08-04 00:00:00-04:00,355.0,363.0,353.8699951171875,357.5199890136719,8477200,0.0,0.0
2026-08-05 00:00:00-04:00,358.9700012207031,362.1700134277344,358.20001220703125,359.239990234375,5269500,0.0,0.0
2026-08-06 00:00:00-04:00,362.80999755859375,362.80999755859375,354.95001220703125,356.29998779296875,5820100,0.0,0.0
2026-08-07 00:00:00-04:00,355.760009765625,358.8500061035156,353.3299865722656,357.5199890136719,4566200,0.0,0.0
2026-08-10 00:00:00-04:00,357.9599914550781,359.989990234375,356.5,359.7900085449219,5327500,0.0,0.0
2026-08-11 00:00:00-04:00,360.04998779296875,363.1199951171875,358.6000061035156,362.0400085449219,4576500,0.0,0.0
2026-08-12 00:00:00-04:00,362.9700012207031,366.0899963378906,361.29998779296875,365.17999267578125,4366800,0.0,0.0
2026-08-13 00:00:00-04:00,366.5,366.5,361.5199890136719,363.1099853515625,5102700,0.0,0.0
2026-08-14 00:00:00-04:00,363.0,365.8999938964844,361.45001220703125,362.8399963378906,5058600,0.0,0.0
2026-08-17 00:00:00-04:00,361.94000244140625,365.75,360.9599914550781,360.9599914550781,5282600,0.0,0.0
2026-08-18 00:00:00-04:00,362.3399963378906,363.57000732421875,359.2699890136719,363.25,5525100,0.0,0.0
2026-08-19 00:00:00-04:00,363.010009765625,363.04998779296875,355.6499938964844,357.260009765625,6696200,0.0,0.0
2026-08-20 00:00:00-04:00,357.6000061035156,357.95001220703125,351.54998779296875,351.54998779296875,6799700,0.0,0.0
2026-08-21 00:00:00-04:00,354.07000732421875,356.8599853515625,350.3699951171875,351.5799865722656,8112100,0.0,0.0
2026-08-24 00:00:00-04:00,353.29998779296875,358.2799987792969,352.82000732421875,356.3900146484375,4394400,0.0,0.0
2026-08-25 00:00:00-04:00,357.0,357.3699951171875,353.07000732421875,356.69000244140625,4298000,0.0,0.0
2026-08-26 00:00:00-04:00,356.5,358.3500061035156,354.6000061035156,356.5,5796500,0.0,0.0
2026-08-27 00:00:00-04:00,354.67999267578125,357.57000732421875,352.2300109863281,354.2200012207031,5209900,0.0,0.0
2026-08-28 00:00:00-04:00,355.6700134277344,358.7300109863281,354.2200012207031,357.6199951171875,3914500,0.0,0.0
2026-08-31 00:00:00-04:00,355.8999938964844,357.7699890136719,354.7699890136719,356.0199890136719,7962900,0.0,0.0
2026-09-01 00:00:00-04:00,355.7300109863281,359.92999267578125,354.1199951171875,354.95001220703125,5079000,0.0,0.0
2026-09-02 00:00:00-04:00,357.54998779296875,361.4700012207031,353.7900085449219,356.2200012207031,5341400,0.0,0.0
2026-09-03 00:00:00-04:00,358.67498779296875,361.9884033203125,356.3900146484375,361.6099853515625,2190024,0.0,0.0
