Date,Open,High,Low,Close,Volume,Dividends,Stock Splits
2020-01-02 00:00:00-05:00,149.80826738510748,151.6480813822625,149.38369713908767,151.54429626464844,22622100,0.0,0.0
2020-01-03 00:00:00-05:00,149.3742808567233,150.91216941551934,149.12896270387338,149.65731811523438,21116200,0.0,0.0
2020-01-06 00:00:00-05:00,148.20429950761726,150.11016476552868,147.66650007283684,150.0441131591797,20813700,0.0,0.0
2020-01-07 00:00:00-05:00,150.31777448312974,150.64798941189073,148.43078267327837,148.67608642578125,21634100,0.0,0.0
2020-01-08 00:00:00-05:00,149.94976152661232,151.71410823807295,149.02513979117086,151.04421997070312,27746500,0.0,0.0
2020-01-09 00:00:00-05:00,152.69529374996068,153.053826612791,151.9310647710623,152.93116760253906,21385000,0.0,0.0
2020-01-10 00:00:00-05:00,153.61998638373208,153.99737892867375,152.0726395183041,152.22360229492188,20725900,0.0,0.0
2020-01-13 00:00:00-05:00,152.61985290151284,154.08227405500872,152.1481050711336,154.05397033691406,21626500,0.0,0.0
2020-01-14 00:00:00-05:00,154.15774765402992,154.3558880672922,152.5821117076889,152.9689483642578,23477400,0.0,0.0
2020-01-15 00:00:00-05:00,153.43125473603405,154.6766758779403,153.38409147181704,153.95960998535156,21417900,0.0,0.0
2020-01-16 00:00:00-05:00,155.06353066383713,156.84673703698928,154.76160511659748,156.7806854248047,23865400,0.0,0.0
2020-01-17 00:00:00-05:00,157.9600226609014,158.00720031754435,156.08246134066826,157.65811157226562,34371700,0.0,0.0
2020-01-21 00:00:00-05:00,157.26184806350182,158.68653570911525,157.02597415095403,157.09202575683594,29517200,0.0,0.0
2020-01-22 00:00:00-05:00,157.94117430658434,158.02609986094006,156.3183605520355,156.3372344970703,24138800,0.0,0.0
2020-01-23 00:00:00-05:00,156.79956995767952,157.37510297393763,155.93155554566133,157.29962158203125,19680800,0.0,0.0
2020-01-24 00:00:00-05:00,158.0450052974697,158.06387924798452,155.1579099227608,155.71456909179688,24918100,0.0,0.0
2020-01-27 00:00:00-05:00,152.04430378397066,154.14830924899513,151.14798588100405,153.11045837402344,32078100,0.0,0.0
2020-01-28 00:00:00-05:00,154.52572901855586,156.3938465269941,153.8558551144735,156.11080932617188,24899900,0.0,0.0
2020-01-29 00:00:00-05:00,158.35628668301973,159.21487107258014,156.32777704725325,158.54498291015625,34754500,0.0,0.0
2020-01-30 00:00:00-05:00,164.21540956252485,164.21540956252485,161.13960473946636,163.0171661376953,51597500,0.0,0.0
2020-01-31 00:00:00-05:00,162.47938348314258,162.65863555385778,159.99798545017555,160.6112518310547,36142700,0.0,0.0
2020-02-03 00:00:00-05:00,160.79995976933012,164.63999404803988,160.77165605102132,164.5267791748047,30107000,0.0,0.0
2020-02-04 00:00:00-05:00,167.13083064355817,170.43306565128077,166.34772747127744,169.94244384765625,36433300,0.0,0.0
2020-02-05 00:00:00-05:00,173.6315517867718,173.79194436445303,168.3291093605149,169.7349090576172,39186300,0.0,0.0
2020-02-06 00:00:00-05:00,170.7444028199159,173.4333710847966,169.88581835396727,173.2541046142578,27751400,0.0,0.0
2020-02-07 00:00:00-05:00,172.51819099249076,175.14110783338012,172.16908780090657,173.49942016601562,33529100,0.0,0.0
2020-02-10 00:00:00-05:00,173.20694984601053,178.16973226048214,172.89559452391404,178.0376434326172,35844300,0.0,0.0
2020-02-11 00:00:00-05:00,179.87739370741926,179.92457135712058,173.13140730145125,174.01829528808594,53159900,0.0,0.0
2020-02-12 00:00:00-05:00,175.0938924890071,175.34864029904801,171.57465838803572,174.27305603027344,47062900,0.0,0.0
2020-02-13 00:00:00-05:00,172.7351525724815,175.70715754773664,172.53701218905192,173.32955932617188,35295800,0.0,0.0
2020-02-14 00:00:00-05:00,172.89556091915946,174.93351477862925,172.32945782599572,174.8769073486328,23149500,0.0,0.0
2020-02-18 00:00:00-05:00,175.12222224761544,177.09412463421762,175.01843715376268,176.6506805419922,27792200,0.0,0.0
2020-02-19 00:00:00-05:00,177.91841645341376,178.0319405494964,176.41416443662806,177.18048095703125,29997500,0.51,0.0
2020-02-20 00:00:00-05:00,176.86830976972487,177.15213450123773,171.33379246688904,174.47474670410156,36862400,0.0,0.0
2020-02-21 00:00:00-05:00,173.29213644538692,173.6043421717942,167.69138773814998,168.95912170410156,48572600,0.0,0.0
2020-02-24 00:00:00-05:00,158.72259003491985,165.13696053786106,154.42741272860948,161.67433166503906,68311100,0.0,0.0
2020-02-25 00:00:00-05:00,164.80585480979238,165.41134073594938,158.60907598738845,159.00643920898438,68073300,0.0,0.0
2020-02-26 00:00:00-05:00,160.55796355617804,163.91650924081372,159.13885486602095,160.99314880371094,56206100,0.0,0.0
2020-02-27 00:00:00-05:00,154.5125922995576,158.02251375085504,149.460553371622,149.64976501464844,93174900,0.0,0.0
2020-02-28 00:00:00-05:00,144.19092080033346,154.88154350179207,143.80302759023863,153.27320861816406,97012700,0.0,0.0
2020-03-02 00:00:00-05:00,156.39527365057177,163.5948873794093,153.5570555882588,163.47189331054688,71030800,0.0,0.0
2020-03-03 00:00:00-05:00,164.42738745681987,165.562671459645,153.50970378045187,155.63836669921875,71677000,0.0,0.0
2020-03-04 00:00:00-05:00,159.40375417263303,161.49456622761386,156.68851639276582,161.3526611328125,49814400,0.0,0.0
2020-03-05 00:00:00-05:00,157.09539066203848,161.65545403204987,156.75480387804353,157.30352783203125,47817300,0.0,0.0
2020-03-06 00:00:00-05:00,153.84087330986785,154.31390963214946,147.5873325518678,152.85696411132812,72821100,0.0,0.0
2020-03-09 00:00:00-04:00,142.85696399322785,149.24295410550792,141.9108913840012,142.49745178222656,70419300,0.0,0.0
2020-03-10 00:00:00-04:00,149.63084915826624,152.34607296024774,144.35176220231784,152.24200439453125,65354400,0.0,0.0
2020-03-11 00:00:00-04:00,148.65642387157212,149.19567786157322,142.99889812654817,145.3451690673828,56371600,0.0,0.0
2020-03-12 00:00:00-04:00,137.46436615258762,145.19377837676913,131.1067564557763,131.5608673095703,93226400,0.0,0.0
2020-03-13 00:00:00-04:00,139.54569124869116,153.17859919394692,133.1407764964393,150.2646942138672,92727400,0.0,0.0
2020-03-16 00:00:00-04:00,132.45020301671514,141.29599020684492,127.71983862326103,128.1171875,87905900,0.0,0.0
2020-03-17 00:00:00-04:00,132.45013019472367,139.54567288372672,127.71976840205497,138.66583251953125,81059800,0.0,0.0
2020-03-18 00:00:00-04:00,130.55798437908572,138.12656318367038,127.73869281643509,132.82855224609375,81593200,0.0,0.0
2020-03-19 00:00:00-04:00,135.0708001368095,142.05280667661373,131.5041021024752,135.0140380859375,85922700,0.0,0.0
2020-03-20 00:00:00-04:00,138.12659117445455,139.16727674534297,128.53341617306285,129.9430694580078,84866200,0.0,0.0
2020-03-23 00:00:00-04:00,129.62142646533584,132.9894576902478,125.3735689196874,128.64697265625,78975200,0.0,0.0
2020-03-24 00:00:00-04:00,135.99793848446913,141.5324690597713,133.65168243997798,140.3404083251953,82516700,0.0,0.0
2020-03-25 00:00:00-04:00,140.87969928171756,146.00741194957217,136.6507528558583,138.99700927734375,75638200,0.0,0.0
2020-03-26 00:00:00-04:00,140.3971505448925,148.21171848467063,140.36876952530807,147.69137573242188,64568100,0.0,0.0
2020-03-27 00:00:00-04:00,143.56655798304286,146.53722621658937,141.15406927802064,141.62710571289062,57042300,0.0,0.0
2020-03-30 00:00:00-04:00,144.21933299332323,151.9392901340011,141.92036869340518,151.5892333984375,63420300,0.0,0.0
2020-03-31 00:00:00-04:00,150.80395913051478,155.89383408368766,148.11711654538772,149.20510864257812,77927200,0.0,0.0
2020-04-01 00:00:00-04:00,144.749169925289,149.2430167040153,142.6867377013508,143.90716552734375,57969900,0.0,0.0
2020-04-02 00:00:00-04:00,143.67059624516327,147.0953746911042,142.2514872401482,146.88723754882812,49630700,0.0,0.0
2020-04-03 00:00:00-04:00,146.73592529866758,148.89297054298996,143.98284945612286,145.53440856933594,41243300,0.0,0.0
2020-04-06 00:00:00-04:00,151.67435061344497,157.521071752868,149.08210675823807,156.35740661621094,67111700,0.0,0.0
2020-04-07 00:00:00-04:00,160.4444503945996,160.83234362915013,154.45580904362706,154.6734161376953,62769000,0.0,0.0
2020-04-08 00:00:00-04:00,156.7358484464,157.68192106171185,154.68287260348404,156.2249755859375,48318200,0.0,0.0
2020-04-09 00:00:00-04:00,157.38864581705784,158.34417399168134,154.52204685726437,156.23443603515625,51385100,0.0,0.0
2020-04-13 00:00:00-04:00,155.48705455059172,156.641264403409,153.54760262178084,156.58448791503906,41905300,0.0,0.0
2020-04-14 00:00:00-04:00,159.88628591492517,164.38013122910206,158.94021321720373,164.33282470703125,52874300,0.0,0.0
2020-04-15 00:00:00-04:00,161.9676098456837,164.20981149725526,160.11331582140903,162.61094665527344,40940800,0.0,0.0
2020-04-16 00:00:00-04:00,164.90044626603395,167.71973838730918,163.57593605123742,167.49267578125,50479600,0.0,0.0
2020-04-17 00:00:00-04:00,169.82005710511905,170.2930934758854,166.38580843385955,168.96859741210938,52765600,0.0,0.0
2020-04-20 00:00:00-04:00,167.10480191712205,169.11047113712758,165.55324348664345,165.6194610595703,36669600,0.0,0.0
2020-04-21 00:00:00-04:00,164.1436140033889,164.30444463062025,157.152137304255,158.76992797851562,56203700,0.0,0.0
2020-04-22 00:00:00-04:00,162.14741225062102,164.61666276960204,161.60815827581536,164.1625518798828,34620200,0.0,0.0
2020-04-23 00:00:00-04:00,164.72067263977937,165.61943856805246,161.69324372752908,162.1757354736328,32790800,0.0,0.0
2020-04-24 00:00:00-04:00,162.78125213665297,165.14643367864994,161.5040627655281,165.13697814941406,34277600,0.0,0.0
2020-04-27 00:00:00-04:00,167.06695850395437,167.36023870290072,163.95438597316996,164.6639404296875,33194400,0.0,0.0
2020-04-28 00:00:00-04:00,166.12088643163574,166.196573972886,160.2552391260029,160.652587890625,34392700,0.0,0.0
2020-04-29 00:00:00-04:00,163.87866134490363,168.09813614063847,162.6109278007802,167.8616180419922,51286600,0.0,0.0
2020-04-30 00:00:00-04:00,170.29306052505186,170.67148377407221,166.72636293755244,169.54566955566406,53875900,0.0,0.0
2020-05-01 00:00:00-04:00,166.31957965837367,169.00642259892936,164.6261014808525,165.15591430664062,39370500,0.0,0.0
2020-05-04 00:00:00-04:00,165.08019570399185,169.34697748159672,164.42740336931547,169.1956024169922,30372900,0.0,0.0
2020-05-05 00:00:00-04:00,170.87962012199586,173.74621880637977,170.1984467280906,171.01206970214844,36839200,0.0,0.0
2020-05-06 00:00:00-04:00,172.26093581532623,174.26660551621677,171.83520594582544,172.6961212158203,32139300,0.0,0.0
2020-05-07 00:00:00-04:00,174.238167382605,174.59767954547615,172.73391559993962,173.69891357421875,28316000,0.0,0.0
2020-05-08 00:00:00-04:00,175.00451254481112,175.02343803963055,173.47187949066208,174.72068786621094,30877800,0.0,0.0
2020-05-11 00:00:00-04:00,173.27320482134522,177.39808226581636,172.98939456730636,176.66961669921875,30892700,0.0,0.0
2020-05-12 00:00:00-04:00,176.7263689902823,176.9534171809746,172.46904218373015,172.66770935058594,32038200,0.0,0.0
2020-05-13 00:00:00-04:00,172.70555522733514,174.124664120845,167.01964968834875,170.05654907226562,44711500,0.0,0.0
2020-05-14 00:00:00-04:00,167.96568718564657,170.94582390083653,166.20599194796617,170.79444885253906,41873900,0.0,0.0
2020-05-15 00:00:00-04:00,169.40376544975464,176.9723466073332,167.4548581114258,173.2826690673828,46610400,0.0,0.0
2020-05-18 00:00:00-04:00,175.73302165772617,176.15875152825836,174.03955770661358,174.93832397460938,35264500,0.0,0.0
2020-05-19 00:00:00-04:00,175.0518213758498,176.53716236645175,173.59487584581345,173.72732543945312,26799100,0.0,0.0
2020-05-20 00:00:00-04:00,175.33064720227907,176.31731120144525,174.50527623223215,176.13705444335938,31261300,0.51,0.0
2020-05-21 00:00:00-04:00,175.89039384126738,177.09525661913764,173.88862010567996,174.0214385986328,29119500,0.0,0.0
2020-05-22 00:00:00-04:00,173.79378735907517,174.99865034030577,173.17711859218014,174.0973663330078,20826900,0.0,0.0
2020-05-26 00:00:00-04:00,176.78219182477463,176.93398853317638,171.8109726717298,172.25686645507812,36073600,0.0,0.0
2020-05-27 00:00:00-04:00,170.95709263901247,172.65528721071786,167.54175424409405,172.48451232910156,39517100,0.0,0.0
2020-05-28 00:00:00-04:00,171.46938412483502,174.70446542183254,171.12784887494325,172.09552001953125,33810200,0.0,0.0
2020-05-29 00:00:00-04:00,173.3573454571367,174.81836335004485,171.15635122877697,173.85067749023438,42130400,0.0,0.0
2020-06-01 00:00:00-04:00,173.1770761664217,173.61348802494285,172.15248471379252,173.45220947265625,22622400,0.0,0.0
2020-06-02 00:00:00-04:00,174.79937137437696,175.51090205839748,172.04812518661575,175.42552185058594,30794600,0.0,0.0
2020-06-03 00:00:00-04:00,175.34013654287895,176.40268436775008,174.1637339681085,175.85243225097656,27311000,0.0,0.0
2020-06-04 00:00:00-04:00,174.8468034419461,176.30780669177656,172.94938835191115,173.53758239746094,28761800,0.0,0.0
2020-06-05 00:00:00-04:00,173.252940829939,178.10083622506306,172.67422873664577,177.5980224609375,39893600,0.0,0.0
2020-06-08 00:00:00-04:00,176.40269198638714,178.87881938074497,174.9796305982764,178.6985626220703,33211600,0.0,0.0
2020-06-09 00:00:00-04:00,178.3570056532285,180.91851294557603,177.65495690893232,180.06468200683594,29783900,0.0,0.0
2020-06-10 00:00:00-04:00,181.32650891845066,188.33745830369256,181.21265414968653,186.74362182617188,43872300,0.0,0.0
2020-06-11 00:00:00-04:00,183.2238936451731,185.7189846562895,176.52602066269233,176.71575927734375,52854700,0.0,0.0
2020-06-12 00:00:00-04:00,180.76675195881117,181.88623453010308,175.68167829988911,178.11038208007812,43373600,0.0,0.0
2020-06-15 00:00:00-04:00,175.1124144347992,181.03235384944128,174.5716442657707,179.248779296875,32770200,0.0,0.0
2020-06-16 00:00:00-04:00,182.99619824445867,185.54822386322215,181.63955340017736,183.64132690429688,42556700,0.0,0.0
2020-06-17 00:00:00-04:00,185.02640424397987,186.25024490441595,183.7551397941422,184.2769317626953,25687800,0.0,0.0
2020-06-18 00:00:00-04:00,184.04931141141617,186.41159902186715,184.04931141141617,186.2503204345703,23061600,0.0,0.0
2020-06-19 00:00:00-04:00,188.4038148339312,189.06790717419463,184.4002681133222,185.1402587890625,44441100,0.0,0.0
2020-06-22 00:00:00-04:00,185.74745201555635,190.46252987916642,185.21617808322773,190.28228759765625,32818900,0.0,0.0
2020-06-23 00:00:00-04:00,191.72430349967055,193.48890010509766,191.0981530482965,191.5535430908203,30917400,0.0,0.0
2020-06-24 00:00:00-04:00,191.25947187782361,192.82483374136044,186.4779771190064,187.69232177734375,36740600,0.0,0.0
2020-06-25 00:00:00-04:00,187.65434572459228,190.32021147388468,185.44385552035675,190.06405639648438,27803900,0.0,0.0
2020-06-26 00:00:00-04:00,189.48536568805383,189.6371623789604,184.88414249446612,186.259765625,54675800,0.0,0.0
2020-06-29 00:00:00-04:00,185.73793988349985,188.34688532156488,183.62232636340255,188.26150512695312,26701600,0.0,0.0
2020-06-30 00:00:00-04:00,187.7302732345924,193.9158366509064,187.59745474347227,193.0714874267578,34310300,0.0,0.0
2020-07-01 00:00:00-04:00,192.72045793900065,195.7658156516249,191.4207331819274,194.200439453125,32061200,0.0,0.0
2020-07-02 00:00:00-04:00,195.13015257335095,197.35013913569628,194.48503841884437,195.68040466308594,29315800,0.0,0.0
2020-07-06 00:00:00-04:00,198.1185912644786,200.30062143506157,197.4165424949141,199.89266967773438,31897600,0.0,0.0
2020-07-07 00:00:00-04:00,199.6554977974831,203.65904475231002,197.32168536857642,197.56834411621094,33600700,0.0,0.0
2020-07-08 00:00:00-04:00,199.2949790467451,202.32134362309262,197.98575814601915,201.9134063720703,33600000,0.0,0.0
2020-07-09 00:00:00-04:00,205.23390809166048,205.28134636486303,200.62318877326808,203.32701110839844,33121700,0.0,0.0
2020-07-10 00:00:00-04:00,202.66290413404784,203.09931598071202,200.25319330353184,202.71034240722656,26177600,0.0,0.0
2020-07-13 00:00:00-04:00,203.4787793289226,204.73108016996918,195.90809757754667,196.44886779785156,38135600,0.0,0.0
2020-07-14 00:00:00-04:00,195.55710644975017,198.13759233564966,191.66739941517432,197.66323852539062,37591800,0.0,0.0
2020-07-15 00:00:00-04:00,198.81118036102964,200.49039701855816,194.5135357015606,197.369140625,32179400,0.0,0.0
2020-07-16 00:00:00-04:00,194.8645323928501,195.14914756390348,191.93302942609668,193.46044921875,29940700,0.0,0.0
2020-07-17 00:00:00-04:00,193.9822576326965,194.52301347474997,191.06023628416662,192.47381591796875,31635300,0.0,0.0
2020-07-20 00:00:00-04:00,194.48506023255374,201.4106286872803,192.59712687547508,200.7465362548828,36884800,0.0,0.0
2020-07-21 00:00:00-04:00,202.70085147260994,202.9664884191698,197.3596235217493,198.04269409179688,37990400,0.0,0.0
2020-07-22 00:00:00-04:00,198.46961730612836,201.41061651256538,197.70116650393845,200.88882446289062,49605700,0.0,0.0
2020-07-23 00:00:00-04:00,196.56271325026265,200.10138824412152,191.78121924610807,192.15121459960938,67457000,0.0,0.0
2020-07-24 00:00:00-04:00,190.13992537997643,192.45477363052308,187.37918351676916,190.97479248046875,39827000,0.0,0.0
2020-07-27 00:00:00-04:00,191.136099250431,193.507867976449,190.55738710223747,193.39402770996094,30160900,0.0,0.0
2020-07-28 00:00:00-04:00,193.1663240584175,194.20041170242473,191.3922457630907,191.6578826904297,23251400,0.0,0.0
2020-07-29 00:00:00-04:00,192.11328024636595,194.15299570297475,191.64840833214134,193.59326171875,19632600,0.0,0.0
2020-07-30 00:00:00-04:00,190.69022112897082,193.97275568307558,189.33357625555024,193.44146728515625,25079600,0.0,0.0
2020-07-31 00:00:00-04:00,193.91587078610317,194.579977834737,188.80233626364338,194.4945831298828,51044000,0.0,0.0
2020-08-03 00:00:00-04:00,200.6706342883955,206.47672012993115,199.64602834998408,205.43313598632812,78983000,0.0,0.0
2020-08-04 00:00:00-04:00,203.18469025802023,203.75392056729805,199.5226786078573,202.34982299804688,49280100,0.0,0.0
2020-08-05 00:00:00-04:00,203.8772658730298,203.97214242740145,200.71808217349727,202.01780700683594,28806400,0.0,0.0
2020-08-06 00:00:00-04:00,201.44860230478568,205.2718934198872,200.69912954380672,205.2529296875,32656800,0.0,0.0
2020-08-07 00:00:00-04:00,203.82980641865512,204.63619908524305,200.11086038451512,201.58135986328125,27820400,0.0,0.0
2020-08-10 00:00:00-04:00,200.81292214799484,201.01215709979328,195.76580559059593,197.56834411621094,36716500,0.0,0.0
2020-08-11 00:00:00-04:00,196.53426409900342,196.99912154458283,192.7204556060686,192.94815063476562,36446500,0.0,0.0
2020-08-12 00:00:00-04:00,194.76016076380623,199.4942165085806,194.2478650715753,198.4601287841797,28013100,0.0,0.0
2020-08-13 00:00:00-04:00,198.69728797277943,200.50932265218785,197.47344727210242,197.9952392578125,22588900,0.0,0.0
2020-08-14 00:00:00-04:00,198.0521485860903,198.83957745319245,196.8662643542122,198.18496704101562,17958900,0.0,0.0
2020-08-17 00:00:00-04:00,198.84911796083807,200.35755956457717,198.20398926781266,199.49423217773438,20184800,0.0,0.0
2020-08-18 00:00:00-04:00,199.73137013580597,201.46750643555848,198.4790838805201,200.6421356201172,21336200,0.0,0.0
2020-08-19 00:00:00-04:00,201.1271806773052,201.7072917926525,198.9969334890695,199.4248809814453,27627600,0.51,0.0
2020-08-20 00:00:00-04:00,199.2727129413533,204.46518399896465,198.67359226975614,204.06576538085938,26981500,0.0,0.0
2020-08-21 00:00:00-04:00,203.3810516231777,205.65394317773766,202.42054594494113,202.58221435546875,36249300,0.0,0.0
2020-08-24 00:00:00-04:00,204.26545250984773,204.95969353187164,202.021090073676,203.2193603515625,25460100,0.0,0.0
2020-08-25 00:00:00-04:00,202.65826085369224,205.99626818352706,202.65826085369224,205.86312866210938,23043700,0.0,0.0
2020-08-26 00:00:00-04:00,207.20406525203634,211.20777061562723,206.70954075787597,210.31382751464844,39600800,0.0,0.0
2020-08-27 00:00:00-04:00,211.96852755925246,219.82378745451916,208.64953017226586,215.47772216796875,57602200,0.0,0.0
2020-08-28 00:00:00-04:00,216.99936246159774,219.3388308886957,215.4777698400072,217.693603515625,26292900,0.0,0.0
2020-08-31 00:00:00-04:00,215.8771899200654,217.49388844015004,213.3189953476914,214.47921752929688,28774200,0.0,0.0
2020-09-01 00:00:00-04:00,214.46021648733137,216.30516063040494,213.43313373208045,216.1339874267578,25725500,0.0,0.0
2020-09-02 00:00:00-04:00,216.7997157177817,221.45011038312873,216.210099696231,220.2993927001953,34080800,0.0,0.0
2020-09-03 00:00:00-04:00,218.03594595556712,218.0739796006639,204.42712754859411,206.6524658203125,58400300,0.0,0.0
2020-09-04 00:00:00-04:00,204.56026377733428,207.66052094752746,195.1358430166028,203.7519073486328,59664100,0.0,0.0
2020-09-08 00:00:00-04:00,196.3816986090303,199.73873084324882,192.2923915711213,192.7298583984375,52924300,0.0,0.0
2020-09-09 00:00:00-04:00,197.4277399706096,204.3129753625065,196.57183068229344,200.93692016601562,45679000,0.0,0.0
2020-09-10 00:00:00-04:00,202.94357291773917,204.21792506843929,194.10878152227107,195.30703735351562,35461500,0.0,0.0
2020-09-11 00:00:00-04:00,197.04738599235657,198.4073248418045,191.37942868513088,194.03271484375,33620100,0.0,0.0
2020-09-14 00:00:00-04:00,194.23243866542157,198.9493952369475,194.03272208163065,195.34510803222656,30375800,0.0,0.0
2020-09-15 00:00:00-04:00,198.2075811547893,199.50094279817782,196.79058476623734,198.54994201660156,21823900,0.0,0.0
2020-09-16 00:00:00-04:00,200.29979862410642,200.32832748932069,194.61281748381796,195.0027313232422,26328100,0.0,0.0
2020-09-17 00:00:00-04:00,190.24772725890895,194.3180098283197,190.16214066313728,192.96759033203125,34011300,0.0,0.0
2020-09-18 00:00:00-04:00,192.8629911592998,193.6713332416722,186.6339321767802,190.57107543945312,55225300,0.0,0.0
2020-09-21 00:00:00-04:00,187.5278763694896,192.7774055847078,186.75756793525397,192.61572265625,39839700,0.0,0.0
2020-09-22 00:00:00-04:00,195.01224432710944,197.9032952203945,192.17826567778008,197.25660705566406,33517100,0.0,0.0
2020-09-23 00:00:00-04:00,197.7131066523486,197.90331846563146,190.2287332534119,190.76129150390625,30803800,0.0,0.0
2020-09-24 00:00:00-04:00,190.0575169900214,195.49724276427847,189.43935775910268,193.23385620117188,31202500,0.0,0.0
2020-09-25 00:00:00-04:00,193.57620097997778,198.79718568670492,192.6156809581105,197.63697814941406,29437300,0.0,0.0
2020-09-28 00:00:00-04:00,200.54708652258188,202.15428046222738,197.8652568576087,199.17764282226562,32004900,0.0,0.0
2020-09-29 00:00:00-04:00,199.09203395936672,199.7767557329698,196.67648367162218,197.10443115234375,24221900,0.0,0.0
2020-09-30 00:00:00-04:00,197.55142430549373,201.59317836396667,196.41973084734164,200.02403259277344,33829100,0.0,0.0
2020-10-01 00:00:00-04:00,203.02918183905925,203.50468227611734,200.96551168356183,202.04965209960938,27158400,0.0,0.0
2020-10-02 00:00:00-04:00,197.80817750902324,200.65167528471918,195.46870902474427,196.0868682861328,33154800,0.0,0.0
2020-10-05 00:00:00-04:00,197.0664276074068,200.10012310727936,196.83818214429814,200.07159423828125,21331600,0.0,0.0
2020-10-06 00:00:00-04:00,198.5880185697547,199.8813658869558,194.78401489952358,195.8206024169922,28554300,0.0,0.0
2020-10-07 00:00:00-04:00,196.9142463619381,199.81480204347935,196.59090953478196,199.54852294921875,25681100,0.0,0.0
2020-10-08 00:00:00-04:00,200.19521800770082,200.84190624227702,198.1125379787301,200.2617950439453,19925800,0.0,0.0
2020-10-09 00:00:00-04:00,200.8799331744118,205.2830723604593,200.8799331744118,205.2355194091797,26458000,0.0,0.0
2020-10-12 00:00:00-04:00,208.0694469196966,212.8910276692759,206.18646950494053,210.5515594482422,40461400,0.0,0.0
2020-10-13 00:00:00-04:00,211.80689343114148,214.17489058111875,209.62909353363688,211.94003295898438,28950800,0.0,0.0
2020-10-14 00:00:00-04:00,212.0731659140789,213.23338798265985,208.39279767832116,210.03802490234375,23421700,0.0,0.0
2020-10-15 00:00:00-04:00,206.46230580810285,209.56256358737795,205.42570377548589,208.89686584472656,22733100,0.0,0.0
2020-10-16 00:00:00-04:00,209.36284700902132,211.39798840005417,208.5735290141705,208.89686584472656,26057900,0.0,0.0
2020-10-19 00:00:00-04:00,209.61960631820077,211.40749256575168,203.24790350407042,203.72340393066406,27625800,0.0,0.0
2020-10-20 00:00:00-04:00,205.22602991152633,206.71909401729215,202.648810675866,204.1323699951172,22753500,0.0,0.0
2020-10-21 00:00:00-04:00,202.67730485689108,206.29111113797111,202.67730485689108,204.27499389648438,22724900,0.0,0.0
2020-10-22 00:00:00-04:00,203.44759801543634,205.47323440119598,201.32687025455576,204.36056518554688,22351500,0.0,0.0
2020-10-23 00:00:00-04:00,204.493750396268,205.6825016842113,202.71538311306455,205.63494873046875,18879600,0.0,0.0
2020-10-26 00:00:00-04:00,203.37154758566112,205.7395305315812,197.90329242904681,199.78627014160156,37111600,0.0,0.0
2020-10-27 00:00:00-04:00,201.2222840641838,204.1513686811001,200.0240281118137,202.8009490966797,36700300,0.0,0.0
2020-10-28 00:00:00-04:00,197.49437094383575,198.60704034441673,192.19730305331996,192.74887084960938,51195600,0.0,0.0
2020-10-29 00:00:00-04:00,194.0707590331236,197.199545583512,193.40504679969789,194.68890380859375,31432600,0.0,0.0
2020-10-30 00:00:00-04:00,193.52863229189919,194.27991642057273,189.83874512601912,192.54910278320312,36953700,0.0,0.0
2020-11-02 00:00:00-05:00,194.28000009328426,195.22149636635365,190.31432741583214,192.41604614257812,30842200,0.0,0.0
2020-11-03 00:00:00-05:00,193.89957334651695,197.92230309923994,193.16729858879407,196.3151092529297,27512000,0.0,0.0
2020-11-04 00:00:00-05:00,203.53321142617264,207.62251809281693,202.01160422100955,205.78707885742188,42311800,0.0,0.0
2020-11-05 00:00:00-05:00,211.16023264419107,213.1383162499668,210.3138424268703,212.34898376464844,36080100,0.0,0.0
2020-11-06 00:00:00-05:00,211.3694213150768,213.36652869305155,207.3466922086578,212.7578887939453,25231900,0.0,0.0
2020-11-09 00:00:00-05:00,213.44262960592522,216.94230571136617,207.20406645370713,207.68907165527344,44395000,0.0,0.0
2020-11-10 00:00:00-05:00,203.98968301620297,205.89168472264777,199.44390009868965,200.67068481445312,44045100,0.0,0.0
2020-11-11 00:00:00-05:00,201.98305746897677,207.35620613498025,201.8023649968637,205.93922424316406,29440800,0.0,0.0
2020-11-12 00:00:00-05:00,206.56691213283364,208.37380804064978,203.9516596545553,204.88363647460938,21593900,0.0,0.0
2020-11-13 00:00:00-05:00,205.75855501047297,206.7666136412532,203.66635593568657,205.9011993408203,18621100,0.0,0.0
2020-11-16 00:00:00-05:00,204.34154443508726,207.0709266945876,204.0087028500602,206.58590698242188,24953300,0.0,0.0
2020-11-17 00:00:00-05:00,205.5113164330714,207.01388520327933,203.59029040110073,203.95167541503906,24154100,0.0,0.0
2020-11-18 00:00:00-05:00,203.7133117893562,205.1626219373687,201.11981554517192,201.26284790039062,28372800,0.56,0.0
2020-11-19 00:00:00-05:00,201.54884251164967,203.12209614163268,200.16626953783916,202.54046630859375,24792700,0.0,0.0
2020-11-20 00:00:00-05:00,202.33070459277454,203.3700058661989,200.23302815996874,200.60488891601562,22843100,0.0,0.0
2020-11-23 00:00:00-05:00,201.13888043673134,202.41655461114135,198.47864751842303,200.33795166015625,25683500,0.0,0.0
2020-11-24 00:00:00-05:00,199.84208903643668,204.28535867251247,199.14604498028865,203.9134979248047,33979700,0.0,0.0
2020-11-25 00:00:00-05:00,205.10539897142638,205.2770203254931,202.57865426468067,203.92306518554688,21012900,0.0,0.0
2020-11-27 00:00:00-05:00,204.85747104569143,206.21142601667475,204.08513140142963,205.21978759765625,14512200,0.0,0.0
2020-11-30 00:00:00-05:00,204.14234256764314,204.77163530412324,201.03395391105286,204.11373901367188,33064800,0.0,0.0
2020-12-01 00:00:00-05:00,204.53325969211036,207.21258045120723,203.427221673315,206.15420532226562,30904500,0.0,0.0
2020-12-02 00:00:00-05:00,204.88605516495122,205.4486111007541,202.9027930641658,205.35325622558594,23724500,0.0,0.0
2020-12-03 00:00:00-05:00,204.62865056946853,206.31633327179273,203.71329304727672,204.27586364746094,25120900,0.0,0.0
2020-12-04 00:00:00-05:00,204.2568011760588,205.36285400037403,203.2651625924951,204.39028930664062,24666000,0.0,0.0
2020-12-07 00:00:00-05:00,204.39981311250966,205.51539557517503,203.08400573427372,204.3235321044922,24620000,0.0,0.0
2020-12-08 00:00:00-05:00,204.01840165272458,206.85979980104426,202.98862997399976,205.96351623535156,23284100,0.0,0.0
2020-12-09 00:00:00-05:00,205.15305477478972,205.21979155573646,201.38676956150456,201.94932556152344,32440600,0.0,0.0
2020-12-10 00:00:00-05:00,201.92069925538198,203.16976955673482,200.5762740787197,200.7288360595703,26733300,0.0,0.0
2020-12-11 00:00:00-05:00,200.2807335257904,203.39865232991232,199.38444989929366,203.3414306640625,30979400,0.0,0.0
2020-12-14 00:00:00-05:00,203.18885521361375,206.15421159855921,202.97908611506878,204.23768615722656,28798400,0.0,0.0
2020-12-15 00:00:00-05:00,205.16259868933062,205.40097137190162,202.36887783317297,204.1709747314453,27000600,0.0,0.0
2020-12-16 00:00:00-05:00,204.7621245198749,209.87283517134597,204.73352096326568,209.08143615722656,35023300,0.0,0.0
2020-12-17 00:00:00-05:00,209.64398793352765,210.6165524859304,207.7846840459289,209.2149200439453,32515800,0.0,0.0
2020-12-18 00:00:00-05:00,208.42347717285156,209.4723225035944,205.9730142442759,208.42347717285156,63354900,0.0,0.0
2020-12-21 00:00:00-05:00,207.43190114873119,213.58191314877274,207.1744545903805,212.23748779296875,37181900,0.0,0.0
2020-12-22 00:00:00-05:00,212.332795115494,215.13605942545968,211.53186661239238,213.524658203125,22612200,0.0,0.0
2020-12-23 00:00:00-05:00,212.73330101406674,213.16236889979098,210.53073992478457,210.74050903320312,18699600,0.0,0.0
2020-12-24 00:00:00-05:00,211.12191600611644,213.2100630357943,210.91214688127394,212.3900604248047,10550600,0.0,0.0
2020-12-28 00:00:00-05:00,214.01097912101392,215.51749613359814,212.64749443916563,214.4972686767578,17933500,0.0,0.0
2020-12-29 00:00:00-05:00,215.78447316733607,216.61400540208348,213.18144768825368,213.7249298095703,17403200,0.0,0.0
2020-12-30 00:00:00-05:00,214.75472241960352,215.13612745772272,211.16960235597048,211.3698272705078,20272300,0.0,0.0
2020-12-31 00:00:00-05:00,211.38886401908798,212.62840471424002,209.46280892505516,212.07537841796875,20942100,0.0,0.0
2021-01-04 00:00:00-05:00,212.18027520947413,212.62841698318834,204.81932615715849,207.5653839111328,37130100,0.0,0.0
2021-01-05 00:00:00-05:00,207.15537629858184,208.35678384593277,205.66793319149298,207.76560974121094,23823000,0.0,0.0
2021-01-06 00:00:00-05:00,202.30215221352643,206.4212396755141,202.08285339143748,202.37843322753906,35930700,0.0,0.0
2021-01-07 00:00:00-05:00,204.0851012672595,209.13860385305338,203.7704622038596,208.13743591308594,27694500,0.0,0.0
2021-01-08 00:00:00-05:00,208.509325603842,210.32096654437632,206.9360718717711,209.40560913085938,22956200,0.0,0.0
2021-01-11 00:00:00-05:00,208.3090809689582,208.7286191374999,206.65000217948275,207.37466430664062,23031300,0.0,0.0
2021-01-12 00:00:00-05:00,206.4306875890445,207.00278769299996,203.39859486576668,204.93370056152344,23249300,0.0,0.0
2021-01-13 00:00:00-05:00,204.06604674898907,206.67860148264808,203.98022154419837,206.27813720703125,20087100,0.0,0.0
2021-01-14 00:00:00-05:00,205.86818216746164,207.34609567404829,202.8456183702962,203.1125946044922,29480800,0.0,0.0
2021-01-15 00:00:00-05:00,203.58932764260769,204.5332740745868,202.1686213365607,202.75978088378906,31746500,0.0,0.0
2021-01-19 00:00:00-05:00,203.80859756685624,206.88836785633777,202.74069284584706,206.3734893798828,30480900,0.0,0.0
2021-01-20 00:00:00-05:00,207.5749198269977,215.2886559996151,207.18398515320732,213.90609741210938,37777300,0.0,0.0
2021-01-21 00:00:00-05:00,214.2493283744459,215.7749191075521,212.075371036692,214.50677490234375,30709400,0.0,0.0
2021-01-22 00:00:00-05:00,216.5186569680968,219.3695992284759,215.29819010893078,215.4412078857422,30172700,0.0,0.0
2021-01-25 00:00:00-05:00,218.46377115568953,219.09307847095562,213.79167283132318,218.85470581054688,33152100,0.0,0.0
2021-01-26 00:00:00-05:00,221.07633334716795,223.2884239961353,219.3791212258297,221.52447509765625,49169600,0.0,0.0
2021-01-27 00:00:00-05:00,226.9307862882382,229.25730592090014,219.43634881456967,222.06797790527344,69870600,0.0,0.0
2021-01-28 00:00:00-05:00,224.65198380438494,231.35502343691428,224.15616447968532,227.81756591796875,49111200,0.0,0.0
2021-01-29 00:00:00-05:00,225.01428899918173,226.94987407210942,220.59009246833065,221.17172241210938,42503100,0.0,0.0
2021-02-01 00:00:00-05:00,224.12752469767685,231.22149793113354,221.61983946645995,228.50404357910156,33314200,0.0,0.0
2021-02-02 00:00:00-05:00,230.07728550233475,231.04030577405533,227.58867444558177,228.3705291748047,25916300,0.0,0.0
2021-02-03 00:00:00-05:00,228.427776040609,233.69103427666695,228.1321816996905,231.6982421875,27158100,0.0,0.0
2021-02-04 00:00:00-05:00,231.37406542742858,231.9270918000538,229.19056349507096,230.75428771972656,25296100,0.0,0.0
2021-02-05 00:00:00-05:00,230.96405888066087,231.9652270718367,229.2382429616154,230.93545532226562,18054800,0.0,0.0
2021-02-08 00:00:00-05:00,231.84125303139,232.34660192788067,229.61008833189024,231.19288635253906,22211900,0.0,0.0
2021-02-09 00:00:00-05:00,230.6207778665767,233.37636525124478,230.1535767615209,232.4324188232422,23565000,0.0,0.0
2021-02-10 00:00:00-05:00,233.60522939962993,234.4824391274002,229.68638190814508,231.52662658691406,22186700,0.0,0.0
2021-02-11 00:00:00-05:00,233.39538704957596,233.74817385410688,230.88770255481563,233.11888122558594,15751100,0.0,0.0
2021-02-12 00:00:00-05:00,232.58491474903713,233.8912065379494,231.4407291372375,233.5956268310547,16561100,0.0,0.0
2021-02-16 00:00:00-05:00,233.6338058939717,234.68265139758873,231.62194010002432,232.36566162109375,26728500,0.0,0.0
2021-02-17 00:00:00-05:00,230.62633988583025,233.48383401445355,230.26317424435055,233.3787078857422,21653500,0.56,0.0
2021-02-18 00:00:00-05:00,231.08502464867303,233.12062720680663,230.18667690425352,232.98683166503906,16925600,0.0,0.0
2021-02-19 00:00:00-05:00,232.94863218954157,233.05375830942427,229.53682368458402,230.2918243408203,25262600,0.0,0.0
2021-02-22 00:00:00-05:00,226.89909328304427,227.3864881616259,222.10154283875576,224.1180419921875,36446900,0.0,0.0
2021-02-23 00:00:00-05:00,220.12333822043468,224.4239287388966,218.59423353637678,222.9330596923828,30228700,0.0,0.0
2021-02-24 00:00:00-05:00,219.8174704300372,224.77748623561877,218.8522322102071,224.1562957763672,26339700,0.0,0.0
2021-02-25 00:00:00-05:00,221.795750007288,224.19451814657435,217.78186916527636,218.84268188476562,39542200,0.0,0.0
2021-02-26 00:00:00-05:00,221.27013424972316,224.93996757449008,219.36831252056643,222.0824737548828,37819200,0.0,0.0
2021-03-01 00:00:00-05:00,225.4464768789382,226.9469119322539,222.8183385683915,226.44039916992188,25324000,0.0,0.0
2021-03-02 00:00:00-05:00,226.50727933754183,226.78443662211785,223.1050373218698,223.5064239501953,22812500,0.0,0.0
2021-03-03 00:00:00-05:00,221.87223909617876,223.22931252952912,217.18936527759203,217.47607421875,34029500,0.0,0.0
2021-03-04 00:00:00-05:00,216.69239700995695,222.18759526620298,214.32228361038455,216.68283081054688,44727800,0.0,0.0
2021-03-05 00:00:00-05:00,219.34920613150112,222.9330311039714,216.42480728718476,221.3370361328125,41872800,0.0,0.0
2021-03-08 00:00:00-05:00,221.11724315034732,223.02861668898058,217.06514058132345,217.31361389160156,35267400,0.0,0.0
2021-03-09 00:00:00-05:00,222.56029805709437,224.94951453543788,221.40391086522325,223.42041015625,33080500,0.0,0.0
2021-03-10 00:00:00-05:00,226.49775933721102,226.49775933721102,221.75754664949608,222.12071228027344,29746800,0.0,0.0
2021-03-11 00:00:00-05:00,224.54814049035522,228.57157309890684,223.92693542163005,226.62197875976562,29907600,0.0,0.0
2021-03-12 00:00:00-05:00,223.6402462040966,225.3700514329935,222.89481172208454,225.3031463623047,22653700,0.0,0.0
2021-03-15 00:00:00-04:00,224.54813163810934,224.76793547462583,221.53771007593699,224.40476989746094,26034900,0.0,0.0
2021-03-16 00:00:00-04:00,225.80963010169157,229.42212430580386,225.48470015547667,227.17626953125,28092200,0.0,0.0
2021-03-17 00:00:00-04:00,225.68540440109052,227.97906119030745,222.8948010361049,226.5359649658203,29562100,0.0,0.0
2021-03-18 00:00:00-04:00,222.25450809258342,223.81228216044187,220.1233307246963,220.4960479736328,34833000,0.0,0.0
2021-03-19 00:00:00-04:00,220.782703235994,222.16844576909207,219.18670850255066,220.14239501953125,46430700,0.0,0.0
2021-03-22 00:00:00-04:00,220.0659723327752,226.40216500266618,219.9417283999428,225.53250122070312,30127000,0.0,0.0
2021-03-23 00:00:00-04:00,226.96600892038168,230.36825077878098,226.56462231061073,227.05201721191406,31638400,0.0,0.0
2021-03-24 00:00:00-04:00,227.31010706233886,227.453454246672,224.89222066909963,225.02601623535156,25620100,0.0,0.0
2021-03-25 00:00:00-04:00,224.87312052084894,226.44044638408496,221.30841262496062,222.04428100585938,34061900,0.0,0.0
2021-03-26 00:00:00-04:00,221.28923500414234,226.22058135679828,221.28923500414234,226.00076293945312,25479900,0.0,0.0
2021-03-29 00:00:00-04:00,226.10594914214153,226.30664979770663,221.60467222897535,224.81578063964844,25227500,0.0,0.0
2021-03-30 00:00:00-04:00,223.18152021260835,223.48734696493838,220.85920846541862,221.5759735107422,24792000,0.0,0.0
2021-03-31 00:00:00-04:00,222.58897083183447,228.50467325429472,222.09200971374034,225.32223510742188,43623500,0.0,0.0
2021-04-01 00:00:00-04:00,227.90260302398238,232.0789491359086,227.50121636956897,231.6106719970703,30338000,0.0,0.0
2021-04-05 00:00:00-04:00,232.0025025067712,238.88345854528154,231.9451636368873,238.03289794921875,36910600,0.0,0.0
2021-04-06 00:00:00-04:00,236.6376041839014,238.34827710378195,235.93995691762169,236.87652587890625,22931900,0.0,0.0
2021-04-07 00:00:00-04:00,236.82872905017194,239.81046701686373,236.23620793695045,238.82611083984375,22719800,0.0,0.0
2021-04-08 00:00:00-04:00,241.56895386752916,242.8782401027182,240.8330709564721,242.02767944335938,23625200,0.0,0.0
2021-04-09 00:00:00-04:00,241.66450935083208,244.646261995429,241.25357103856228,244.51246643066406,24326800,0.0,0.0
2021-04-12 00:00:00-04:00,243.42300292026678,246.2518424003078,243.33698002134693,244.56982421875,27148700,0.0,0.0
2021-04-13 00:00:00-04:00,245.85998537594716,247.70445382432965,245.4490179032841,247.03546142578125,23837500,0.0,0.0
2021-04-14 00:00:00-04:00,246.0702390380511,247.36039284010613,243.85303874101194,244.26397705078125,23070900,0.0,0.0
2021-04-15 00:00:00-04:00,246.50028193242102,248.41165547510374,246.30916207730016,248.00071716308594,25627500,0.0,0.0
2021-04-16 00:00:00-04:00,247.97206397718136,249.43426366654776,246.18493426409438,249.18577575683594,24878600,0.0,0.0
2021-04-19 00:00:00-04:00,248.66012567205544,249.89296968561638,246.39515285160775,247.2743682861328,23209300,0.0,0.0
2021-04-20 00:00:00-04:00,246.39510838617096,248.66964699605762,245.45852508644163,246.81561279296875,19722900,0.0,0.0
2021-04-21 00:00:00-04:00,247.4655258324469,249.12841142074208,245.8504129148692,249.0328369140625,24030400,0.0,0.0
2021-04-22 00:00:00-04:00,248.67919192838173,250.1796268291521,244.3117119265757,245.77392578125,25606200,0.0,0.0
2021-04-23 00:00:00-04:00,246.45249067643994,249.92163806126072,245.86950662395327,249.57757568359375,21462600,0.0,0.0
2021-04-26 00:00:00-04:00,250.06502536327486,250.81045994172908,248.6410612857112,249.9598846435547,19763300,0.0,0.0
2021-04-27 00:00:00-04:00,249.9885047739333,251.5271754691303,248.59321041055176,250.36123657226562,31014200,0.0,0.0
2021-04-28 00:00:00-04:00,244.73225067344254,245.171887578436,241.740961055206,243.2796173095703,46903100,0.0,0.0
2021-04-29 00:00:00-04:00,244.13972189863736,244.7513607810362,237.96597962533752,241.3204345703125,40589000,0.0,0.0
2021-04-30 00:00:00-04:00,238.67321772170197,241.8652080140417,238.5394221580297,241.0050811767578,30945100,0.0,0.0
2021-05-03 00:00:00-04:00,242.1709696431713,243.07888354566174,239.9920054424337,240.69921875,19626600,0.0,0.0
2021-05-04 00:00:00-04:00,239.84870757177288,240.07807764415418,234.8695731306713,236.8096160888672,32756100,0.0,0.0
2021-05-05 00:00:00-04:00,238.02332068891104,238.44382515868284,234.9269051980848,235.548095703125,21901300,0.0,0.0
2021-05-06 00:00:00-04:00,235.52895393109677,238.787848657748,233.84695080570577,238.66360473632812,26491100,0.0,0.0
2021-05-07 00:00:00-04:00,240.97636894929843,243.03110387686792,240.03980016990303,241.27264404296875,27032900,0.0,0.0
2021-05-10 00:00:00-04:00,239.75314064553547,240.57503186928486,236.1693151784812,236.22665405273438,29299900,0.0,0.0
2021-05-11 00:00:00-04:00,233.71320928311397,235.67237013483188,231.8209535068911,235.31875610351562,33641600,0.0,0.0
2021-05-12 00:00:00-04:00,231.4386591674871,233.55073330745444,227.52035223071903,228.4091339111328,36684400,0.0,0.0
2021-05-13 00:00:00-04:00,231.08505323354785,234.71666570840435,230.72188761127558,232.2605438232422,29624300,0.0,0.0
2021-05-14 00:00:00-04:00,234.6975637956637,238.13802749239937,234.61155548433553,237.15367126464844,23901100,0.0,0.0
2021-05-17 00:00:00-04:00,235.62453186876706,235.6627529160447,232.7288026653694,234.3152313232422,24970200,0.0,0.0
2021-05-18 00:00:00-04:00,235.35694646425682,235.49074200688435,232.13627265956075,232.3083038330078,20168000,0.0,0.0
2021-05-19 00:00:00-04:00,229.23348484456213,232.9884255073801,228.55338866338369,232.883056640625,25739800,0.56,0.0
2021-05-20 00:00:00-04:00,233.68769674460555,237.50968232520998,233.5919015513451,236.10157775878906,21800700,0.0,0.0
2021-05-21 00:00:00-04:00,237.14566300838825,237.87365669047557,234.43482308155694,234.84671020507812,21863100,0.0,0.0
2021-05-24 00:00:00-04:00,237.35636809014645,240.58447836473786,237.0881591425525,240.22047424316406,21411500,0.0,0.0
2021-05-25 00:00:00-04:00,241.16879297255846,242.10752428573386,240.2587972882146,241.1208953857422,17704300,0.0,0.0
2021-05-26 00:00:00-04:00,240.8431336244148,242.28956203132947,240.19177311991052,240.90061950683594,17771600,0.0,0.0
2021-05-27 00:00:00-04:00,240.5941369277575,240.89108160906216,238.75498294548308,238.8124542236328,24426200,0.0,0.0
2021-05-28 00:00:00-04:00,240.43125068294205,241.46577734023427,239.05188180655244,239.1668243408203,18270200,0.0,0.0
2021-06-01 00:00:00-04:00,240.65155203751777,240.70902330225366,236.56135779002153,236.98281860351562,23213300,0.0,0.0
2021-06-02 00:00:00-04:00,237.68212307529706,238.77412110013952,235.48853873601223,236.88706970214844,19406700,0.0,0.0
2021-06-03 00:00:00-04:00,234.89465583263,235.96749192379863,232.76813099742398,235.36402893066406,25307700,0.0,0.0
2021-06-04 00:00:00-04:00,237.3277015006935,241.05390683833082,237.08822811237158,240.23011779785156,25281100,0.0,0.0
2021-06-07 00:00:00-04:00,239.45423636469692,243.3911796178796,239.29139620778867,243.1229705810547,23079200,0.0,0.0
2021-06-08 00:00:00-04:00,244.41612144782889,245.2303368109208,241.8776947734396,241.9351806640625,22455000,0.0,0.0
2021-06-09 00:00:00-04:00,243.12296920395218,244.77054734442802,242.54824182099543,242.9122314453125,17937600,0.0,0.0
2021-06-10 00:00:00-04:00,243.58272547111343,246.61924603470985,242.98883619347527,246.40850830078125,24563600,0.0,0.0
2021-06-11 00:00:00-04:00,247.1269091424967,247.60585584294424,245.8050115720476,247.03114318847656,18999700,0.0,0.0
2021-06-14 00:00:00-04:00,247.04073247004933,249.0044317216972,245.98704375362735,248.94696044921875,19150500,0.0,0.0
2021-06-15 00:00:00-04:00,248.8319871197661,249.0427248617362,246.82999318734542,247.48135375976562,18038900,0.0,0.0
2021-06-16 00:00:00-04:00,248.47756739780246,249.60787470899828,243.70726187295284,246.54263305664062,27220000,0.0,0.0
2021-06-17 00:00:00-04:00,245.2877706615591,250.72859817343692,245.23029939600022,249.9143829345703,27565500,0.0,0.0
2021-06-18 00:00:00-04:00,248.6979380831831,251.25549781043,247.85498697682934,248.50634765625,37202200,0.0,0.0
2021-06-21 00:00:00-04:00,248.87988544052254,252.42407369794967,247.05989371561796,251.57156372070312,26696100,0.0,0.0
2021-06-22 00:00:00-04:00,251.6577760148479,254.59851601169785,251.35124308569456,254.33030700683594,24694100,0.0,0.0
2021-06-23 00:00:00-04:00,254.79008733384944,255.594714380539,253.2957757853417,254.10040283203125,19518700,0.0,0.0
2021-06-24 00:00:00-04:00,254.9529346852743,256.57177702121294,254.29198583888092,255.4606170654297,21446900,0.0,0.0
2021-06-25 00:00:00-04:00,255.0199882803985,255.9970290931493,253.61188371439926,253.8609161376953,25611100,0.0,0.0
2021-06-28 00:00:00-04:00,254.98162143739555,257.577504111274,254.71341248104557,257.40509033203125,19590000,0.0,0.0
2021-06-29 00:00:00-04:00,257.5487601873158,260.2117023226704,256.69625037345827,259.97222900390625,19937800,0.0,0.0
2021-06-30 00:00:00-04:00,259.2921672211762,259.93393943000825,258.2480669213287,259.4933166503906,21656500,0.0,0.0
2021-07-01 00:00:00-04:00,258.25768175305313,260.39379502371696,258.24812269513154,260.1639099121094,16725300,0.0,0.0
2021-07-02 00:00:00-04:00,261.33249401548636,266.2943749941608,261.02596110039144,265.9591064453125,26458000,0.0,0.0
2021-07-06 00:00:00-04:00,266.32313540922155,267.6067092239565,262.75018203961656,265.9687194824219,31565600,0.0,0.0
2021-07-07 00:00:00-04:00,267.63541458265394,268.8711052744127,265.48015439666386,268.1430969238281,23260000,0.0,0.0
2021-07-08 00:00:00-04:00,265.24067677167557,266.9936380649696,263.2961543378193,265.7388000488281,24618600,0.0,0.0
2021-07-09 00:00:00-04:00,264.1104438773112,266.3423232662013,263.7272922558075,266.2369689941406,23916700,0.0,0.0
2021-07-12 00:00:00-04:00,267.40546428349097,267.98976509306584,264.9340835028686,265.6429443359375,18931700,0.0,0.0
2021-07-13 00:00:00-04:00,265.8346535119341,270.9402433879178,265.71015188424843,269.14898681640625,26120100,0.0,0.0
2021-07-14 00:00:00-04:00,270.46117448467504,271.7160123476479,268.7369490345578,270.61444091796875,23113700,0.0,0.0
2021-07-15 00:00:00-04:00,270.12590447540833,270.6144394017585,268.0472631992008,269.1967468261719,22604200,0.0,0.0
2021-07-16 00:00:00-04:00,270.1929845890148,272.1375069226489,267.6928677414366,268.9285583496094,26186800,0.0,0.0
2021-07-19 00:00:00-04:00,267.18517762868595,268.5645463527231,262.8938342495344,265.3460388183594,32935600,0.0,0.0
2021-07-20 00:00:00-04:00,266.32308625199624,269.13929503242093,264.6276255505508,267.55877685546875,26259700,0.0,0.0
2021-07-21 00:00:00-04:00,267.15650513964744,269.66618156241043,265.6143105564195,269.5512390136719,24364300,0.0,0.0
2021-07-22 00:00:00-04:00,271.8885929139356,274.359975472074,271.48629385825797,274.0917663574219,23384100,0.0,0.0
2021-07-23 00:00:00-04:00,275.2698498757222,277.7795261635657,274.4364872095776,277.4730224609375,22768100,0.0,0.0
2021-07-26 00:00:00-04:00,276.8312368884211,277.4921857787689,274.5706221344017,276.8791198730469,23176100,0.0,0.0
2021-07-27 00:00:00-04:00,277.2431201263009,277.3867983107101,271.03598869909524,274.4748229980469,33604100,0.0,0.0
2021-07-28 00:00:00-04:00,276.8215975375424,277.9327573622619,271.87886420658435,274.1682434082031,33566900,0.0,0.0
2021-07-29 00:00:00-04:00,274.187522720448,276.46731473115415,274.03425619851987,274.43658447265625,18168300,0.0,0.0
2021-07-30 00:00:00-04:00,273.16242218712614,274.58967372933705,271.95546737648374,272.9133605957031,20944800,0.0,0.0
2021-08-02 00:00:00-04:00,274.3023136016928,274.69505336581767,271.79263781236295,272.8271789550781,16267400,0.0,0.0
2021-08-03 00:00:00-04:00,273.4019939880385,275.1357790008344,272.0417722643763,275.0303955078125,17879000,0.0,0.0
2021-08-04 00:00:00-04:00,274.1682476532474,275.4805569222393,272.66434801294275,274.446044921875,16191300,0.0,0.0
2021-08-05 00:00:00-04:00,274.80055202884665,277.4347597296867,274.05339610482133,277.3293762207031,13900200,0.0,0.0
2021-08-06 00:00:00-04:00,276.3618388625209,277.3101439901318,275.50929969046035,277.2718200683594,16589300,0.0,0.0
2021-08-09 00:00:00-04:00,277.5496749205149,279.27387173431777,275.6913589689798,276.189453125,16117600,0.0,0.0
2021-08-10 00:00:00-04:00,276.6395815082073,277.07064519895766,273.1911889125419,274.37896728515625,18616600,0.0,0.0
2021-08-11 00:00:00-04:00,275.11655559953596,276.5055127244419,273.8233936612764,274.8675231933594,13955900,0.0,0.0
2021-08-12 00:00:00-04:00,274.56099216059465,277.76035263480225,274.28319488720257,277.6070861816406,14561300,0.0,0.0
2021-08-13 00:00:00-04:00,277.29097757297944,280.5669564608098,277.118534553158,280.5190734863281,18249000,0.0,0.0
2021-08-16 00:00:00-04:00,280.84483158157366,282.4062028526903,277.8082959568594,282.1954650878906,22507600,0.0,0.0
2021-08-17 00:00:00-04:00,280.0784603423911,281.074648413446,278.8235931164337,280.7393798828125,20075300,0.0,0.0
2021-08-18 00:00:00-04:00,280.2788165614765,282.946857737704,278.5800802068885,279.0215759277344,21813000,0.56,0.0
2021-08-19 00:00:00-04:00,277.0636542331081,285.490058075922,277.01567958739867,284.8182373046875,29850500,0.0,0.0
2021-08-20 00:00:00-04:00,287.64939029855617,293.52291511144585,286.0562398936637,292.1025085449219,40817600,0.0,0.0
2021-08-23 00:00:00-04:00,291.03727765066435,293.1006853030909,289.6936654087505,292.3808898925781,22830200,0.0,0.0
2021-08-24 00:00:00-04:00,292.7359564242879,293.34058919776106,289.8375910575891,290.4326171875,18175800,0.0,0.0
2021-08-25 00:00:00-04:00,292.0450447624562,292.32337391750315,288.321326942451,289.8472900390625,20006100,0.0,0.0
2021-08-26 00:00:00-04:00,288.86833701855477,290.25034679976966,286.91051423562993,287.04486083984375,17666100,0.0,0.0
2021-08-27 00:00:00-04:00,286.9488940495873,288.75318629866223,284.8758792924729,287.6495056152344,22605700,0.0,0.0
2021-08-30 00:00:00-04:00,288.99302872534867,291.968188686325,288.9354474406273,291.3635559082031,16348100,0.0,0.0
2021-08-31 00:00:00-04:00,292.16015783837884,292.23692312498054,289.35774161636004,289.7224426269531,26285300,0.0,0.0
2021-09-01 00:00:00-04:00,290.6725935556559,292.8991678511316,289.34816523699277,289.6744689941406,18983800,0.0,0.0
2021-09-02 00:00:00-04:00,290.0297042504394,291.14296253785596,288.0910356747837,289.02197265625,16285600,0.0,0.0
2021-09-03 00:00:00-04:00,288.8682550507009,290.413430936319,288.16767300122905,289.0122375488281,14747900,0.0,0.0
2021-09-07 00:00:00-04:00,288.8875018649386,288.96426715610795,286.1906707011484,288.0909118652344,17180400,0.0,0.0
2021-09-08 00:00:00-04:00,287.7070752289388,288.5036360740859,285.4901073055441,288.1197509765625,15046800,0.0,0.0
2021-09-09 00:00:00-04:00,288.705194927188,289.97204208683576,285.0390293387629,285.2789611816406,19927000,0.0,0.0
2021-09-10 00:00:00-04:00,286.40178494786,287.84137565254247,283.48420625224344,283.8009033203125,19633400,0.0,0.0
2021-09-13 00:00:00-04:00,285.56686392320825,286.51701392472955,282.2366088163071,285.0294189453125,23652900,0.0,0.0
2021-09-14 00:00:00-04:00,287.495835484481,289.25215240424126,286.09464217897033,287.7165832519531,21853400,0.0,0.0
2021-09-15 00:00:00-04:00,291.0468952158528,293.02393100782655,289.66488563272827,292.5440673828125,28356300,0.0,0.0
2021-09-16 00:00:00-04:00,291.52681517817695,293.0143809877708,288.6476328716932,292.9280090332031,19550800,0.0,0.0
2021-09-17 00:00:00-04:00,291.9202715592397,292.23696868760265,287.4671227397801,287.7934265136719,41372500,0.0,0.0
2021-09-20 00:00:00-04:00,284.395999300158,286.6897617780861,277.86025823894886,282.44775390625,38278700,0.0,0.0
2021-09-21 00:00:00-04:00,283.78172248901336,285.5572235689827,282.22696919676986,282.92755126953125,22364100,0.0,0.0
2021-09-22 00:00:00-04:00,284.7798868463927,288.12932568723215,282.6492911094491,286.55535888671875,26626300,0.0,0.0
2021-09-23 00:00:00-04:00,286.81451245521663,288.78194172532284,285.5476653767462,287.49591064453125,18604600,0.0,0.0
2021-09-24 00:00:00-04:00,286.2194218640375,287.72617114272504,284.9717590683759,287.2943115234375,14999000,0.0,0.0
2021-09-27 00:00:00-04:00,284.21366203503686,284.53035916304015,281.142522901756,282.322998046875,23571700,0.0,0.0
2021-09-28 00:00:00-04:00,278.1289850116234,279.069528394677,271.3629186493173,272.1018981933594,43186200,0.0,0.0
2021-09-29 00:00:00-04:00,273.6181750458724,275.22090274300496,271.6123491195883,272.5624694824219,26353700,0.0,0.0
2021-09-30 00:00:00-04:00,274.20372168206217,276.2383391909567,270.2784399241369,270.5663757324219,32343600,0.0,0.0
2021-10-01 00:00:00-04:00,270.7582465838053,278.301717984921,269.96168585473896,277.4571533203125,30086300,0.0,0.0
2021-10-04 00:00:00-04:00,275.8255502626874,276.1614605902717,268.9635076643741,271.70831298828125,31350700,0.0,0.0
2021-10-05 00:00:00-04:00,272.61052278816857,278.7047968877301,272.61052278816857,277.130859375,24993000,0.0,0.0
2021-10-06 00:00:00-04:00,274.270845855537,281.80471044780717,274.0117300480355,281.3056335449219,28002600,0.0,0.0
2021-10-07 00:00:00-04:00,283.29231359523686,284.6935366211754,282.0830770442581,282.9756164550781,20430500,0.0,0.0
2021-10-08 00:00:00-04:00,284.2904382451461,284.6935366211754,281.9295171528448,282.9756164550781,17685700,0.0,0.0
2021-10-11 00:00:00-04:00,281.1233138675637,285.9699246769011,280.960147351055,282.38055419921875,19298600,0.0,0.0
2021-10-12 00:00:00-04:00,283.44582055374815,283.541799129027,280.5762456707699,281.08489990234375,17974100,0.0,0.0
2021-10-13 00:00:00-04:00,283.03312739677557,285.3076759763524,281.6703020046008,284.3767395019531,23416300,0.0,0.0
2021-10-14 00:00:00-04:00,287.16002147005213,291.0565122938527,285.8355929980948,290.5574645996094,27262900,0.0,0.0
2021-10-15 00:00:00-04:00,290.1639632249141,292.1890031616516,288.4172524202229,291.9586486816406,25384800,0.0,0.0
2021-10-18 00:00:00-04:00,291.34439492137415,295.79751392665924,290.4998302940227,294.9145812988281,22729300,0.0,0.0
2021-10-19 00:00:00-04:00,295.9318739981731,296.8435972219743,294.8473776272357,295.81671142578125,17682100,0.0,0.0
2021-10-20 00:00:00-04:00,296.75725195686545,297.2275382211196,293.7820916523756,295.0297546386719,16537100,0.0,0.0
2021-10-21 00:00:00-04:00,294.79942529790196,298.49435169218145,294.0220192983192,298.2448425292969,16918100,0.0,0.0
2021-10-22 00:00:00-04:00,297.89943392618903,298.5616482971441,295.4041363692559,296.7093811035156,17449300,0.0,0.0
2021-10-25 00:00:00-04:00,296.90120994069343,296.9396072317386,294.1180067552253,295.72076416015625,17554500,0.0,0.0
2021-10-26 00:00:00-04:00,298.4752347150335,299.81884727726106,296.1718947099922,297.6210632324219,28107300,0.0,0.0
2021-10-27 00:00:00-04:00,303.27383257307736,312.9670843453073,303.27383257307736,310.15509033203125,52588700,0.0,0.0
2021-10-28 00:00:00-04:00,311.2683538472866,311.78661480927093,308.41796248920383,311.2875671386719,26297900,0.0,0.0
2021-10-29 00:00:00-04:00,311.07648187979646,318.62953268220826,310.85573400905696,318.26483154296875,34766000,0.0,0.0
2021-11-01 00:00:00-04:00,318.01516375454963,318.1399329660543,313.2261348081766,316.1053161621094,27073200,0.0,0.0
2021-11-02 00:00:00-04:00,317.00752073679007,320.02107850414706,316.71000761817237,319.7139587402344,26487100,0.0,0.0
2021-11-03 00:00:00-04:00,320.4529715980219,321.41269899381626,317.3338575616903,320.5489501953125,21500100,0.0,0.0
2021-11-04 00:00:00-04:00,319.48363531417436,322.98663410539643,316.2397523503642,322.8906555175781,23992200,0.0,0.0
2021-11-05 00:00:00-04:00,324.8773141787061,325.14603666479826,320.9520328371746,322.5259704589844,22570100,0.0,0.0
2021-11-08 00:00:00-05:00,323.7160006633111,324.0519110698877,320.97119469393846,323.4184875488281,20897000,0.0,0.0
2021-11-09 00:00:00-05:00,323.5336680917774,325.07884433236194,321.0575844525398,322.42041015625,21307400,0.0,0.0
2021-11-10 00:00:00-05:00,321.0959121845267,321.15349346911216,316.63318689786576,317.47772216796875,25500900,0.0,0.0
2021-11-11 00:00:00-05:00,317.9096735712425,320.3281758647958,317.19948472941286,319.0421447753906,16849800,0.0,0.0
2021-11-12 00:00:00-05:00,320.4721079279366,323.6488025020353,320.3473387102782,323.1593322753906,23831000,0.0,0.0
2021-11-15 00:00:00-05:00,323.9463532471072,324.27265700662844,320.57770113283607,322.5355529785156,16723000,0.0,0.0
2021-11-16 00:00:00-05:00,322.1612942198898,326.95035397533974,321.9981569596239,325.8370666503906,20886800,0.0,0.0
2021-11-17 00:00:00-05:00,325.8850760747881,329.0098960712893,324.9812796361216,326.0581359863281,19053400,0.62,0.0
2021-11-18 00:00:00-05:00,325.15429587394624,329.2598468353323,324.1351262978114,328.1252746582031,22463500,0.0,0.0
2021-11-19 00:00:00-05:00,329.44260130183307,331.8078416400719,329.01954636756113,329.89447021484375,21963400,0.0,0.0
2021-11-22 00:00:00-05:00,331.3463268296399,336.2018344650954,326.47160009386823,326.7408142089844,31031100,0.0,0.0
2021-11-23 00:00:00-05:00,324.06790589930085,326.3754890891575,320.7123388682241,324.67364501953125,30427600,0.0,0.0
2021-11-24 00:00:00-05:00,323.32749241749696,325.1350850982955,321.04878247024,324.89471435546875,21661300,0.0,0.0
2021-11-26 00:00:00-05:00,321.4718586551738,324.91395501030433,315.4818087833129,316.9817199707031,24217200,0.0,0.0
2021-11-29 00:00:00-05:00,322.03918406869917,325.9716468199308,321.84687569261206,323.6640930175781,28563500,0.0,0.0
2021-11-30 00:00:00-05:00,322.4045459611877,324.7697863608636,316.3183410190401,317.8567199707031,42885600,0.0,0.0
2021-12-01 00:00:00-05:00,322.2218403334276,326.2119893836903,316.7029366546509,317.3663330078125,33337600,0.0,0.0
2021-12-02 00:00:00-05:00,317.57784067361735,320.6449739601022,315.1741330410827,316.7990417480469,30766000,0.0,0.0
2021-12-03 00:00:00-05:00,319.20279534885117,319.88546954113923,305.7804982116358,310.5686950683594,41779300,0.0,0.0
2021-12-06 00:00:00-05:00,311.47244701692887,314.83763770524575,306.9342458292847,313.62615966796875,30032600,0.0,0.0
2021-12-07 00:00:00-05:00,318.8662948497607,322.8660390443126,317.38560254163633,322.01995849609375,31021900,0.0,0.0
2021-12-08 00:00:00-05:00,322.3948327978521,322.57751689845855,318.0585354762929,322.06793212890625,24761000,0.0,0.0
2021-12-09 00:00:00-05:00,321.52962129274965,323.52949356795324,319.3278164061056,320.27008056640625,22214200,0.0,0.0
2021-12-10 00:00:00-05:00,322.0776255201496,329.7887095654795,321.894941380308,329.346435546875,38095700,0.0,0.0
2021-12-13 00:00:00-05:00,327.5581205344927,330.5483488274046,326.01974140047037,326.3274230957031,28899400,0.0,0.0
2021-12-14 00:00:00-05:00,320.3853706539691,321.75068944249216,311.6262451506804,315.6933288574219,44438700,0.0,0.0
2021-12-15 00:00:00-05:00,315.9529188096588,322.2794934666321,312.00123771055326,321.7602844238281,35381100,0.0,0.0
2021-12-16 00:00:00-05:00,322.7794945853097,323.78906948093504,310.5782712717892,312.3858642578125,35034800,0.0,0.0
2021-12-17 00:00:00-05:00,308.52067208536005,312.4050716507524,305.0304840740271,311.32818603515625,47750300,0.0,0.0
2021-12-20 00:00:00-05:00,307.7227271735364,310.36680632368035,305.3382673007414,307.588134765625,28326500,0.0,0.0
2021-12-21 00:00:00-05:00,310.8378448851712,315.1068317195721,307.4822492884366,314.68377685546875,24740600,0.0,0.0
2021-12-22 00:00:00-05:00,315.6549198284857,320.7603932246783,313.2031494286014,320.3662109375,24831500,0.0,0.0
2021-12-23 00:00:00-05:00,319.93351795028815,323.43333069819255,319.91429885047023,321.7987976074219,19617800,0.0,0.0
2021-12-27 00:00:00-05:00,322.539101111183,329.28873101360773,322.51025779288784,329.2598876953125,19947000,0.0,0.0
2021-12-28 00:00:00-05:00,329.93289096293216,330.5674732743384,327.21190693909,328.1060791015625,15661500,0.0,0.0
2021-12-29 00:00:00-05:00,328.1541872836197,331.0386367329647,326.5965892757154,328.7791748046875,15042000,0.0,0.0
2021-12-30 00:00:00-05:00,328.7406032599849,329.9136135053014,325.7696247881377,326.2503662109375,15994500,0.0,0.0
2021-12-31 00:00:00-05:00,325.4716783285754,326.28891555203285,322.91412956697064,323.36602783203125,18000800,0.0,0.0
2022-01-03 00:00:00-05:00,322.4333715730328,324.9812959837682,317.0779035290574,321.8564758300781,28865100,0.0,0.0
2022-01-04 00:00:00-05:00,321.93336411107276,322.28913749513237,313.55885476913005,316.3375549316406,32674300,0.0,0.0
2022-01-05 00:00:00-05:00,313.30880899330907,313.5107415320477,303.80938242850283,304.1939697265625,40054300,0.0,0.0
2022-01-06 00:00:00-05:00,301.0884509560254,306.4247001927171,299.49238536143025,301.79034423828125,39646100,0.0,0.0
2022-01-07 00:00:00-05:00,302.049962942499,304.30945449198936,298.14634321960966,301.9442138671875,32720000,0.0,0.0
2022-01-10 00:00:00-05:00,297.56936510647546,302.59793177360086,292.9542584305184,302.1652526855469,44289500,0.0,0.0
2022-01-11 00:00:00-05:00,301.309612939468,304.4151849277161,297.9540459272227,302.8479919433594,29386800,0.0,0.0
2022-01-12 00:00:00-05:00,307.35733034753923,310.9532679259109,304.86706317706137,306.01123046875,34372200,0.0,0.0
2022-01-13 00:00:00-05:00,308.126544870594,308.5207565325556,292.290914231785,293.0600891113281,45366000,0.0,0.0
2022-01-14 00:00:00-05:00,292.5311491048276,298.84809829851974,292.0504076929873,298.2519836425781,39846400,0.0,0.0
2022-01-18 00:00:00-05:00,292.358208481325,297.86748852909545,290.1179361568295,290.9928894042969,42333200,0.0,0.0
2022-01-19 00:00:00-05:00,294.49255543514164,301.81904918896817,291.04083593384047,291.64654541015625,45933900,0.0,0.0
2022-01-20 00:00:00-05:00,297.1656180407453,299.64623177263644,289.54106334856164,289.98333740234375,35380700,0.0,0.0
2022-01-21 00:00:00-05:00,291.03128783502143,292.39657724568343,284.2239718518976,284.6278076171875,57984400,0.0,0.0
2022-01-24 00:00:00-05:00,280.94540441346044,285.666261131879,265.4174271692936,284.95477294921875,85731500,0.0,0.0
2022-01-25 00:00:00-05:00,280.29152732225515,283.627874669316,274.18613344698997,277.37823486328125,72848600,0.0,0.0
2022-01-26 00:00:00-05:00,296.12723844347425,296.6176043263356,281.7434561869176,285.2817077636719,90428900,0.0,0.0
2022-01-27 00:00:00-05:00,291.0024351218943,295.46370078193985,286.4546101746923,288.2910461425781,53481300,0.0,0.0
2022-01-28 00:00:00-05:00,288.6661016492175,296.59833777305556,283.10873012038377,296.3868103027344,49743700,0.0,0.0
2022-01-31 00:00:00-05:00,297.05020471160907,300.34808458292423,294.56956197195456,299.00201416015625,46444500,0.0,0.0
2022-02-01 00:00:00-05:00,298.4540257576921,298.6655532510583,293.37739525904294,296.8675842285156,40950400,0.0,0.0
2022-02-02 00:00:00-05:00,297.70403751014493,302.98257070424955,296.9829251353378,301.3865051269531,36636000,0.0,0.0
2022-02-03 00:00:00-05:00,297.5694324128608,299.2424331685659,288.4064984985747,289.6468200683594,43730000,0.0,0.0
2022-02-04 00:00:00-05:00,288.6469093043459,296.9060477888783,288.416162689019,294.1562194824219,35096500,0.0,0.0
2022-02-07 00:00:00-05:00,294.37731117460294,295.98297161566165,288.3487929994967,289.3583679199219,28533300,0.0,0.0
2022-02-08 00:00:00-05:00,289.64680820459523,293.79079836630905,288.3968918064597,292.8293151855469,32421200,0.0,0.0
2022-02-09 00:00:00-05:00,297.9347910965561,299.91544411863055,295.55033156667764,299.2231750488281,31284700,0.0,0.0
2022-02-10 00:00:00-05:00,292.3293418995418,297.2136633368289,289.1179917352157,290.7332763671875,45386200,0.0,0.0
2022-02-11 00:00:00-05:00,291.5120766241171,292.5697139503908,282.8875716532668,283.6759948730469,39175600,0.0,0.0
2022-02-14 00:00:00-05:00,282.4548166597546,285.3296704395343,280.1280445088522,283.637451171875,36359500,0.0,0.0
2022-02-15 00:00:00-05:00,288.4545460706531,289.2140965718555,285.57969173022536,288.8968200683594,27058300,0.0,0.0
2022-02-16 00:00:00-05:00,287.47087375855756,289.8795515618136,282.95219184742473,288.5596008300781,29982100,0.62,0.0
2022-02-17 00:00:00-05:00,285.5343344781432,285.95826419364323,279.40667124960413,280.1100158691406,32461600,0.0,0.0
2022-02-18 00:00:00-05:00,282.34522991631013,283.12563925409984,275.85144328731116,277.4122619628906,34264000,0.0,0.0
2022-02-22 00:00:00-05:00,274.58934807974833,280.8904592474188,274.1076123813628,277.2099914550781,41736100,0.0,0.0
2022-02-23 00:00:00-05:00,279.58010909240227,281.04460436118626,269.8683308283759,270.0321044921875,37811200,0.0,0.0
2022-02-24 00:00:00-05:00,262.55554816759064,284.3781651371424,261.6016916782459,283.8289794921875,56989700,0.0,0.0
2022-02-25 00:00:00-05:00,284.35889947396316,286.7579333141939,280.99636504653614,286.4496154785156,32546700,0.0,0.0
2022-02-28 00:00:00-05:00,283.559218096748,288.2128006483137,282.2970731254426,287.8755798339844,34627500,0.0,0.0
2022-03-01 00:00:00-05:00,285.5728272162815,289.0124260885947,281.4780750548052,284.1758117675781,31217800,0.0,0.0
2022-03-02 00:00:00-05:00,284.57075375767255,290.45757630502305,282.9714179221345,289.2243347167969,31873000,0.0,0.0
2022-03-03 00:00:00-05:00,291.82580808856017,292.05703176941057,283.30869674167064,285.11041259765625,27314500,0.0,0.0
2022-03-04 00:00:00-05:00,283.53992798121607,284.8598787290603,276.68001821827283,279.271728515625,32356500,0.0,0.0
2022-03-07 00:00:00-05:00,277.99029686784587,279.10792679805024,268.35558650691434,268.7217102050781,43157200,0.0,0.0
2022-03-08 00:00:00-05:00,267.65221873249476,273.58720332577195,260.1371570672282,265.7734680175781,48159500,0.0,0.0
2022-03-09 00:00:00-05:00,273.0862341495731,279.02121928908525,270.5233976527745,277.9613952636719,35204500,0.0,0.0
2022-03-10 00:00:00-05:00,272.68167772663327,276.13092196464873,270.33080504905854,275.1578063964844,30628000,0.0,0.0
2022-03-11 00:00:00-05:00,277.44115846333716,278.93455646472097,269.2227503051047,269.8393859863281,27209300,0.0,0.0
2022-03-14 00:00:00-04:00,270.099573663449,274.9747366839514,265.74469344120354,266.342041015625,30660700,0.0,0.0
2022-03-15 00:00:00-04:00,270.10914399569396,277.3062746946172,268.5483254301358,276.6607360839844,34245100,0.0,0.0
2022-03-16 00:00:00-04:00,278.54913550581284,283.80970925762125,272.8550467725236,283.63629150390625,37826300,0.0,0.0
2022-03-17 00:00:00-04:00,282.5764817272433,284.81171260660994,278.7996616158856,284.43597412109375,30816600,0.0,0.0
2022-03-18 00:00:00-04:00,284.5804058196117,290.0047518967463,282.0368578366176,289.45556640625,43390600,0.0,0.0
2022-03-21 00:00:00-04:00,287.9719595079404,289.1762986686458,284.12768891305694,288.2320861816406,28351200,0.0,0.0
2022-03-22 00:00:00-04:00,288.8486670583763,293.85872928601555,287.85629285362114,292.95306396484375,27599700,0.0,0.0
2022-03-23 00:00:00-04:00,289.53277788187336,292.15342106739143,286.8446846467914,288.5500183105469,25715400,0.0,0.0
2022-03-24 00:00:00-04:00,288.2127385462436,293.08789961459325,287.42268524354915,292.9915466308594,24484500,0.0,0.0
2022-03-25 00:00:00-04:00,294.0803119983577,294.3404386258809,288.35729097039587,292.5869140625,22566500,0.0,0.0
2022-03-28 00:00:00-04:00,293.2131286444829,299.44678744893827,293.2131286444829,299.3504638671875,29578200,0.0,0.0
2022-03-29 00:00:00-04:00,302.44322106271255,304.2834544196327,297.7607361570676,303.888427734375,30393400,0.0,0.0
2022-03-30 00:00:00-04:00,302.2986349296272,304.40863852449,300.19824604973223,302.39495849609375,28163600,0.0,0.0
2022-03-31 00:00:00-04:00,302.43362184596117,303.6283461991608,296.64317958234875,297.0478210449219,33422100,0.0,0.0
2022-04-01 00:00:00-04:00,298.0690573372068,298.8013048013512,294.37897586444814,298.11724853515625,27110500,0.0,0.0
2022-04-04 00:00:00-04:00,298.76279420407815,303.59940925877385,298.3966704273003,303.46453857421875,24289600,0.0,0.0
2022-04-05 00:00:00-04:00,301.826575864707,303.36813547948924,298.5507800600473,299.5238952636719,23156700,0.0,0.0
2022-04-06 00:00:00-04:00,294.04175386251336,295.7856342398464,285.8715081688589,288.5596008300781,40110400,0.0,0.0
2022-04-07 00:00:00-04:00,285.8233266543766,292.5579799187454,285.5246529796034,290.36126708984375,31411200,0.0,0.0
2022-04-08 00:00:00-04:00,289.4652859924413,290.1204393434208,285.4572423231668,286.1220397949219,24361900,0.0,0.0
2022-04-11 00:00:00-04:00,281.13134163779927,281.9213658778762,274.5893622825598,274.8398742675781,34569300,0.0,0.0
2022-04-12 00:00:00-04:00,278.6743994842394,280.1196062790801,270.2440265143357,271.7566833496094,30966700,0.0,0.0
2022-04-13 00:00:00-04:00,272.40216747180386,278.03844932142886,271.02438159032954,277.113525390625,21907200,0.0,0.0
2022-04-14 00:00:00-04:00,277.56646786602556,277.7784327469066,269.1168344018573,269.6081848144531,28221600,0.0,0.0
2022-04-18 00:00:00-04:00,268.72177459231517,272.1420858288505,268.1725889134815,270.27294921875,20778000,0.0,0.0
2022-04-19 00:00:00-04:00,269.17453350895715,275.7165098517803,268.2399654599824,274.8782653808594,22297700,0.0,0.0
2022-04-20 00:00:00-04:00,278.8285886738467,279.11764770587973,274.94580050630236,275.8996276855469,22906700,0.0,0.0
2022-04-21 00:00:00-04:00,278.03846671115735,282.5860513093376,269.82970383090816,270.55230712890625,29454600,0.0,0.0
2022-04-22 00:00:00-04:00,271.3905058085866,272.8550005549341,263.393708222996,264.01995849609375,29405800,0.0,0.0
2022-04-25 00:00:00-04:00,263.307112647107,270.84143680658474,260.87914585051374,270.4656982421875,35678900,0.0,0.0
2022-04-26 00:00:00-04:00,267.3632511079873,268.19182220528097,260.13721729425794,260.34918212890625,46518400,0.0,0.0
2022-04-27 00:00:00-04:00,271.7952151207864,280.34119944845656,268.96260761022705,272.8742980957031,63477700,0.0,0.0
2022-04-28 00:00:00-04:00,274.7723864290521,280.3508935706538,271.178627842334,279.0502014160156,33646600,0.0,0.0
2022-04-29 00:00:00-04:00,278.0673990236614,279.2910262219157,266.3997773201998,267.38250732421875,37073900,0.0,0.0
2022-05-02 00:00:00-04:00,267.56562889178645,274.5315375590096,266.13006594349525,274.0787048339844,35151100,0.0,0.0
2022-05-03 00:00:00-04:00,273.58726807497914,273.7510711128351,269.9164452309345,271.4869079589844,25978600,0.0,0.0
2022-05-04 00:00:00-04:00,272.26732383050563,280.25450833918546,266.62139669213593,279.38739013671875,33599300,0.0,0.0
2022-05-05 00:00:00-04:00,275.109613099755,275.8900225285143,264.3187223916875,267.2187805175781,43260400,0.0,0.0
2022-05-06 00:00:00-04:00,264.77155329439324,269.049368342921,261.3608565604997,264.6944885253906,37780300,0.0,0.0
2022-05-09 00:00:00-04:00,260.195055446973,262.4110276632544,253.70126833077944,254.91522216796875,47726000,0.0,0.0
2022-05-10 00:00:00-04:00,261.765522095456,263.7502706382624,255.38734673917406,259.655517578125,39336400,0.0,0.0
2022-05-11 00:00:00-04:00,255.97503719293763,261.4475468907718,249.82808585226212,251.0324249267578,48975900,0.0,0.0
2022-05-12 00:00:00-04:00,248.27684220061502,250.3868460246385,240.8870214585269,246.02232360839844,51033800,0.0,0.0
2022-05-13 00:00:00-04:00,247.94932803549173,253.43148171105642,246.0223855668309,251.58160400390625,34925100,0.0,0.0
2022-05-16 00:00:00-04:00,250.46396948086246,256.10992610515103,246.43666684818785,251.94772338867188,32550900,0.0,0.0
2022-05-17 00:00:00-04:00,256.3893090476885,258.5282163055622,252.87264501904795,257.0733947753906,28828800,0.0,0.0
2022-05-18 00:00:00-04:00,253.98308927658698,254.56252427185584,244.10382723032592,245.36891174316406,31356000,0.62,0.0
2022-05-19 00:00:00-04:00,245.19508938818183,248.83585464293373,243.24435524609143,244.46115112304688,32692300,0.0,0.0
2022-05-20 00:00:00-04:00,248.42057161150723,249.6760190694131,237.99085911430905,243.90103149414062,39199300,0.0,0.0
2022-05-23 00:00:00-04:00,246.73058943517603,252.53453266305888,244.74120368329199,251.7136688232422,33175400,0.0,0.0
2022-05-24 00:00:00-04:00,249.0483104249833,252.3703436440929,244.80880649372511,250.71897888183594,29043900,0.0,0.0
2022-05-25 00:00:00-04:00,249.28972363750842,255.50890210664602,248.3143419025738,253.51953125,28547900,0.0,0.0
2022-05-26 00:00:00-04:00,253.2781100641193,257.9521680064266,252.46691284814418,256.7836608886719,25002100,0.0,0.0
2022-05-27 00:00:00-04:00,259.27522501006564,263.96858669067194,258.38675406725025,263.87200927734375,26910800,0.0,0.0
2022-05-31 00:00:00-04:00,263.1864174502178,265.34961052088613,259.70983610714705,262.5490417480469,37827700,0.0,0.0
2022-06-01 00:00:00-04:00,265.76485697863757,268.1694785962378,260.7817625947678,263.0801696777344,25292200,0.0,0.0
2022-06-02 00:00:00-04:00,255.38343546239255,265.2337143251771,252.63114082746247,265.1661071777344,44008200,0.0,0.0
2022-06-03 00:00:00-04:00,261.04251687853196,264.0748772583433,259.20766358686035,260.762451171875,28059000,0.0,0.0
2022-06-06 00:00:00-04:00,262.73246453455715,264.7797759619563,258.0584066884809,259.53594970703125,22400300,0.0,0.0
2022-06-07 00:00:00-04:00,257.49830250093424,263.76578441208926,256.8222901054273,263.1573791503906,22860700,0.0,0.0
2022-06-08 00:00:00-04:00,262.3944559964506,263.64023679590827,260.36644828068603,261.1390380859375,17372300,0.0,0.0
2022-06-09 00:00:00-04:00,258.5992407787773,263.36021011485053,255.55724349069746,255.71176147460938,26439700,0.0,0.0
2022-06-10 00:00:00-04:00,251.6460754214227,251.6460754214227,243.8720791834992,244.31631469726562,31422800,0.0,0.0
2022-06-13 00:00:00-04:00,236.70644141538565,240.48239119497188,233.24917940412797,233.9541473388672,46135800,0.0,0.0
2022-06-14 00:00:00-04:00,235.49926084929,237.31480976746963,233.22982470156552,236.107666015625,28651500,0.0,0.0
2022-06-15 00:00:00-04:00,239.79671901174797,246.5470730031909,237.9715180249655,243.12843322753906,33111700,0.0,0.0
2022-06-16 00:00:00-04:00,237.54667157707092,238.93730412020588,234.68816222564703,236.57130432128906,33169200,0.0,0.0
2022-06-17 00:00:00-04:00,236.31050590715876,241.91165700040483,235.6634784930398,239.15936279296875,43084800,0.0,0.0
2022-06-21 00:00:00-04:00,241.67985866138912,246.0159248197663,240.95557232727793,245.04055786132812,29928300,0.0,0.0
2022-06-22 00:00:00-04:00,243.25401534558895,248.3530054561835,241.78612402987773,244.45150756835938,25939900,0.0,0.0
2022-06-23 00:00:00-04:00,246.8078492299289,250.47755532769025,244.93435931975776,249.9850311279297,25861400,0.0,0.0
2022-06-24 00:00:00-04:00,252.83392578793828,258.7924022848079,252.747014945619,258.5220031738281,33923200,0.0,0.0
2022-06-27 00:00:00-04:00,259.0144557779908,259.1013666061605,254.2534870945373,255.8083038330078,24615100,0.0,0.0
2022-06-28 00:00:00-04:00,254.92950951957212,257.7590479870569,247.53212753900692,247.6866455078125,27295500,0.0,0.0
2022-06-29 00:00:00-04:00,248.7585787991081,252.98841615797966,246.9913181866432,251.33705139160156,20069800,0.0,0.0
2022-06-30 00:00:00-04:00,248.23707094153858,250.6320551562228,244.22935890804,248.0246124267578,31730900,0.0,0.0
2022-07-01 00:00:00-04:00,247.5997090497768,250.86380133736168,245.88072261210712,250.68031311035156,22837700,0.0,0.0
2022-07-05 00:00:00-04:00,247.37760464946805,253.9637892662612,246.00629085879652,253.83824157714844,22941000,0.0,0.0
2022-07-06 00:00:00-04:00,254.70732668941758,258.80194878529204,253.40360556850436,257.0829772949219,23824400,0.0,0.0
2022-07-07 00:00:00-04:00,256.0304226841945,259.8353431316474,255.9338452648158,259.1979675292969,20859900,0.0,0.0
2022-07-08 00:00:00-04:00,255.71173945693104,258.9082544536916,254.26316663768768,258.48333740234375,19658800,0.0,0.0
2022-07-11 00:00:00-04:00,256.54221460414914,257.3920486214131,253.1911819736528,255.44131469726562,19455200,0.0,0.0
2022-07-12 00:00:00-04:00,256.76436593684815,256.82230649201273,243.39885616958918,244.9729766845703,35868500,0.0,0.0
2022-07-13 00:00:00-04:00,241.61228376039588,244.8570873615849,239.603594413408,244.0555419921875,29497400,0.0,0.0
2022-07-14 00:00:00-04:00,241.97925680708025,246.39256746391416,237.5079908622042,245.36891174316406,25102800,0.0,0.0
2022-07-15 00:00:00-04:00,246.9526960395664,251.44326589652985,246.03526953214475,247.9184112548828,29774100,0.0,0.0
2022-07-18 00:00:00-04:00,250.8444988809621,251.89712481035676,244.6156393919706,245.53306579589844,20975000,0.0,0.0
2022-07-19 00:00:00-04:00,248.74893867803232,250.81558360506327,244.98265483156152,250.63209533691406,25012600,0.0,0.0
2022-07-20 00:00:00-04:00,250.98938157590604,255.7889874324287,250.03333293209215,253.2781219482422,22788300,0.0,0.0
2022-07-21 00:00:00-04:00,250.8832047027095,255.80835899336086,248.2178208456123,255.7600555419922,22404700,0.0,0.0
2022-07-22 00:00:00-04:00,256.1463352462382,256.2332460929619,250.18788791869935,251.4336395263672,21881300,0.0,0.0
2022-07-25 00:00:00-04:00,252.05165427259675,252.5345118478316,248.00530543442562,249.95603942871094,21056000,0.0,0.0
2022-07-26 00:00:00-04:00,250.95072573000826,250.9700588947091,241.01353801634696,243.26364135742188,39348000,0.0,0.0
2022-07-27 00:00:00-04:00,252.2061678876976,260.79136010238045,249.97536828625238,259.5262756347656,45994000,0.0,0.0
2022-07-28 00:00:00-04:00,260.5016826567174,268.31431531179504,258.68613331334205,266.933349609375,33459300,0.0,0.0
2022-07-29 00:00:00-04:00,268.17914544538223,272.33170936707273,267.1458230211277,271.1148986816406,32152800,0.0,0.0
2022-08-01 00:00:00-04:00,268.2949358731118,271.63630136547664,266.3828096525368,268.4784240722656,21539600,0.0,0.0
2022-08-02 00:00:00-04:00,266.5374558232472,268.3626721126067,263.0415707195236,265.3979187011719,22754200,0.0,0.0
2022-08-03 00:00:00-04:00,267.2713876591738,273.7802996377368,267.12650678074345,272.7856140136719,23518900,0.0,0.0
2022-08-04 00:00:00-04:00,272.13850053519735,274.0699307149256,270.5644096945988,273.9250793457031,18098700,0.0,0.0
2022-08-05 00:00:00-04:00,269.5794114121241,273.9251301220604,269.1255240569013,273.21051025390625,16774600,0.0,0.0
2022-08-08 00:00:00-04:00,274.3113574297538,276.11726939013334,269.74354395058293,270.7092590332031,18739200,0.0,0.0
2022-08-09 00:00:00-04:00,270.0526827966579,273.3747168336782,268.0922521391709,272.6214599609375,23405200,0.0,0.0
2022-08-10 00:00:00-04:00,278.2901367727336,279.8738942312327,277.10229657539446,279.2461853027344,24687800,0.0,0.0
2022-08-11 00:00:00-04:00,280.87827114074025,281.2259144656879,276.687070719345,277.1795654296875,20065900,0.0,0.0
2022-08-12 00:00:00-04:00,278.58955073001846,281.9019470214844,277.10234096743113,281.9019470214844,22619700,0.0,0.0
2022-08-15 00:00:00-04:00,281.02312948938925,284.09409682100915,280.1636287959346,283.408447265625,18085700,0.0,0.0
2022-08-16 00:00:00-04:00,281.9791529178918,283.958886627976,280.4630025536895,282.6744689941406,18102900,0.0,0.0
2022-08-17 00:00:00-04:00,280.4002359720042,283.8938831580585,280.1389500408416,281.9293212890625,18253400,0.62,0.0
2022-08-18 00:00:00-04:00,280.8356898800539,282.50024663716766,279.76145551717,280.81634521484375,17186200,0.0,0.0
2022-08-19 00:00:00-04:00,279.5872566328216,279.9259802339088,276.3549256082349,276.9259033203125,20570000,0.0,0.0
2022-08-22 00:00:00-04:00,272.98716276174565,273.3549182202422,268.28383861490187,268.7967529296875,25061100,0.0,0.0
2022-08-23 00:00:00-04:00,267.52899169921875,269.8709667468448,266.5225077065828,267.52899169921875,17527400,0.0,0.0
2022-08-24 00:00:00-04:00,266.5321164638544,268.2934555497755,266.24176929336426,266.8998718261719,18137000,0.0,0.0
2022-08-25 00:00:00-04:00,268.39027578883355,270.0258011315452,265.67085828538086,269.8612976074219,16583400,0.0,0.0
2022-08-26 00:00:00-04:00,270.0838799821935,271.3032734990673,259.3417106465169,259.4481506347656,27549300,0.0,0.0
2022-08-29 00:00:00-04:00,257.28036854850586,258.78039270297364,255.34483826720634,256.68035888671875,20338500,0.0,0.0
2022-08-30 00:00:00-04:00,258.073859967287,258.4415857939152,252.25758389365097,254.4931182861328,22767100,0.0,0.0
2022-08-31 00:00:00-04:00,256.835201986513,258.49972965735697,252.9060483881915,253.0415496826172,24791800,0.0,0.0
2022-09-01 00:00:00-04:00,250.5253477936383,252.4802522057439,247.17688880265302,252.0060272216797,23263400,0.0,0.0
2022-09-02 00:00:00-04:00,253.2641326770218,256.20611724920184,246.26718053225406,247.80592346191406,22855400,0.0,0.0
2022-09-06 00:00:00-04:00,247.9414053865417,249.51883753175827,243.8187170261839,245.08648681640625,21328200,0.0,0.0
2022-09-07 00:00:00-04:00,246.48976943648967,250.4866292810051,245.05748121497774,249.77049255371094,24126700,0.0,0.0
2022-09-08 00:00:00-04:00,249.20913155691446,252.034988329874,246.57679526330125,250.18655395507812,20319900,0.0,0.0
2022-09-09 00:00:00-04:00,252.10280861891394,256.68034817535016,251.89958621733555,255.93515014648438,22084700,0.0,0.0
2022-09-12 00:00:00-04:00,257.21261449388913,258.828795252262,256.61260484004885,258.0545654296875,18747700,0.0,0.0
2022-09-13 00:00:00-04:00,250.49629269213037,252.00600375133774,243.47999634028216,243.8671112060547,33353300,0.0,0.0
2022-09-14 00:00:00-04:00,245.3574762961727,246.03490888980133,241.80578027171973,244.08970642089844,23913000,0.0,0.0
2022-09-15 00:00:00-04:00,241.71870321883833,243.2961503559626,236.15405366231204,237.47021484375,31530900,0.0,0.0
2022-09-16 00:00:00-04:00,236.38627698047728,237.3927608644155,234.25719690326952,236.85081481933594,39791800,0.0,0.0
2022-09-19 00:00:00-04:00,234.65397254260654,237.23790323040416,233.0861980227324,236.6378936767578,26826900,0.0,0.0
2022-09-20 00:00:00-04:00,234.26685715668725,235.66042621279018,231.91518076360506,234.6345977783203,26660300,0.0,0.0
2022-09-21 00:00:00-04:00,236.3959844466539,239.67670753574686,231.19907583276708,231.24746704101562,28625600,0.0,0.0
2022-09-22 00:00:00-04:00,230.20227093577722,235.99918898239684,229.91195323025747,233.21202087402344,31061200,0.0,0.0
2022-09-23 00:00:00-04:00,231.8184307644762,233.35718839815166,227.61833404254136,230.2506561279297,34176000,0.0,0.0
2022-09-26 00:00:00-04:00,229.40869154061323,233.6668515472966,229.26351793341072,229.79579162597656,27694200,0.0,0.0
2022-09-27 00:00:00-04:00,232.24423519066093,234.00557453802256,226.9408872481293,228.78932189941406,27018700,0.0,0.0
2022-09-28 00:00:00-04:00,229.17642964868273,234.5184966384645,227.16347665591098,233.2991180419922,29029700,0.0,0.0
2022-09-29 00:00:00-04:00,231.18940064159077,232.215229269323,226.85381719409244,229.84420776367188,27484200,0.0,0.0
2022-09-30 00:00:00-04:00,230.60872427461211,232.78619560885667,225.22795302914213,225.39247131347656,35694800,0.0,0.0
2022-10-03 00:00:00-04:00,227.82157728205974,233.82171772604818,227.09575348399042,232.97976684570312,28880400,0.0,0.0
2022-10-04 00:00:00-04:00,237.1895532288344,242.2896796214913,237.08309847338114,240.85739135742188,34888400,0.0,0.0
2022-10-05 00:00:00-04:00,238.06052054576585,242.5025584054372,236.23144526431753,241.1670379638672,20347100,0.0,0.0
2022-10-06 00:00:00-04:00,239.93793764277336,242.27025452850907,238.14758148960647,238.83468627929688,20239900,0.0,0.0
2022-10-07 00:00:00-04:00,233.1346048289845,233.5410791626443,225.65378480022213,226.68930053710938,37769600,0.0,0.0
2022-10-10 00:00:00-04:00,225.53766359831536,226.99898360972267,219.4213809672786,221.8601531982422,29743600,0.0,0.0
2022-10-11 00:00:00-04:00,220.28268877269275,221.67627288848584,216.88583856563983,218.14393615722656,30474000,0.0,0.0
2022-10-12 00:00:00-04:00,218.1342072790965,220.51491548211942,216.7406381971181,218.47293090820312,21903900,0.0,0.0
2022-10-13 00:00:00-04:00,212.76316144954848,228.4893441994696,212.06636940173655,226.68930053710938,42551800,0.0,0.0
2022-10-14 00:00:00-04:00,227.9473946148374,229.59260716664147,220.97948855910087,221.19239807128906,30198600,0.0,0.0
2022-10-17 00:00:00-04:00,228.21831457600948,231.25709562180103,227.56022679759386,229.87318420410156,28142300,0.0,0.0
2022-10-18 00:00:00-04:00,235.39917762563184,236.06692311030656,227.78285659055385,230.8119659423828,26329600,0.0,0.0
2022-10-19 00:00:00-04:00,229.39903227367395,231.88619566301972,226.73767825485612,228.85708618164062,19985700,0.0,0.0
2022-10-20 00:00:00-04:00,228.16997903446602,233.53139112693572,227.29898159472276,228.5377197265625,21811000,0.0,0.0
2022-10-21 00:00:00-04:00,227.17315124335872,235.16688446931025,226.94088233766772,234.31524658203125,26299700,0.0,0.0
2022-10-24 00:00:00-04:00,235.90243199234686,239.85091564909408,233.521737948981,239.27993774414062,24911200,0.0,0.0
2022-10-25 00:00:00-04:00,239.28956155004425,242.94771196115997,237.90566472884615,242.57997131347656,34775500,0.0,0.0
2022-10-26 00:00:00-04:00,223.71824496136685,230.61841449713438,222.64402516459023,223.86341857910156,82543200,0.0,0.0
2022-10-27 00:00:00-04:00,223.5924250678105,226.15701124638468,218.50198634809382,219.4407196044922,40424600,0.0,0.0
2022-10-28 00:00:00-04:00,218.94718608542487,228.97323332024203,218.7633083498998,228.26675415039062,40647700,0.0,0.0
2022-10-31 00:00:00-04:00,226.22477072356645,227.34738181471067,223.69890315195386,224.64732360839844,28357300,0.0,0.0
2022-11-01 00:00:00-04:00,227.0376938120004,228.14094541319034,220.00203754140927,220.81495666503906,30592300,0.0,0.0
2022-11-02 00:00:00-04:00,222.06337802281334,223.8440621960301,212.94701812750728,213.00509643554688,38407000,0.0,0.0
2022-11-03 00:00:00-04:00,212.9954026993864,213.3050945982589,207.08235775345725,207.34365844726562,36633900,0.0,0.0
2022-11-04 00:00:00-04:00,210.53726518655444,214.44702903809562,206.5500636010322,214.25347900390625,36789100,0.0,0.0
2022-11-07 00:00:00-05:00,214.83414923285227,221.04719851693054,214.14702961237924,220.52459716796875,33498000,0.0,0.0
2022-11-08 00:00:00-05:00,221.3278675751174,224.18277156558537,218.56005889650208,221.4923858642578,28192500,0.0,0.0
2022-11-09 00:00:00-05:00,220.04072724111327,221.26012061364744,217.098728086194,217.27291870117188,27852900,0.0,0.0
2022-11-10 00:00:00-05:00,227.84093804560814,235.48629145215207,227.4248061267763,235.14756774902344,46268000,0.0,0.0
2022-11-11 00:00:00-05:00,235.15723711883936,239.99606241623323,234.1313937515766,239.14442443847656,34620200,0.0,0.0
2022-11-14 00:00:00-05:00,234.1894756115481,236.0475827819004,231.49908988674315,233.76365661621094,31123300,0.0,0.0
2022-11-15 00:00:00-05:00,237.74114480461608,239.03794631342942,232.29262332719875,234.1700897216797,31390100,0.0,0.0
2022-11-16 00:00:00-05:00,235.62579578328229,236.60600238715912,233.3257339976564,234.59707641601562,24093300,0.68,0.0
2022-11-17 00:00:00-05:00,230.76365473112853,236.07224872369898,230.61808681154827,234.54856872558594,23123500,0.0,0.0
2022-11-18 00:00:00-05:00,236.3245938837583,236.5478177930803,231.9767921721455,234.1021728515625,27613500,0.0,0.0
2022-11-21 00:00:00-05:00,234.30595375905,237.45035420758848,234.0730450796648,234.9076690673828,26394700,0.0,0.0
2022-11-22 00:00:00-05:00,236.40223227361014,238.07148033059326,233.6072243246812,237.79974365234375,19665700,0.0,0.0
2022-11-23 00:00:00-05:00,237.8773882479825,240.95384732065142,237.06217820148206,240.27450561523438,19508500,0.0,0.0
2022-11-25 00:00:00-05:00,240.01243748252853,241.36142112614246,239.44955019697596,240.1871337890625,9200800,0.0,0.0
2022-11-28 00:00:00-05:00,238.81875468278062,239.37192761122702,233.69455635778226,234.626220703125,24778200,0.0,0.0
2022-11-29 00:00:00-05:00,234.2768683035418,235.62585219825684,231.18100986954173,233.2384490966797,17956300,0.0,0.0
2022-11-30 00:00:00-05:00,233.47138249410668,247.7958461354622,232.78232631910618,247.6114501953125,47594200,0.0,0.0
2022-12-01 00:00:00-05:00,246.3788718348064,248.56247947765692,243.51592255366535,247.1746826171875,26041500,0.0,0.0
2022-12-02 00:00:00-05:00,242.44842226131698,248.5042854543991,242.32225350861475,247.49497985839844,21528500,0.0,0.0
2022-12-05 00:00:00-05:00,244.57377324279298,246.33037684588194,240.7403313992676,242.8171844482422,23435300,0.0,0.0
2022-12-06 00:00:00-05:00,243.41887208872768,244.4281775081437,236.58659838862874,237.88705444335938,22463700,0.0,0.0
2022-12-07 00:00:00-05:00,237.60562791314456,238.89638442921668,235.06294286518101,237.15919494628906,20481500,0.0,0.0
2022-12-08 00:00:00-05:00,237.61533452681962,241.4002634352855,235.88785939315616,240.09979248046875,22611800,0.0,0.0
2022-12-09 00:00:00-05:00,237.47948221736485,240.98296029845363,236.95542284837845,238.17823791503906,20609700,0.0,0.0
2022-12-12 00:00:00-05:00,240.14831706074776,245.08811932166867,239.8765804009923,245.0590057373047,30665100,0.0,0.0
2022-12-13 00:00:00-05:00,253.96816645301047,256.13237523471446,245.6025264426085,249.33892822265625,42196900,0.0,0.0
2022-12-14 00:00:00-05:00,249.54272515265737,254.84160556776638,246.8059293712521,249.63006591796875,35410900,0.0,0.0
2022-12-15 00:00:00-05:00,246.23330237453274,246.6991345223688,240.04155689170804,241.6622772216797,35560400,0.0,0.0
2022-12-16 00:00:00-05:00,241.21588885198315,242.4678175315528,236.32459886583192,237.46978759765625,86102000,0.0,0.0
2022-12-19 00:00:00-05:00,237.6347483108368,237.9744265437408,231.6662265103739,233.35487365722656,29696400,0.0,0.0
2022-12-20 00:00:00-05:00,232.33586378495446,235.74230142731602,231.38478542376703,234.66505432128906,25150800,0.0,0.0
2022-12-21 00:00:00-05:00,234.55829818550004,238.37232600874938,233.02491849714485,237.21743774414062,23690600,0.0,0.0
2022-12-22 00:00:00-05:00,234.14096367729437,234.84943370848737,226.9690262734001,231.16156005859375,28651700,0.0,0.0
2022-12-23 00:00:00-05:00,229.1429380757911,231.82149149891836,227.03697155694044,231.6856231689453,21207000,0.0,0.0
2022-12-27 00:00:00-05:00,231.65652750812146,231.8797366085177,228.87121912390276,229.96788024902344,16688600,0.0,0.0
2022-12-28 00:00:00-05:00,229.89996676453268,232.64646230499181,227.26022599096558,227.60960388183594,17457100,0.0,0.0
2022-12-29 00:00:00-05:00,228.69652150065144,234.7815128184782,228.69652150065144,233.8983612060547,19770700,0.0,0.0
2022-12-30 00:00:00-05:00,231.18100636407286,232.87936810259998,229.67674014824095,232.74349975585938,21938500,0.0,0.0
2023-01-03 00:00:00-05:00,235.90726682667218,238.4984794551215,230.39486293780934,232.5105438232422,25740000,0.0,0.0
2023-01-04 00:00:00-05:00,225.42597193507248,225.99855889308043,219.29246770974694,222.33981323242188,50623400,0.0,0.0
2023-01-05 00:00:00-05:00,220.49584400645332,220.83552222933494,215.21636361108918,215.75013732910156,39585600,0.0,0.0
2023-01-06 00:00:00-05:00,216.4198034707522,219.09835714227594,212.87751216247153,218.2928466796875,43613600,0.0,0.0
2023-01-09 00:00:00-05:00,219.76796959383623,224.41663581790868,219.72915641914315,220.41819763183594,27369800,0.0,0.0
2023-01-10 00:00:00-05:00,221.03935048334114,224.48460157088834,220.62204584662,222.09719848632812,27033900,0.0,0.0
2023-01-11 00:00:00-05:00,224.46515686951886,228.98765452783252,224.29047536414728,228.81297302246094,28669300,0.0,0.0
2023-01-12 00:00:00-05:00,228.31799199232134,232.82107525435615,226.66815819703726,231.4720916748047,27269500,0.0,0.0
2023-01-13 00:00:00-05:00,230.00668936190732,232.30675151679418,227.98806347571494,232.17088317871094,21333300,0.0,0.0
2023-01-17 00:00:00-05:00,230.94803626281922,233.80128577732816,230.09399836499716,233.2578125,29831300,0.0,0.0
2023-01-18 00:00:00-05:00,234.4418522484385,235.22794870990262,228.57037036509706,228.851806640625,30028700,0.0,0.0
2023-01-19 00:00:00-05:00,226.88172064205048,228.57038281279662,223.87318816519613,225.0863037109375,28623000,0.0,0.0
2023-01-20 00:00:00-05:00,227.92984354153225,233.63634353931783,227.59016528126836,233.13168334960938,35389800,0.0,0.0
2023-01-23 00:00:00-05:00,233.985748604931,237.93564539521486,232.57852262749645,235.4220733642578,31934000,0.0,0.0
2023-01-24 00:00:00-05:00,235.34441276702486,236.75162381980027,233.34520074340116,234.89797973632812,40234400,0.0,0.0
2023-01-25 00:00:00-05:00,227.5610395748184,236.1207891156233,224.08667522306712,233.51016235351562,66526600,0.0,0.0
2023-01-26 00:00:00-05:00,236.4604658112775,240.98296392015405,234.85915928502237,240.68211364746094,33454500,0.0,0.0
2023-01-27 00:00:00-05:00,241.6429128288479,242.45812290706542,239.54664564896942,240.83740234375,26498900,0.0,0.0
2023-01-30 00:00:00-05:00,237.2951076248889,238.3529556677396,235.05327239690436,235.54823303222656,25867400,0.0,0.0
2023-01-31 00:00:00-05:00,236.26637885801222,240.63359478813643,235.78113264355397,240.4977264404297,26541100,0.0,0.0
2023-02-01 00:00:00-05:00,240.68209268360533,247.65022035562143,238.22674832599188,245.29193115234375,31259900,0.0,0.0
2023-02-02 00:00:00-05:00,251.18282257259764,256.8796075980904,249.65914256333582,256.7922668457031,39940400,0.0,0.0
2023-02-03 00:00:00-05:00,251.88160340231477,256.4041014975154,249.51359959938435,250.72671508789062,29077300,0.0,0.0
2023-02-06 00:00:00-05:00,249.84355651391297,250.67816573061054,247.26204327207444,249.1933135986328,22518000,0.0,0.0
2023-02-07 00:00:00-05:00,252.8422681718409,260.8391124137131,252.40553494471192,259.6648254394531,50841400,0.0,0.0
2023-02-08 00:00:00-05:00,265.1384914873045,268.5934414880708,258.354730598475,258.8594055175781,54686000,0.0,0.0
2023-02-09 00:00:00-05:00,265.7207756113508,265.89548673151216,255.04536048337422,255.84117126464844,42375100,0.0,0.0
2023-02-10 00:00:00-05:00,253.81288289399168,256.29734113427406,252.96855922241394,255.33656311035156,25818500,0.0,0.0
2023-02-13 00:00:00-05:00,259.74256046553177,266.4971782446964,259.26699912258107,263.31396484375,44630900,0.0,0.0
2023-02-14 00:00:00-05:00,264.6242233380636,266.85634441272913,261.33423929408957,264.13897705078125,37047900,0.0,0.0
2023-02-15 00:00:00-05:00,261.0547258535999,263.3994740205076,258.972656227329,262.02764892578125,28922400,0.68,0.0
2023-02-16 00:00:00-05:00,256.8711344345461,259.5174863332623,254.8085423074043,255.05177307128906,29603600,0.0,0.0
2023-02-17 00:00:00-05:00,252.36652933438805,253.0475576685139,249.06830587586964,251.07252502441406,30000100,0.0,0.0
2023-02-21 00:00:00-05:00,247.58947974202172,248.5721416274502,244.77773242454728,245.8284912109375,28397400,0.0,0.0
2023-02-22 00:00:00-05:00,247.21003358389876,247.45326436545926,243.56157186049097,244.69989013671875,22491100,0.0,0.0
2023-02-23 00:00:00-05:00,248.64024584758673,249.88558633204974,243.69779430491118,247.87164306640625,29219100,0.0,0.0
2023-02-24 00:00:00-05:00,243.19189234867713,244.20372595601927,241.38225458242883,242.471923828125,24990900,0.0,0.0
2023-02-27 00:00:00-05:00,245.62415477191715,245.97440765666494,242.63727394286974,243.3864288330078,21190000,0.0,0.0
2023-02-28 00:00:00-05:00,242.32595921726772,244.68043129479227,241.99515408663171,242.66647338867188,22491000,0.0,0.0
2023-03-01 00:00:00-05:00,243.97020688018864,244.13560203633548,239.1347775749903,239.60179138183594,27565300,0.0,0.0
2023-03-02 00:00:00-05:00,239.8742028427946,244.592871158647,238.95965271701235,244.31072998046875,24808200,0.0,0.0
2023-03-03 00:00:00-05:00,245.36148024067188,248.69859936512998,244.58313878749726,248.37753295898438,30760100,0.0,0.0
2023-03-06 00:00:00-05:00,249.4866301457016,253.07671828137393,249.04881777819617,249.9147186279297,24109800,0.0,0.0
2023-03-07 00:00:00-05:00,249.36016545686795,250.71254274610072,246.5289706683779,247.2683868408203,21473200,0.0,0.0
2023-03-08 00:00:00-05:00,247.16138722750551,247.64784879607657,244.0188496513126,246.83059692382812,17340200,0.0,0.0
2023-03-09 00:00:00-05:00,248.8931916251687,252.53191447494493,244.76799238551584,245.4879608154297,26653400,0.0,0.0
2023-03-10 00:00:00-05:00,244.2815470078051,245.9452372856859,240.89577859254197,241.8589630126953,28333900,0.0,0.0
2023-03-13 00:00:00-04:00,240.701198918384,250.9266314715002,239.07641892091627,247.04466247558594,33339700,0.0,0.0
2023-03-14 00:00:00-04:00,249.79800481641536,254.0010397156642,248.93210385508328,253.72862243652344,33620300,0.0,0.0
2023-03-15 00:00:00-04:00,252.94053423822598,259.2645337884642,252.19136451987217,258.252685546875,46028000,0.0,0.0
2023-03-16 00:00:00-04:00,258.0289293565625,269.0716125790634,256.15119488258745,268.72137451171875,54768800,0.0,0.0
2023-03-17 00:00:00-04:00,270.7255274350693,275.6582238229457,268.8380546910792,271.86383056640625,69527400,0.0,0.0
2023-03-20 00:00:00-04:00,269.4802407516752,269.96670228330714,262.543294560003,264.8588562011719,43466600,0.0,0.0
2023-03-21 00:00:00-04:00,267.43710366119547,267.5538496813645,262.2222204606799,266.36688232421875,34558700,0.0,0.0
2023-03-22 00:00:00-04:00,265.9971667055635,273.43031336043435,264.81019934883693,264.917236328125,34873300,0.0,0.0
2023-03-23 00:00:00-04:00,270.4142935461412,273.4498093699548,267.7484933121212,270.1418762207031,36610900,0.0,0.0
2023-03-24 00:00:00-04:00,269.7332324450906,273.03145651581804,267.8263111878216,272.97308349609375,28172000,0.0,0.0
2023-03-27 00:00:00-04:00,272.90495366822654,273.83895161321755,268.05978551317787,268.8965148925781,26840200,0.0,0.0
2023-03-28 00:00:00-04:00,268.3225446731354,268.66307379107525,264.6837910772779,267.7777099609375,21878600,0.0,0.0
2023-03-29 00:00:00-04:00,271.4066242065595,273.527619165426,270.8715283691032,272.9146728515625,25087000,0.0,0.0
2023-03-30 00:00:00-04:00,276.53397442659906,276.757727762298,273.8584356014265,276.35882568359375,25053400,0.0,0.0
2023-03-31 00:00:00-04:00,276.04750748202,281.4374805787577,275.33726286422353,280.4937438964844,32766000,0.0,0.0
2023-04-03 00:00:00-04:00,278.7619618964318,280.4645776022263,276.2615716824238,279.4527587890625,24883300,0.0,0.0
2023-04-04 00:00:00-04:00,279.4527167048261,282.58553031935185,277.9349590223858,279.404052734375,25824300,0.0,0.0
2023-04-05 00:00:00-04:00,278.11008412867955,279.3748723279069,275.25942646851195,276.6409606933594,22064800,0.0,0.0
2023-04-06 00:00:00-04:00,275.5415076837403,284.1713297291427,274.3934656981096,283.704345703125,29770300,0.0,0.0
2023-04-10 00:00:00-04:00,281.3791115118309,281.75856581319096,277.00095709388467,281.55426025390625,23103000,0.0,0.0
2023-04-11 00:00:00-04:00,278.0127623432296,278.23654533423,274.01406284794314,275.17181396484375,27276600,0.0,0.0
2023-04-12 00:00:00-04:00,277.0788133677007,279.23870411334195,274.32542401576865,275.8139953613281,27403400,0.0,0.0
2023-04-13 00:00:00-04:00,275.9113251014926,282.05046897208393,275.50271392776443,281.9920959472656,24222700,0.0,0.0
2023-04-14 00:00:00-04:00,279.22894208294247,280.66887902365164,276.00856885442937,278.3922424316406,20987900,0.0,0.0
2023-04-17 00:00:00-04:00,282.0795713658837,283.7043659155023,278.41166217437114,280.98016357421875,23836200,0.0,0.0
2023-04-18 00:00:00-04:00,283.6751943988744,283.86005216252715,279.23866745372095,280.56182861328125,20161800,0.0,0.0
2023-04-19 00:00:00-04:00,278.2462970182061,281.2234396408052,276.8355761901663,280.63970947265625,17150300,0.0,0.0
2023-04-20 00:00:00-04:00,277.52633742538336,281.20398586251105,277.3609274204324,278.363037109375,23244400,0.0,0.0
2023-04-21 00:00:00-04:00,277.2927991907115,278.5186620047946,275.3955874268566,278.0224914550781,21676400,0.0,0.0
2023-04-24 00:00:00-04:00,274.4519370721957,277.2345132199959,271.173190218911,274.1405944824219,26611000,0.0,0.0
2023-04-25 00:00:00-04:00,271.94183873418956,273.9752451497604,267.9139214627236,267.96258544921875,45772200,0.0,0.0
2023-04-26 00:00:00-04:00,288.66638021749134,291.45866558195,284.8038731912371,287.37237548828125,64599200,0.0,0.0
2023-04-27 00:00:00-04:00,287.95608640380885,296.9361784067996,287.2555804982626,296.576171875,46462600,0.0,0.0
2023-04-28 00:00:00-04:00,295.77842888815917,300.5651950095922,295.0973706856419,298.9404296875,36469600,0.0,0.0
2023-05-01 00:00:00-04:00,298.65817141433473,300.244040638563,296.88744444671465,297.2863464355469,21294100,0.0,0.0
2023-05-02 00:00:00-04:00,299.426786321991,300.80832032877777,295.6810269045357,297.1404113769531,26404400,0.0,0.0
2023-05-03 00:00:00-04:00,298.31766627691815,300.25377368049993,295.85617210321027,296.15777587890625,22360800,0.0,0.0
2023-05-04 00:00:00-04:00,297.9479243875394,299.426786321991,295.1848266827128,297.1404113769531,22519900,0.0,0.0
2023-05-05 00:00:00-04:00,297.4420521379096,303.5228215296377,296.03130176252597,302.2385559082031,28197100,0.0,0.0
2023-05-08 00:00:00-04:00,301.7326922255804,301.8008039789724,297.80207398264633,300.2927551269531,21318600,0.0,0.0
2023-05-09 00:00:00-04:00,299.6603622188009,301.6451339704267,298.0161195443124,298.68743896484375,21340800,0.0,0.0
2023-05-10 00:00:00-04:00,300.2634884514186,304.5248958986196,299.3392294255837,303.85357666015625,30078000,0.0,0.0
2023-05-11 00:00:00-04:00,301.7034562423544,302.6958271056149,297.9674351385275,301.7131652832031,31680200,0.0,0.0
2023-05-12 00:00:00-04:00,302.1412090972546,302.23850733013506,298.2981812741171,300.60400390625,19774700,0.0,0.0
2023-05-15 00:00:00-04:00,300.73054195833356,301.50886857686805,299.26141854774806,301.0807800292969,16336500,0.0,0.0
2023-05-16 00:00:00-04:00,301.4407853698495,305.21573217875385,301.4407853698495,303.299072265625,26730300,0.0,0.0
2023-05-17 00:00:00-04:00,304.49838322404014,306.5849748220485,302.98703781876026,306.16571044921875,24315000,0.68,0.0
2023-05-18 00:00:00-04:00,306.6824666262682,311.07995152372933,305.8926785291236,310.5729064941406,27276000,0.0,0.0
2023-05-19 00:00:00-04:00,308.8373747474863,310.79723506942764,308.47661095325554,310.3974609375,27546700,0.0,0.0
2023-05-22 00:00:00-04:00,310.65094892902596,314.5413890695808,310.0756729757329,313.16656494140625,24115700,0.0,0.0
2023-05-23 00:00:00-04:00,312.04529609718725,314.66818336254534,307.38455760354833,307.3943176269531,30797200,0.0,0.0
2023-05-24 00:00:00-04:00,306.8774578305602,308.60328539686515,304.8103271006574,306.0194091796875,23384900,0.0,0.0
2023-05-25 00:00:00-04:00,315.175173290878,318.7438600972789,312.0160206042334,317.788330078125,43301700,0.0,0.0
2023-05-26 00:00:00-04:00,315.93572275471354,325.0816974555801,315.79923121389265,324.5844421386719,36630600,0.0,0.0
2023-05-30 00:00:00-04:00,326.866039835357,327.3632951279749,322.2735326633113,322.9463195800781,29503100,0.0,0.0
2023-05-31 00:00:00-04:00,323.99934398362257,327.55827021551164,319.1630749897936,320.1966552734375,45950600,0.0,0.0
2023-06-01 00:00:00-04:00,317.7980879864151,325.2084750715489,316.61828563761367,324.28216552734375,26773900,0.0,0.0
2023-06-02 00:00:00-04:00,325.9104368208326,329.07934907114736,324.2528400489723,327.03173828125,25873800,0.0,0.0
2023-06-05 00:00:00-04:00,326.8562209549611,330.11288397336966,326.31019540433937,327.5582580566406,21307100,0.0,0.0
2023-06-06 00:00:00-04:00,326.96353250247705,327.0025428376745,323.88240041372416,325.3547058105469,20396200,0.0,0.0
2023-06-07 00:00:00-04:00,323.37532887108034,326.1444673202271,314.45362725824225,315.3116760253906,40717100,0.0,0.0
2023-06-08 00:00:00-04:00,315.85773263123184,318.4903798108397,315.28245664141156,317.1448059082031,23277700,0.0,0.0
2023-06-09 00:00:00-04:00,316.881549531298,321.7568004475304,316.3160335177299,318.63665771484375,22529000,0.0,0.0
2023-06-12 00:00:00-04:00,320.3820011777577,323.8141971351905,317.047345953683,323.5704345703125,24260300,0.0,0.0
2023-06-13 00:00:00-04:00,326.1249647437929,328.572349691123,322.14677395783576,325.949462890625,22951300,0.0,0.0
2023-06-14 00:00:00-04:00,325.9982202996805,330.58096729872784,324.50639495848685,328.9233703613281,26003800,0.0,0.0
2023-06-15 00:00:00-04:00,329.0598905688736,341.1114945004108,328.78687775426107,339.4149169921875,38899100,0.0,0.0
2023-06-16 00:00:00-04:00,342.5545058541556,342.7007573741948,333.4182939097505,333.7887878417969,46552000,0.0,0.0
2023-06-20 00:00:00-04:00,330.84420359010136,333.54508130008793,327.48026928452794,329.6156311035156,26375400,0.0,0.0
2023-06-21 00:00:00-04:00,327.9775589781728,329.30364243212927,323.78485594149885,325.2376708984375,25117800,0.0,0.0
2023-06-22 00:00:00-04:00,325.78366654570755,331.63396592269834,325.0231288169452,331.23419189453125,23556800,0.0,0.0
2023-06-23 00:00:00-04:00,326.0177791982343,329.5279659621624,325.1305096782342,326.66131591796875,23146900,0.0,0.0
2023-06-26 00:00:00-04:00,325.39371033432894,327.72406452687306,320.29418775939905,320.4014587402344,21520600,0.0,0.0
2023-06-27 00:00:00-04:00,323.5800965917035,327.7630696544983,321.08397083431,326.2225036621094,24354100,0.0,0.0
2023-06-28 00:00:00-04:00,326.3102386492254,329.5474118113246,325.48144019271336,327.4705505371094,20259500,0.0,0.0
2023-06-29 00:00:00-04:00,326.35897729326905,327.72404134255896,324.3211263632283,326.69049072265625,16997000,0.0,0.0
2023-06-30 00:00:00-04:00,329.3231809112348,334.17894126353815,328.7869152430103,332.0435791015625,26832800,0.0,0.0
2023-07-03 00:00:00-04:00,330.7272007694062,332.3945278816647,328.17257461621756,329.55712890625,12508700,0.0,0.0
2023-07-05 00:00:00-04:00,326.72948429799266,333.1258095919121,326.37848059881856,329.713134765625,18172400,0.0,0.0
2023-07-06 00:00:00-04:00,328.88436028376566,334.43239728548525,327.1292821478824,332.75531005859375,28161200,0.0,0.0
2023-07-07 00:00:00-04:00,330.8539769415479,333.26235165945616,328.5918537740865,328.8063659667969,21214800,0.0,0.0
2023-07-10 00:00:00-04:00,326.25174994494995,326.8660362322845,319.41663962980306,323.55084228515625,32791400,0.0,0.0
2023-07-11 00:00:00-04:00,322.800041689948,324.55511973893175,318.84134117994995,324.17486572265625,26698200,0.0,0.0
2023-07-12 00:00:00-04:00,328.20182929500714,333.1258197926784,327.29503995487715,328.786865234375,29995300,0.0,0.0
2023-07-13 00:00:00-04:00,331.0879653631058,335.16366709536976,330.5614300476907,334.1106262207031,20567200,0.0,0.0
2023-07-14 00:00:00-04:00,338.91765538868515,342.661844143398,335.7194923009407,336.62628173828125,28352700,0.0,0.0
2023-07-17 00:00:00-04:00,337.05532509830556,338.33263840062307,333.6621696566182,337.1040954589844,20363900,0.0,0.0
2023-07-18 00:00:00-04:00,337.20150526147,357.62881326178683,333.63284869185065,350.52069091796875,64738600,0.0,0.0
2023-07-19 00:00:00-04:00,352.7243922804998,353.4166695562891,343.6466777511621,346.2207946777344,39732900,0.0,0.0
2023-07-20 00:00:00-04:00,344.74839172455427,349.03860522679815,336.75297084061185,338.2155456542969,33778400,0.0,0.0
2023-07-21 00:00:00-04:00,340.43870595783125,341.56000752112044,331.35123269865875,335.19293212890625,69405400,0.0,0.0
2023-07-24 00:00:00-04:00,337.2210078308696,338.26431834667585,333.7693229149204,336.49945068359375,26678100,0.0,0.0
2023-07-25 00:00:00-04:00,338.4495845575855,343.11035203179654,336.46050402116185,342.2230529785156,41637700,0.0,0.0
2023-07-26 00:00:00-04:00,332.92109821610006,336.0705206538034,324.79891447113727,329.3426513671875,58383700,0.0,0.0
2023-07-27 00:00:00-04:00,331.9850338749244,332.8138025679025,320.8401897883476,322.4685363769531,39635300,0.0,0.0
2023-07-28 00:00:00-04:00,325.3448958728124,331.5267083383541,324.8573709488155,329.9276123046875,28484900,0.0,0.0
2023-07-31 00:00:00-04:00,328.5138989953868,329.27443689751834,325.0426931980882,327.5388488769531,25446000,0.0,0.0
2023-08-01 00:00:00-04:00,326.8270321220212,330.093455775555,325.374217054016,327.9483337402344,18311900,0.0,0.0
2023-08-02 00:00:00-04:00,325.3059183538415,325.3059183538415,318.2172862001048,319.328857421875,27761300,0.0,0.0
2023-08-03 00:00:00-04:00,317.86632056535905,321.6495195711113,317.81757996467144,318.5098571777344,18253700,0.0,0.0
2023-08-04 00:00:00-04:00,323.5996401737791,326.7783131025437,319.07539331182784,319.6019287109375,23741500,0.0,0.0
2023-08-07 00:00:00-04:00,320.17717126140934,322.8487988022052,319.3483727907042,321.8737487792969,17741500,0.0,0.0
2023-08-08 00:00:00-04:00,318.80233812895545,320.54768595225426,314.9411484793251,317.9150390625,22327600,0.0,0.0
2023-08-09 00:00:00-04:00,318.3245710835293,318.94858760325343,313.03978705069517,314.19036865234375,22373300,0.0,0.0
2023-08-10 00:00:00-04:00,317.8857952635295,320.0699275319088,313.16655676040074,314.8728942871094,20113700,0.0,0.0
2023-08-11 00:00:00-04:00,312.2695668882884,314.3659187348988,311.2457463891283,313.0008544921875,24355500,0.0,0.0
2023-08-14 00:00:00-04:00,313.37129346143496,315.97465996300735,312.09395075011946,315.9551696777344,18836100,0.0,0.0
2023-08-15 00:00:00-04:00,314.94119179178944,316.9790429914667,312.8935805688444,313.8296203613281,16966300,0.0,0.0
2023-08-16 00:00:00-04:00,313.45831419457073,316.9954936708588,312.48119971164607,313.0674743652344,20698900,0.68,0.0
2023-08-17 00:00:00-04:00,313.2042327148122,314.50378164094593,308.9733110073384,309.62799072265625,21257200,0.0,0.0
2023-08-18 00:00:00-04:00,307.29267431715726,311.0936633520083,304.4199558180871,309.2371520996094,24755000,0.0,0.0
2023-08-21 00:00:00-04:00,310.6540268930442,315.3832578154209,309.7844104350452,314.5136413574219,24040000,0.0,0.0
2023-08-22 00:00:00-04:00,318.0507585907704,318.61747186045255,314.1032077999083,315.080322265625,16084600,0.0,0.0
2023-08-23 00:00:00-04:00,316.40920172771865,321.66608212966844,316.05742502712076,319.51641845703125,21166400,0.0,0.0
2023-08-24 00:00:00-04:00,325.2325788454507,325.35960850603135,312.63755817970616,312.6473388671875,23281400,0.0,0.0
2023-08-25 00:00:00-04:00,314.11298756039173,317.9139473148537,311.5040788241883,315.58843994140625,21684100,0.0,0.0
2023-08-28 00:00:00-04:00,318.207066953983,318.68584344960186,314.3572339791844,316.29193115234375,14808500,0.0,0.0
2023-08-29 00:00:00-04:00,314.51357886440167,321.45109687018396,314.51357886440167,320.8941345214844,19284600,0.0,0.0
2023-08-30 00:00:00-04:00,321.14816243481806,322.26205720426236,318.97896754783574,321.2654113769531,15222100,0.0,0.0
2023-08-31 00:00:00-04:00,321.6660497077852,323.33690686450706,319.30141990622377,320.2590026855469,26411000,0.0,0.0
2023-09-01 00:00:00-04:00,323.7278057381443,324.3922364479654,319.30147820313266,321.1384582519531,14942000,0.0,0.0
2023-09-05 00:00:00-04:00,321.47061510740485,327.1867399112931,321.13839981294905,325.9164733886719,18553900,0.0,0.0
2023-09-06 00:00:00-04:00,325.7503980121673,326.80566842614127,322.62362005663084,325.2618408203125,17535800,0.0,0.0
2023-09-07 00:00:00-04:00,323.70825547986243,325.4572688809115,321.4999672739755,322.3598327636719,18381000,0.0,0.0
2023-09-08 00:00:00-04:00,322.5357246617766,328.46681688735,321.9201377501079,326.62005615234375,19530100,0.0,0.0
2023-09-11 00:00:00-04:00,329.52203220068384,330.6750497904705,327.75345762157895,330.2060241699219,16583300,0.0,0.0
2023-09-12 00:00:00-04:00,328.134515675664,329.08231769406166,323.8938433949532,324.17718505859375,17565500,0.0,0.0
2023-09-13 00:00:00-04:00,323.7277859536388,329.141008354495,323.59100543664357,328.36907958984375,16544400,0.0,0.0
2023-09-14 00:00:00-04:00,331.38838359380287,333.059241074138,328.86744125187914,330.9486999511719,20267000,0.0,0.0
2023-09-15 00:00:00-04:00,329.2094292987057,329.6784251727831,322.10578782450574,322.6627502441406,37679800,0.0,0.0
2023-09-18 00:00:00-04:00,320.29809265490445,322.8385960925468,318.89104551464607,321.5292663574219,16834200,0.0,0.0
2023-09-19 00:00:00-04:00,318.7054070395551,321.8517165023023,317.0833936077872,321.1286315917969,16505900,0.0,0.0
2023-09-20 00:00:00-04:00,321.96892330963425,322.04707932853614,313.1748951347457,313.4289245605469,21436500,0.0,0.0
2023-09-21 00:00:00-04:00,311.9535360525413,317.9041588491349,307.79101939102566,312.21734619140625,35560400,0.0,0.0
2023-09-22 00:00:00-04:00,313.96642687422224,314.09345652566765,308.9147319725734,309.75506591796875,21447900,0.0,0.0
2023-09-25 00:00:00-04:00,309.34461765593346,310.3999178157117,307.7910094721355,310.27288818359375,17836000,0.0,0.0
2023-09-26 00:00:00-04:00,307.9180528712019,308.6508886408052,302.92498298833925,304.9964904785156,26297600,0.0,0.0
2023-09-27 00:00:00-04:00,305.1528159801847,307.1070447852302,302.6025617027996,305.6316223144531,19410100,0.0,0.0
2023-09-28 00:00:00-04:00,303.87278132742597,308.26004502387354,302.36804670236813,306.462158203125,19683600,0.0,0.0
2023-09-29 00:00:00-04:00,310.4781856340543,312.1588240551157,307.7715887396684,308.5239562988281,24147300,0.0,0.0
2023-10-02 00:00:00-04:00,309.0417636602757,314.5233913479347,307.96693177846345,314.4354248046875,20570000,0.0,0.0
2023-10-03 00:00:00-04:00,313.48763043750324,314.03484198855955,304.0877937628594,306.2179260253906,21033500,0.0,0.0
2023-10-04 00:00:00-04:00,306.84320351373003,312.7156700194833,306.81389127739357,311.6603698730469,20720100,0.0,0.0
2023-10-05 00:00:00-04:00,311.78742886180316,312.65707498694155,307.6933171593875,312.0512390136719,16965600,0.0,0.0
2023-10-06 00:00:00-04:00,309.30558981860264,321.6563316821838,309.06131118825493,319.7705078125,25673600,0.0,0.0
2023-10-09 00:00:00-04:00,317.3179038998877,322.7408769349448,315.78382712320234,322.2718811035156,19891200,0.0,0.0
2023-10-10 00:00:00-04:00,323.3857337911902,323.5225441036011,320.1710492794707,320.87457275390625,20557100,0.0,0.0
2023-10-11 00:00:00-04:00,323.6300480505899,325.20321772099476,321.60744393030456,324.8123779296875,20063200,0.0,0.0
2023-10-12 00:00:00-04:00,323.0046828962765,325.9946502834495,321.1970154685532,323.5811767578125,19313100,0.0,0.0
2023-10-13 00:00:00-04:00,324.7733126546174,326.19011074612195,318.8910644547027,320.229736328125,21072400,0.0,0.0
2023-10-16 00:00:00-04:00,323.47370563502346,328.4472441018182,323.03402205271703,325.02734375,22158000,0.0,0.0
2023-10-17 00:00:00-04:00,322.0471280716989,325.8285559881701,319.91702585909127,324.4606018066406,18338500,0.0,0.0
2023-10-18 00:00:00-04:00,324.88080471636374,327.90986576215903,320.7866923974695,322.5552673339844,23153600,0.0,0.0
2023-10-19 00:00:00-04:00,324.5485406563444,329.1703024841639,323.33692834747904,323.737548828125,25052100,0.0,0.0
2023-10-20 00:00:00-04:00,324.12835446088064,324.32378924714186,318.0018585787794,319.1939392089844,25027700,0.0,0.0
2023-10-23 00:00:00-04:00,318.0214287466955,325.1152889172781,316.96615830256553,321.7833251953125,24374700,0.0,0.0
2023-10-24 00:00:00-04:00,323.7179740081932,324.24562410946174,320.1026687848026,322.9656066894531,31153600,0.0,0.0
2023-10-25 00:00:00-04:00,337.12405114410626,338.27706897512115,329.89340944141463,332.8736267089844,55053800,0.0,0.0
2023-10-26 00:00:00-04:00,332.7465382675552,333.8115893601042,319.45777677753637,320.38604736328125,37828500,0.0,0.0
2023-10-27 00:00:00-04:00,322.8679216685348,329.0139799295623,320.8843805209721,322.2621154785156,29856500,0.0,0.0
2023-10-30 00:00:00-04:00,325.77974409067264,331.6815239306809,324.235886505314,329.5904846191406,22828100,0.0,0.0
2023-10-31 00:00:00-04:00,331.09518568729226,331.24174686809175,327.0303866312015,330.3721008300781,20265300,0.0,0.0
2023-11-01 00:00:00-04:00,332.0136865785613,339.46907368839175,331.8768762591472,338.14996337890625,28158800,0.0,0.0
2023-11-02 00:00:00-04:00,339.29321044253436,340.84681883225545,336.879736569886,340.3485107421875,24348100,0.0,0.0
2023-11-03 00:00:00-04:00,341.62854640879175,346.2796209573482,339.3811651738514,344.7259826660156,23637700,0.0,0.0
2023-11-06 00:00:00-05:00,345.36110615399525,349.3575005821622,345.2633887474612,348.37060546875,23828300,0.0,0.0
2023-11-07 00:00:00-05:00,351.1749086935178,354.16487636600215,349.4454269438777,352.279052734375,25833900,0.0,0.0
2023-11-08 00:00:00-05:00,353.40267618539207,355.54255878691407,352.2985323074461,354.8879089355469,26767800,0.0,0.0
2023-11-09 00:00:00-05:00,354.00856480709007,356.441600143659,352.11296032697913,352.4354248046875,24847300,0.0,0.0
2023-11-10 00:00:00-05:00,353.2171111454846,361.63008249841977,352.8067397541227,361.2099304199219,28042100,0.0,0.0
2023-11-13 00:00:00-05:00,359.79306407971893,360.03734267871334,357.52615152445077,358.2882995605469,19986500,0.0,0.0
2023-11-14 00:00:00-05:00,362.5192580985715,363.43774810881337,358.94301547087497,361.7961730957031,27683900,0.0,0.0
2023-11-15 00:00:00-05:00,363.51938712911283,365.3307238214912,359.4365366374243,361.94305419921875,26860100,0.75,0.0
2023-11-16 00:00:00-05:00,363.20606948048294,368.48342035388106,362.4423744800686,368.30718994140625,27182300,0.0,0.0
2023-11-17 00:00:00-05:00,365.80064944827456,366.54477320500723,359.32882848725313,362.1192626953125,40157000,0.0,0.0
2023-11-20 00:00:00-05:00,363.46060991672704,370.95070053235196,363.24520725093254,369.55059814453125,52465100,0.0,0.0
2023-11-21 00:00:00-05:00,367.81760182816333,368.35609354646346,363.36268990163154,365.2719421386719,28423100,0.0,0.0
2023-11-22 00:00:00-05:00,370.09894608755127,371.8515394102055,367.13228112759265,369.95208740234375,23345300,0.0,0.0
2023-11-24 00:00:00-05:00,369.44291677497637,370.0695536363756,367.29872033158176,369.54083251953125,10176600,0.0,0.0
2023-11-27 00:00:00-05:00,368.90443134275364,372.68376401378913,368.33656782207504,370.6961669921875,22179200,0.0,0.0
2023-11-28 00:00:00-05:00,370.44160282909473,374.994400937648,370.25557188472965,374.70068359375,20453100,0.0,0.0
2023-11-29 00:00:00-05:00,375.738494499301,376.2671856758015,369.5505906614915,370.9311218261719,28963400,0.0,0.0
2023-11-30 00:00:00-05:00,370.5786340328009,372.1451961390215,367.6217700935787,370.9898681640625,30554400,0.0,0.0
2023-12-01 00:00:00-05:00,368.8848238631299,370.25555453657734,363.54872995472044,366.6818542480469,33040500,0.0,0.0
2023-12-04 00:00:00-05:00,361.3849610271203,361.79616532164505,355.31454343634607,361.42413330078125,32063300,0.0,0.0
2023-12-05 00:00:00-05:00,358.7903292029664,365.28172122334854,357.9776614584204,364.7334289550781,23065000,0.0,0.0
2023-12-06 00:00:00-05:00,365.73209860202707,366.35870548187097,360.33726166675575,361.0911560058594,21182100,0.0,0.0
2023-12-07 00:00:00-05:00,360.53308164351836,363.68577677525514,358.66300184093467,363.19622802734375,23118900,0.0,0.0
2023-12-08 00:00:00-05:00,361.4828549867559,366.6328881744278,360.53312909562084,366.40771484375,20154400,0.0,0.0
2023-12-11 00:00:00-05:00,360.77793808950827,363.8327181906465,358.44768073859893,363.5389709472656,27708800,0.0,0.0
2023-12-12 00:00:00-05:00,363.0983520859286,366.59373770012405,362.7164896784692,366.5545654296875,24838300,0.0,0.0
2023-12-13 00:00:00-05:00,368.16027437565873,369.7464376106383,363.0200118977458,366.5447692871094,30955500,0.0,0.0
2023-12-14 00:00:00-05:00,365.50693426286074,365.9475401487158,356.5188251808004,358.28118896484375,43277500,0.0,0.0
2023-12-15 00:00:00-05:00,359.1819317961551,364.6159110894826,358.6238390376856,362.9808349609375,78502300,0.0,0.0
2023-12-18 00:00:00-05:00,361.7276838655909,365.20346900477807,360.97375945804686,364.86077880859375,21802900,0.0,0.0
2023-12-19 00:00:00-05:00,363.7249554315047,365.4579772949219,362.1094503782396,365.4579772949219,20603700,0.0,0.0
2023-12-20 00:00:00-05:00,367.16165234300763,368.17012181958876,362.7850842518913,362.8731994628906,26316700,0.0,0.0
2023-12-21 00:00:00-05:00,364.77259031859234,366.5839268091088,362.3052751851502,365.73211669921875,17708000,0.0,0.0
2023-12-22 00:00:00-05:00,365.8691843460341,367.33783074743565,364.9194584779402,366.7503662109375,17107500,0.0,0.0
2023-12-26 00:00:00-05:00,367.1615638820972,369.06101542962205,365.6929176265688,366.82867431640625,12673100,0.0,0.0
2023-12-27 00:00:00-05:00,365.87894525127507,367.22030403850823,365.0173346750331,366.2510070800781,14905400,0.0,0.0
2023-12-28 00:00:00-05:00,367.5238451750327,368.59105792655595,366.3391454974242,367.43572998046875,14327000,0.0,0.0
2023-12-29 00:00:00-05:00,368.14072884940924,369.2764857473798,365.6734134446601,368.1799011230469,18730800,0.0,0.0
2024-01-02 00:00:00-05:00,366.0454736937905,368.0428414876802,359.10367417076867,363.11798095703125,25258600,0.0,0.0
2024-01-03 00:00:00-05:00,361.29684544783345,365.4580105992302,360.8072966064926,362.8536071777344,23083500,0.0,0.0
2024-01-04 00:00:00-05:00,362.9221232500447,365.30132326469203,359.49528162444665,360.2491760253906,20901500,0.0,0.0
2024-01-05 00:00:00-05:00,361.25764113124956,364.2830491168241,358.8392688743441,360.0631408691406,21004600,0.0,0.0
2024-01-08 00:00:00-05:00,361.58077277397365,367.3574731734819,361.296855951119,366.8581237792969,23134000,0.0,0.0
2024-01-09 00:00:00-05:00,364.23416186369485,368.1309517677685,363.4312945412616,367.9351501464844,20830000,0.0,0.0
2024-01-10 00:00:00-05:00,368.50300659957884,376.13998679528584,368.45406366512276,374.76922607421875,25514200,0.0,0.0
2024-01-11 00:00:00-05:00,377.9316910243427,382.5138608324762,372.4291670394017,376.59033203125,27850800,0.0,0.0
2024-01-12 00:00:00-05:00,377.43228480386114,380.55560821170843,376.6098464914054,380.3500061035156,21661200,0.0,0.0
2024-01-16 00:00:00-05:00,385.43155133047776,385.79381264906647,379.5177936668549,382.1123962402344,27202300,0.0,0.0
2024-01-17 00:00:00-05:00,379.8703470627965,381.95580012337945,376.7665941196336,381.3291931152344,22234100,0.0,0.0
2024-01-18 00:00:00-05:00,383.53215294829613,385.75469397471676,381.9655906494616,385.63720703125,23392100,0.0,0.0
2024-01-19 00:00:00-05:00,387.48767542805655,390.33685302734375,385.2749052923237,390.33685302734375,29331100,0.0,0.0
2024-01-22 00:00:00-05:00,391.65853542105555,392.24599984333616,385.3629462421895,388.221923828125,27016900,0.0,0.0
2024-01-23 00:00:00-05:00,387.4778603727062,391.0319893054533,385.69589563777015,390.56201171875,20525900,0.0,0.0
2024-01-24 00:00:00-05:00,393.14686950723774,397.1513752160577,392.079656679383,394.1455383300781,24867000,0.0,0.0
2024-01-25 00:00:00-05:00,395.8687958055948,398.5025710526844,394.1162025271926,396.40728759765625,21021200,0.0,0.0
2024-01-26 00:00:00-05:00,395.9177133168471,397.680107020746,394.0182614789132,395.4869079589844,17803300,0.0,0.0
2024-01-29 00:00:00-05:00,397.57235261817027,401.4104281984527,395.8785030835569,401.1558532714844,24510200,0.0,0.0
2024-01-30 00:00:00-05:00,403.64280098293807,404.41626660201007,397.9542461080957,400.04949951171875,33477600,0.0,0.0
2024-01-31 00:00:00-05:00,398.45356335794276,406.6388350866889,388.907361460185,389.2696228027344,47871100,0.0,0.0
2024-02-01 00:00:00-05:00,393.430744217634,399.4717890769623,393.401372487154,395.3399963378906,30657700,0.0,0.0
2024-02-02 00:00:00-05:00,395.36942496681314,404.02464472350925,395.12465055102524,402.6245422363281,28256700,0.0,0.0
2024-02-05 00:00:00-05:00,401.3321553615057,402.56582806837224,395.5456841655395,397.1709899902344,25352300,0.0,0.0
2024-02-06 00:00:00-05:00,397.39614463854895,399.4424550677267,394.4882235276778,397.0142822265625,18382600,0.0,0.0
2024-02-07 00:00:00-05:00,398.9235643671154,405.640160164174,398.88439209328425,405.3953857421875,22340500,0.0,0.0
2024-02-08 00:00:00-05:00,405.39538860876115,406.87383568951475,403.9071708692484,405.4541320800781,21225300,0.0,0.0
2024-02-09 00:00:00-05:00,406.5702855474464,412.0238664464446,406.41362634312986,411.7594909667969,22032800,0.0,0.0
2024-02-12 00:00:00-05:00,411.769283442755,411.94551383927785,406.0807287884979,406.580078125,21202900,0.0,0.0
2024-02-13 00:00:00-05:00,396.4758057908408,401.4985815288795,394.9582163813525,397.82696533203125,27824900,0.0,0.0
2024-02-14 00:00:00-05:00,400.27921574475005,402.01541247950905,396.8460370500132,401.6720886230469,20401200,0.75,0.0
2024-02-15 00:00:00-05:00,400.3478557485238,401.31894521125486,396.5713534874336,398.7980041503906,21825500,0.0,0.0
2024-02-16 00:00:00-05:00,400.17133095818804,400.49504745207923,395.73763633762957,396.3457946777344,22296500,0.0,0.0
2024-02-20 00:00:00-05:00,395.5413968145009,396.7675320143623,390.41126629664336,395.1000061035156,24307900,0.0,0.0
2024-02-21 00:00:00-05:00,392.53004284668083,394.60956341609165,389.6363517174895,394.50164794921875,18518900,0.0,0.0
2024-02-22 00:00:00-05:00,402.3587454167674,404.9483275530714,400.76967888893086,403.7908630371094,27009900,0.0,0.0
2024-02-23 00:00:00-05:00,407.73411674298126,407.92046175721333,401.162019956702,402.505859375,16295900,0.0,0.0
2024-02-26 00:00:00-05:00,403.60448178020243,404.2911294979053,399.5827521513917,399.75933837890625,16193500,0.0,0.0
2024-02-27 00:00:00-05:00,400.20071277924296,400.52442923735737,396.13976854109416,399.7004699707031,14835800,0.0,0.0
2024-02-28 00:00:00-05:00,400.3870613953607,401.48567367865326,397.58167859587735,399.93585205078125,13183100,0.0,0.0
2024-02-29 00:00:00-05:00,400.83834831741547,406.29219561123216,398.17027676875426,405.7428894042969,31947300,0.0,0.0
2024-03-01 00:00:00-05:00,403.41813008815376,407.93031407980567,403.0355914321904,407.5673828125,17823400,0.0,0.0
2024-03-04 00:00:00-05:00,405.54668869062186,409.38204334564557,404.4480762959748,406.9984436035156,17596000,0.0,0.0
2024-03-05 00:00:00-05:00,406.056777618859,406.3412493979287,392.99110225962716,394.96270751953125,26919200,0.0,0.0
2024-03-06 00:00:00-05:00,395.27656457076307,397.4247558475786,390.7840183450358,394.4133605957031,22344100,0.0,0.0
2024-03-07 00:00:00-05:00,398.3664344564578,401.9565620702222,394.56050584072034,401.32879638671875,18718500,0.0,0.0
2024-03-08 00:00:00-05:00,400.1712786506048,402.58433424165736,396.61057729290076,398.4645080566406,18002200,0.0,0.0
2024-03-11 00:00:00-04:00,396.05149669102667,397.9348236347475,393.5992262388283,396.7969665527344,16120800,0.0,0.0
2024-03-12 00:00:00-04:00,399.83777202306123,407.6360037253644,399.02363143663507,407.3515319824219,22457000,0.0,0.0
2024-03-13 00:00:00-04:00,410.1177430442753,410.19620253246603,403.5947092048327,407.1750183105469,17115900,0.0,0.0
2024-03-14 00:00:00-04:00,412.2168124659908,419.6521126654565,410.0097692297409,417.10174560546875,34157300,0.0,0.0
2024-03-15 00:00:00-04:00,411.28501994441507,414.53182378938754,404.9091164524236,408.4698181152344,45079900,0.0,0.0
2024-03-18 00:00:00-04:00,406.34117457206867,412.697469745091,405.88014657431177,409.3525695800781,20106000,0.0,0.0
2024-03-19 00:00:00-04:00,409.8528340561438,413.61954764814055,407.61636469929994,413.364501953125,19837900,0.0,0.0
2024-03-20 00:00:00-04:00,413.94325853489937,417.8276466076136,412.62884514501485,417.1116027832031,17860100,0.0,0.0
2024-03-21 00:00:00-04:00,421.6237557740876,422.5948752417206,419.004747660182,421.17254638671875,21296200,0.0,0.0
2024-03-22 00:00:00-04:00,421.4963200117596,421.6532390012991,417.9356179957843,420.55462646484375,17648500,0.0,0.0
2024-03-25 00:00:00-04:00,417.12140106535213,419.2499850699005,413.5606994442316,414.7868347167969,18060500,0.0,0.0
2024-03-26 00:00:00-04:00,417.48427163026514,417.8570214885324,413.30562358453886,413.5998840332031,16725600,0.0,0.0
2024-03-27 00:00:00-04:00,416.33666794000516,416.34648660093063,411.0103437373624,413.3841247558594,16705000,0.0,0.0
2024-03-28 00:00:00-04:00,412.9231220201488,413.81575210575176,411.11825446083225,412.6877136230469,21871200,0.0,0.0
2024-04-01 00:00:00-04:00,415.85607505767865,419.7208560550212,414.15909296576694,416.4642333984375,16316000,0.0,0.0
2024-04-02 00:00:00-04:00,412.08932675524255,414.31600751259526,409.8626759328322,413.3939514160156,17912000,0.0,0.0
2024-04-03 00:00:00-04:00,411.7166269488562,415.17923184367993,411.0888313055727,412.4228820800781,16502300,0.0,0.0
2024-04-04 00:00:00-04:00,416.8761903565226,420.4859554910503,409.59786785676073,409.9019470214844,19370900,0.0,0.0
2024-04-05 00:00:00-04:00,411.9912129200493,418.3671154502644,410.33347586739825,417.39599609375,16554800,0.0,0.0
2024-04-08 00:00:00-04:00,417.0527692258899,419.12247124179834,415.21844567326013,416.48382568359375,14272400,0.0,0.0
2024-04-09 00:00:00-04:00,418.2985199584035,419.5736887198931,413.5705349702072,418.1415710449219,12496900,0.0,0.0
2024-04-10 00:00:00-04:00,414.1296507389469,415.93451830181,411.68719880938414,415.1792297363281,16216600,0.0,0.0
2024-04-11 00:00:00-04:00,417.6903687099733,421.1725811111206,414.2964045264092,419.76007080078125,17966400,0.0,0.0
2024-04-12 00:00:00-04:00,415.9541310748391,417.06256218596104,411.75584496590756,413.8451843261719,19253800,0.0,0.0
2024-04-15 00:00:00-04:00,418.4554515197094,418.6712525249299,405.5368771254888,405.7428894042969,20273500,0.0,0.0
2024-04-16 00:00:00-04:00,406.6550977488978,410.4119627811132,405.8311384974836,406.6648864746094,16765600,0.0,0.0
2024-04-17 00:00:00-04:00,409.2839199801292,410.88280503231437,402.49602250375233,403.9772033691406,15855500,0.0,0.0
2024-04-18 00:00:00-04:00,402.79031869935466,404.02627254838046,396.2378594372626,396.5517272949219,21029900,0.0,0.0
2024-04-19 00:00:00-04:00,396.3163237053195,397.73865251494925,390.17582902876677,391.50006103515625,30565800,0.0,0.0
2024-04-22 00:00:00-04:00,392.4416972104412,395.15883179011223,388.1943783333411,393.3049011230469,20286900,0.0,0.0
2024-04-23 00:00:00-04:00,396.5223162949651,400.4067342721825,395.3648518176367,399.78875732421875,15734500,0.0,0.0
2024-04-24 00:00:00-04:00,401.74078982977966,404.595236495939,399.0138660286807,401.2503356933594,15065300,0.0,0.0
2024-04-25 00:00:00-04:00,386.5072408836068,392.2553782643455,380.62179192671005,391.4216003417969,40586500,0.0,0.0
2024-04-26 00:00:00-04:00,404.30097191316094,405.1151126000372,398.0133463554319,398.5626525878906,29694700,0.0,0.0
2024-04-29 00:00:00-04:00,397.51309850869376,398.5626776003093,391.5687964569437,394.57037353515625,19582100,0.0,0.0
2024-04-30 00:00:00-04:00,393.8248513162942,394.4820730278576,381.74008419354954,381.8970031738281,28781400,0.0,0.0
2024-05-01 00:00:00-04:00,385.11433904555116,394.05042796595137,382.85826224732904,387.3998718261719,23562500,0.0,0.0
2024-05-02 00:00:00-04:00,390.0679505478797,392.29460134045365,387.11540734616494,390.2445068359375,17709400,0.0,0.0
2024-05-03 00:00:00-04:00,394.5997356096934,399.37675358596374,394.18774100881984,398.8961181640625,17446700,0.0,0.0
2024-05-06 00:00:00-04:00,400.95603550783153,406.0273140130064,398.6116505989638,405.644775390625,16996600,0.0,0.0
2024-05-07 00:00:00-04:00,406.74340224425765,406.75322090554647,401.27973632622934,401.52496337890625,20018200,0.0,0.0
2024-05-08 00:00:00-04:00,400.37727892161104,404.3597634781988,398.9451315189421,402.7020263671875,11792300,0.0,0.0
2024-05-09 00:00:00-04:00,402.73146980472023,404.84041635842834,401.2895336143813,404.44805908203125,14689700,0.0,0.0
2024-05-10 00:00:00-04:00,405.0562460600837,407.44966453116945,403.93799631140473,406.8218688964844,13402300,0.0,0.0
2024-05-13 00:00:00-04:00,410.0294239104783,410.36292908810583,402.9766919421273,405.8213195800781,15440200,0.0,0.0
2024-05-14 00:00:00-04:00,404.15378509704203,409.51935413927424,403.69275704643184,408.60711669921875,15109300,0.0,0.0
2024-05-15 00:00:00-04:00,410.66092785109674,416.46855556809163,410.0418362179186,415.7511901855469,22239500,0.75,0.0
2024-05-16 00:00:00-04:00,414.493323488297,418.0506409370668,413.06845922359344,413.6973571777344,17530100,0.0,0.0
2024-05-17 00:00:00-04:00,415.2205635959117,415.5939858480529,410.7886784280323,412.930908203125,15352200,0.0,0.0
2024-05-20 00:00:00-04:00,412.9309055053418,419.37726753163014,412.7147152549324,417.9720458984375,16272100,0.0,0.0
2024-05-21 00:00:00-04:00,419.4362019217813,425.4698558470045,417.4905197677202,421.6079406738281,21453300,0.0,0.0
2024-05-22 00:00:00-04:00,422.63977275649836,424.91959180983645,419.7310556819618,423.06231689453125,18073700,0.0,0.0
2024-05-23 00:00:00-04:00,425.4699189536125,426.08901063588814,418.0507151165833,419.60333251953125,17211700,0.0,0.0
2024-05-24 00:00:00-04:00,419.7900340603218,423.59299146281916,417.0581916118114,422.7085876464844,11855300,0.0,0.0
2024-05-28 00:00:00-04:00,422.1877033571548,423.3570918822038,419.2101919839553,422.8657531738281,15718000,0.0,0.0
2024-05-29 00:00:00-04:00,418.3159892619867,423.4750461602697,418.3159892619867,421.7357177734375,15517100,0.0,0.0
2024-05-30 00:00:00-04:00,416.9500050085169,416.9500050085169,407.0642728541054,407.4868469238281,28394500,0.0,0.0
2024-05-31 00:00:00-04:00,409.5308671519035,409.5308671519035,397.50290358954135,407.9389343261719,47995300,0.0,0.0
2024-06-03 00:00:00-04:00,408.33200300435846,409.21640680558284,401.8365187640821,406.3568115234375,17484700,0.0,0.0
2024-06-04 00:00:00-04:00,405.2856798357907,409.22622626275023,402.58331667273,408.8626403808594,14348900,0.0,0.0
2024-06-05 00:00:00-04:00,410.57248754759564,416.7338647316788,409.0886349128657,416.66510009765625,16988000,0.0,0.0
2024-06-06 00:00:00-04:00,416.6651146111646,417.9425834215114,413.2945078470223,417.166259765625,14861300,0.0,0.0
2024-06-07 00:00:00-04:00,418.8171717087438,418.89577271534046,415.67259164399417,416.50787353515625,13621700,0.0,0.0
2024-06-10 00:00:00-04:00,417.34315052242914,420.66457531575907,416.5471841383872,420.4582214355469,13982900,0.0,0.0
2024-06-11 00:00:00-04:00,418.1096457911631,425.3224952545953,417.88361916349896,425.1849060058594,14551100,0.0,0.0
2024-06-12 00:00:00-04:00,427.7792095971262,435.7192312163597,425.74505981738713,433.4197692871094,22366200,0.0,0.0
2024-06-13 00:00:00-04:00,433.21338970261115,435.7093989946261,431.75901618030764,433.93072509765625,15960600,0.0,0.0
2024-06-14 00:00:00-04:00,430.68790003484014,435.4637283515464,429.15492551069684,434.9035949707031,13582000,0.0,0.0
2024-06-17 00:00:00-04:00,434.9232138540311,443.1285766509554,433.08561180023855,440.60308837890625,20790000,0.0,0.0
2024-06-18 00:00:00-04:00,441.919864030814,442.3424381224516,437.1833815521162,438.6082458496094,17112500,0.0,0.0
2024-06-20 00:00:00-04:00,438.56892206249415,438.79494866589,433.62605582240985,437.9793395996094,19877400,0.0,0.0
2024-06-21 00:00:00-04:00,439.63028836717615,442.77483854275334,438.7753636944757,441.98870849609375,34187100,0.0,0.0
2024-06-24 00:00:00-04:00,442.0082999216464,444.90721036131976,438.6770389987755,439.91522216796875,15913700,0.0,0.0
2024-06-25 00:00:00-04:00,440.4851865060809,443.60028735592437,439.01117026568124,443.138427734375,16413400,0.0,0.0
2024-06-26 00:00:00-04:00,441.2221891732116,445.7425115856911,440.42622281234816,444.32745361328125,16507000,0.0,0.0
2024-06-27 00:00:00-04:00,444.3471165440364,448.2680202655606,443.94421515967235,445.0055236816406,14806300,0.0,0.0
2024-06-28 00:00:00-04:00,445.22168389223947,447.49166642517747,438.6770484115445,439.20770263671875,28362300,0.0,0.0
2024-07-01 00:00:00-04:00,440.88808384173325,449.447196335744,437.94005138791704,448.81829833984375,17662800,0.0,0.0
2024-07-02 00:00:00-04:00,445.3494912239479,451.62878536550966,445.26102385148636,451.32415771484375,13979800,0.0,0.0
2024-07-03 00:00:00-04:00,450.2529744663604,453.0339384006955,449.94834686189404,452.78826904296875,9932800,0.0,0.0
2024-07-05 00:00:00-04:00,451.6483951731934,460.2370169877969,451.01949716215944,459.460693359375,16000300,0.0,0.0
2024-07-08 00:00:00-04:00,458.4681407863274,459.59824381659064,456.41434856608595,458.16351318359375,12962300,0.0,0.0
2024-07-09 00:00:00-04:00,458.9104170237532,459.23468742094946,450.0663190511327,451.57965087890625,17207200,0.0,0.0
2024-07-10 00:00:00-04:00,453.2305642637646,458.37978529575963,450.9114295315087,458.1734313964844,18196100,0.0,0.0
2024-07-11 00:00:00-04:00,454.95999295662324,456.728800279139,443.72796749516465,446.82342529296875,23111200,0.0,0.0
2024-07-12 00:00:00-04:00,446.45987718044813,448.4547114032981,442.8436310012122,445.6933898925781,16324300,0.0,0.0
2024-07-15 00:00:00-04:00,445.447773137167,449.3391982790085,443.61017070354643,446.0963439941406,14429400,0.0,0.0
2024-07-16 00:00:00-04:00,446.3518119574386,446.4304129687703,438.9227718455909,441.73321533203125,17175700,0.0,0.0
2024-07-17 00:00:00-04:00,434.92321432561624,437.1440749862863,431.5722805813875,435.83709716796875,21778000,0.0,0.0
2024-07-18 00:00:00-04:00,436.6429302135875,436.9475578488645,426.8751131633182,432.74169921875,20794800,0.0,0.0
2024-07-19 00:00:00-04:00,425.5976003585523,433.4983352820313,424.51664918921864,429.5381164550781,20940400,0.0,0.0
2024-07-22 00:00:00-04:00,434.1371082507153,436.898429671943,431.306992206013,435.2671813964844,15808800,0.0,0.0
2024-07-23 00:00:00-04:00,436.21051790501895,440.6227600869156,435.4243879336588,437.1440734863281,13107100,0.0,0.0
2024-07-24 00:00:00-04:00,432.82031037979385,433.8324669900576,420.18306232506063,421.4703674316406,26805800,0.0,0.0
2024-07-25 00:00:00-04:00,421.37209200547386,422.3547694868196,410.2776848331151,411.1522521972656,29943800,0.0,0.0
2024-07-26 00:00:00-04:00,410.95572197330205,421.49002544679837,410.04180915234855,417.9032287597656,23583800,0.0,0.0
2024-07-29 00:00:00-04:00,424.1039132176947,424.66404655168895,417.3431176712943,419.33795166015625,15125800,0.0,0.0
2024-07-30 00:00:00-04:00,420.3108034246303,421.6177512482942,410.13024936818454,415.5939636230469,32687600,0.0,0.0
2024-07-31 00:00:00-04:00,413.2159307737182,414.47375690208054,405.06952507333295,411.1031799316406,42891400,0.0,0.0
2024-08-01 00:00:00-04:00,413.5008583778063,420.05530026736574,405.9342299111822,409.88458251953125,30296400,0.0,0.0
2024-08-02 00:00:00-04:00,405.3445889736249,407.8111188309651,397.33577420400843,401.41387939453125,29437900,0.0,0.0
2024-08-05 00:00:00-04:00,382.4285705967925,394.09294634268963,378.90073239916643,388.3049621582031,40709200,0.0,0.0
2024-08-06 00:00:00-04:00,393.07103331037194,398.64282840268,391.59701693545804,392.6877746582031,24946500,0.0,0.0
2024-08-07 00:00:00-04:00,401.5613573427881,402.97638538590667,390.58483621712907,391.5281982421875,20650900,0.0,0.0
2024-08-08 00:00:00-04:00,395.4687471216862,398.82948747665125,393.01205329948556,395.71441650390625,20203000,0.0,0.0
2024-08-09 00:00:00-04:00,397.03114540515713,400.98149772413467,395.29181721770595,398.9866638183594,19276700,0.0,0.0
2024-08-12 00:00:00-04:00,400.0087309169643,401.6792947885224,397.23757296063644,399.7630615234375,16762900,0.0,0.0
2024-08-13 00:00:00-04:00,402.49487016333154,407.7620371122612,402.475227409518,406.83831787109375,19414300,0.0,0.0
2024-08-14 00:00:00-04:00,407.6146635587636,410.4840953956977,405.3053951498375,409.63897705078125,18267000,0.0,0.0
2024-08-15 00:00:00-04:00,413.2715696251715,414.5611950729744,411.1648649409175,414.4824523925781,20752100,0.75,0.0
2024-08-16 00:00:00-04:00,414.05913029915934,414.787612725286,410.8104315549657,411.9622497558594,22775600,0.0,0.0
2024-08-19 00:00:00-04:00,412.44456931012445,415.19118926465836,409.9834478562735,414.974609375,15234000,0.0,0.0
2024-08-20 00:00:00-04:00,415.14205004692775,419.2373304106215,415.08298552534507,418.1938171386719,16387600,0.0,0.0
2024-08-21 00:00:00-04:00,417.48494231064296,419.7688702359865,415.1616580728871,417.5440368652344,16067300,0.0,0.0
2024-08-22 00:00:00-04:00,417.7606371537281,420.1528703345148,408.16226230018384,409.087646484375,19361900,0.0,0.0
2024-08-23 00:00:00-04:00,410.4953972510095,412.73993890763575,405.68142906839694,410.308349609375,18493800,0.0,0.0
2024-08-26 00:00:00-04:00,409.89494023874727,410.79079224794975,404.9431639983374,407.0597229003906,13152800,0.0,0.0
2024-08-27 00:00:00-04:00,406.43952621400086,407.91619944694173,403.87012920932085,407.404296875,13492900,0.0,0.0
2024-08-28 00:00:00-04:00,408.4280383994025,408.5461674240689,400.97575531583215,404.214599609375,14882700,0.0,0.0
2024-08-29 00:00:00-04:00,408.48716903331825,415.4865852646763,404.2146650393698,406.6954650878906,17045200,0.0,0.0
2024-08-30 00:00:00-04:00,409.1368946584357,410.9974871196902,405.72085639315753,410.6529541015625,24308300,0.0,0.0
2024-09-03 00:00:00-04:00,411.4109125689516,413.35027748692255,400.7001071362785,403.0726318359375,20313600,0.0,0.0
2024-09-04 00:00:00-04:00,399.59755429893164,404.8446523736478,398.0814949690352,402.5410461425781,15135800,0.0,0.0
2024-09-05 00:00:00-04:00,401.2809263113811,406.6757153578755,399.81410753750566,402.0389709472656,14195500,0.0,0.0
2024-09-06 00:00:00-04:00,402.6985610672717,404.26383081056673,394.5670056307313,395.4530334472656,19609500,0.0,0.0
2024-09-09 00:00:00-04:00,400.9069042814964,402.2949806412775,395.8960636873458,399.4105529785156,15295100,0.0,0.0
2024-09-10 00:00:00-04:00,401.8519446669211,409.8554868302287,401.3597203496137,407.7586364746094,19594300,0.0,0.0
2024-09-11 00:00:00-04:00,409.03840014283475,417.3963592828998,403.21045111442425,416.4611511230469,19266900,0.0,0.0
2024-09-12 00:00:00-04:00,416.7270008247058,420.7238603737511,413.22236565404535,420.359619140625,17395700,0.0,0.0
2024-09-13 00:00:00-04:00,419.20778281644255,425.11447510259467,418.84354159900835,423.8937683105469,15874600,0.0,0.0
2024-09-16 00:00:00-04:00,423.90356722052456,426.7879943677343,421.5605747785227,424.6320495605469,13834700,0.0,0.0
2024-09-17 00:00:00-04:00,433.3838900790578,434.9786922694464,425.54765628869114,428.38287353515625,18874200,0.0,0.0
2024-09-18 00:00:00-04:00,428.2351941115192,429.2491750935579,423.71657808226,424.1103515625,18898000,0.0,0.0
2024-09-19 00:00:00-04:00,434.36830593406904,434.63409626466625,430.1056262859268,431.8677978515625,21706600,0.0,0.0
2024-09-20 00:00:00-04:00,430.4206328981448,432.409208323067,427.4672869965637,428.5009460449219,55167100,0.0,0.0
2024-09-23 00:00:00-04:00,427.52635570448473,429.6724465370328,423.6968661035608,426.7683410644531,15128900,0.0,0.0
2024-09-24 00:00:00-04:00,426.26624401276456,426.6108070315339,419.4735546779715,422.4958190917969,17015800,0.0,0.0
2024-09-25 00:00:00-04:00,423.1455340479856,426.38437839634133,421.9051492250097,425.39007568359375,13396400,0.0,0.0
2024-09-26 00:00:00-04:00,428.3237537072511,428.53047950890726,422.45644824495844,424.6025390625,14492000,0.0,0.0
2024-09-27 00:00:00-04:00,424.8093096047705,425.1341945131492,420.82230422369577,421.3637390136719,14896100,0.0,0.0
2024-09-30 00:00:00-04:00,421.5507517579481,423.7264049247719,418.7549211722127,423.6082458496094,16807300,0.0,0.0
2024-10-01 00:00:00-04:00,421.78703621784,421.81656847562806,412.2969368087723,414.147705078125,19092900,0.0,0.0
2024-10-02 00:00:00-04:00,416.0083553062398,416.24464344442003,410.22964573183543,410.64312744140625,16582300,0.0,0.0
2024-10-03 00:00:00-04:00,411.1353624953208,413.0254873918148,407.8473070657378,410.06231689453125,13686400,0.0,0.0
2024-10-04 00:00:00-04:00,411.7357819472086,413.2223089798081,408.5166457695598,409.5896911621094,19169700,0.0,0.0
2024-10-07 00:00:00-04:00,409.5306419831522,410.6233655735784,402.6395013728588,403.1711120605469,20919800,0.0,0.0
2024-10-08 00:00:00-04:00,404.50993429186275,409.19591936395466,401.82240877121177,408.26068115234375,19229300,0.0,0.0
2024-10-09 00:00:00-04:00,409.39277177231503,413.8424985783194,407.8570343920262,410.9678955078125,14974300,0.0,0.0
2024-10-10 00:00:00-04:00,408.77260867644156,410.8596349305785,406.72493873590105,409.37310791015625,13848400,0.0,0.0
2024-10-11 00:00:00-04:00,409.66850956364067,410.64310419410805,406.82343830885475,409.845703125,14144900,0.0,0.0
2024-10-14 00:00:00-04:00,411.27310627026066,417.4456186019399,411.02699410502277,412.621826171875,16653100,0.0,0.0
2024-10-15 00:00:00-04:00,415.61450241094855,415.90985501650863,408.80213492837686,412.2279968261719,18900200,0.0,0.0
2024-10-16 00:00:00-04:00,408.71356498849764,409.8850312589263,404.09649835161355,409.6487731933594,15508900,0.0,0.0
2024-10-17 00:00:00-04:00,415.7918084502776,415.92964571209797,409.12710044570633,410.2395324707031,14820000,0.0,0.0
2024-10-18 00:00:00-04:00,410.6529471112624,413.12389293089865,409.78662744422246,411.6570739746094,17145300,0.0,0.0
2024-10-21 00:00:00-04:00,409.6488187127166,412.4446496235521,407.3156799270225,412.2674560546875,14206100,0.0,0.0
2024-10-22 00:00:00-04:00,411.9818876442807,423.8838676895073,411.5389037972299,420.86163330078125,25482200,0.0,0.0
2024-10-23 00:00:00-04:00,424.1595460644349,424.37612597688815,415.95910173602493,417.9969177246094,19654400,0.0,0.0
2024-10-24 00:00:00-04:00,418.71552307399537,419.3554387186423,415.8310957950025,418.1248779296875,13581600,0.0,0.0
2024-10-25 00:00:00-04:00,420.1233007480341,425.79370434385993,419.9362531076575,421.4916687011719,16899100,0.0,0.0
2024-10-28 00:00:00-04:00,424.9471252042487,425.2227696357769,419.670464602579,419.9559631347656,14882400,0.0,0.0
2024-10-29 00:00:00-04:00,421.3440208086144,426.43363353122214,419.17822176857095,425.23260498046875,17644100,0.0,0.0
2024-10-30 00:00:00-04:00,430.6372663836306,431.68077966192817,425.3803136298507,425.8036193847656,29749100,0.0,0.0
2024-10-31 00:00:00-04:00,408.90056227484143,409.6881391925744,399.981460227055,400.03070068359375,53971000,0.0,0.0
2024-11-01 00:00:00-04:00,402.6493843637014,409.0384470027673,401.162857168779,403.98822021484375,24230400,0.0,0.0
2024-11-04 00:00:00-05:00,403.42703719981586,404.0374205874987,399.26283871579096,402.1078796386719,19672300,0.0,0.0
2024-11-05 00:00:00-05:00,402.019305938334,408.4477546696806,401.73380740675793,405.0612487792969,17626000,0.0,0.0
2024-11-06 00:00:00-05:00,406.0063586804049,413.91148078515863,404.13588205792996,413.6456604003906,26681800,0.0,0.0
2024-11-07 00:00:00-05:00,414.72850912180576,420.21189508853655,413.3502870767265,418.81396484375,19901800,0.0,0.0
2024-11-08 00:00:00-05:00,418.7057298172818,419.8673720771894,415.2207729945687,415.9689636230469,16891400,0.0,0.0
2024-11-11 00:00:00-05:00,415.94927334689254,418.20366938728347,409.5306783384117,411.5094299316406,24503300,0.0,0.0
2024-11-12 00:00:00-05:00,411.7456911405818,417.8394313280264,410.7120319666306,416.45135498046875,19401200,0.0,0.0
2024-11-13 00:00:00-05:00,415.0829808583345,422.6533640239858,411.7062988498683,418.5876159667969,21502200,0.0,0.0
2024-11-14 00:00:00-05:00,418.3906594438851,421.5113747579457,413.4684163916041,420.25128173828125,30246900,0.0,0.0
2024-11-15 00:00:00-05:00,413.2912534776132,416.2248913266483,407.2073678244848,408.54620361328125,28247600,0.0,0.0
2024-11-18 00:00:00-05:00,408.41819885611204,411.89330132284374,405.69128696291637,409.29437255859375,24727000,0.0,0.0
2024-11-19 00:00:00-05:00,406.6855735772408,411.4404774532615,405.149836063281,411.2928161621094,18133500,0.0,0.0
2024-11-20 00:00:00-05:00,410.38713903081657,410.8006207181085,404.19494808048387,409.0285949707031,19191700,0.0,0.0
2024-11-21 00:00:00-05:00,413.80284233986384,414.0790385036892,404.71793020151534,407.26287841796875,20780200,0.83,0.0
2024-11-22 00:00:00-05:00,405.7832773797643,411.73138418459337,405.4774898240383,411.3368225097656,24814600,0.0,0.0
2024-11-25 00:00:00-05:00,412.69804256956826,415.36135617252853,409.2159842267064,413.10247802734375,27691100,0.0,0.0
2024-11-26 00:00:00-05:00,413.89166578168545,423.2133401022422,413.1617251409629,422.1775817871094,23458900,0.0,0.0
2024-11-27 00:00:00-05:00,419.33668746447955,421.4279216336492,416.28865548862075,417.2454833984375,18332400,0.0,0.0
2024-11-29 00:00:00-05:00,414.384847961252,419.10980447039015,412.1259395107062,417.7090759277344,16271900,0.0,0.0
2024-12-02 00:00:00-05:00,415.84474493949193,427.1195090506518,415.58826631722377,425.126953125,20207200,0.0,0.0
2024-12-03 00:00:00-05:00,424.00241788094525,426.5967051479557,421.93093157664276,425.3439636230469,18302000,0.0,0.0
2024-12-04 00:00:00-05:00,427.1490673141917,433.69890467425466,426.75450568960144,431.4794616699219,26009400,0.0,0.0
2024-12-05 00:00:00-05:00,431.9726738856543,438.62112911545074,430.24644042721326,436.60882568359375,21697800,0.0,0.0
2024-12-06 00:00:00-05:00,436.2931878578621,440.04159877439776,435.7703869006791,437.54595947265625,18821000,0.0,0.0
2024-12-09 00:00:00-05:00,436.5891705079944,442.2413336019405,434.51768404131514,439.96270751953125,19144400,0.0,0.0
2024-12-10 00:00:00-05:00,438.3548667232301,443.5138201555157,435.60274857576576,437.3092346191406,18469500,0.0,0.0
2024-12-11 00:00:00-05:00,438.019420871054,444.2338797106506,438.019420871054,442.892333984375,19200200,0.0,0.0
2024-12-12 00:00:00-05:00,443.0106586987936,449.96493127669913,443.0106586987936,443.4545593261719,20834800,0.0,0.0
2024-12-13 00:00:00-05:00,442.34980235220513,445.2991859531554,439.5286279530639,441.1956787109375,20177800,0.0,0.0
2024-12-16 00:00:00-05:00,441.19569319284585,446.039014950384,439.23272866925197,445.45703125,23598800,0.0,0.0
2024-12-17 00:00:00-05:00,444.8849575716068,449.1068307764244,443.4645114369834,448.2880859375,22733500,0.0,0.0
2024-12-18 00:00:00-05:00,445.19070178831043,446.50262602359174,431.08488976149135,431.44989013671875,24444500,0.0,0.0
2024-12-19 00:00:00-05:00,435.6224481744677,437.1612597390131,430.39443838506674,431.09478759765625,22963700,0.0,0.0
2024-12-20 00:00:00-05:00,427.22800034083093,437.7136411325363,422.80886164173944,430.6706237792969,64263700,0.0,0.0
2024-12-23 00:00:00-05:00,430.80871372187636,431.70635881030796,426.9518110200716,429.3389587402344,19152500,0.0,0.0
2024-12-24 00:00:00-05:00,428.74709084992185,433.6298778354008,428.2933464556966,433.363525390625,7164500,0.0,0.0
2024-12-26 00:00:00-05:00,433.1169536147247,434.9517090842379,430.70024449975995,432.1601257324219,8194200,0.0,0.0
2024-12-27 00:00:00-05:00,428.69777768381334,429.30935275325726,420.5598195240772,424.68304443359375,18117700,0.0,0.0
2024-12-30 00:00:00-05:00,420.27376177490316,421.7435167493127,416.17025429217676,419.0604553222656,13158700,0.0,0.0
2024-12-31 00:00:00-05:00,420.313230174155,420.9346790911402,414.94710727917607,415.77569580078125,13246500,0.0,0.0
2025-01-02 00:00:00-05:00,419.7509810335182,420.2836558558519,409.21603069875914,412.8953552246094,16896500,0.0,0.0
2025-01-03 00:00:00-05:00,415.3614253792587,418.2713743539731,413.8423613323132,417.6006164550781,16662900,0.0,0.0
2025-01-06 00:00:00-05:00,422.1874160873605,428.4215926337743,419.7016505493917,422.0394592285156,20573600,0.0,0.0
2025-01-07 00:00:00-05:00,423.17378285894296,424.80136831085315,415.0851344087357,416.6338195800781,18139100,0.0,0.0
2025-01-08 00:00:00-05:00,417.7091221666062,421.1714636571387,415.81521390570896,418.794189453125,15054600,0.0,0.0
2025-01-10 00:00:00-05:00,418.86316848876044,418.94206877538755,409.3836648034606,413.26031494140625,20201100,0.0,0.0
2025-01-13 00:00:00-05:00,409.6007014640922,412.8164377086338,406.690782868284,411.52423095703125,17604800,0.0,0.0
2025-01-14 00:00:00-05:00,412.1358545569882,414.039636623884,405.1421451756978,410.0249328613281,16935900,0.0,0.0
2025-01-15 00:00:00-05:00,413.43790279096226,422.3353935398116,412.5895665870108,420.5203857421875,19637800,0.0,0.0
2025-01-16 00:00:00-05:00,422.87788427352234,423.6571336957602,418.6264203199314,418.8138122558594,15300000,0.0,0.0
2025-01-17 00:00:00-05:00,428.1947398206691,428.57945778773313,422.35515456567043,423.2034606933594,26197500,0.0,0.0
2025-01-21 00:00:00-05:00,424.3575582513444,425.0480336398343,419.82002384260585,422.6806335449219,26085700,0.0,0.0
2025-01-22 00:00:00-05:00,431.6175824572203,441.1957044539868,430.0787709144918,440.1402587890625,27803800,0.0,0.0
2025-01-23 00:00:00-05:00,435.9972845633218,440.68277574358376,435.50407496539947,440.643310546875,18389300,0.0,0.0
2025-01-24 00:00:00-05:00,439.1143333960219,440.5840882328261,435.4053879197608,438.0292663574219,15549500,0.0,0.0
2025-01-27 00:00:00-05:00,418.2516146753107,429.28964793288844,417.74853125025015,428.6583251953125,35647800,0.0,0.0
2025-01-28 00:00:00-05:00,428.6978201786795,442.29067649663904,425.5215489294809,441.126708984375,23491700,0.0,0.0
2025-01-29 00:00:00-05:00,440.6235877197962,440.81100977301065,434.41900262341227,436.3227844238281,23581400,0.0,0.0
2025-01-30 00:00:00-05:00,413.08272804700266,417.11717867451154,407.548931179693,409.35406494140625,54586300,0.0,0.0
2025-01-31 00:00:00-05:00,413.28996411007114,414.97673266362114,409.2752303832896,409.4231872558594,34161900,0.0,0.0
2025-02-03 00:00:00-05:00,406.01014380943144,409.7683985075356,403.1100689884043,405.3393859863281,25679100,0.0,0.0
2025-02-04 00:00:00-05:00,407.0853452090854,408.29865167160733,404.1753965052981,406.7696838378906,20532100,0.0,0.0
2025-02-05 00:00:00-05:00,406.74994863541014,408.20982973334895,404.82641922275565,407.67718505859375,16316700,0.0,0.0
2025-02-06 00:00:00-05:00,408.37759172263367,412.52056483933194,408.37759172263367,410.1728820800781,16309800,0.0,0.0
2025-02-07 00:00:00-05:00,410.82388435232116,412.96439718513943,402.5576865372201,404.1852722167969,22886800,0.0,0.0
2025-02-10 00:00:00-05:00,408.0915202610308,409.81775403639836,405.3394320876969,406.62176513671875,20817900,0.0,0.0
2025-02-11 00:00:00-05:00,404.0767525043344,406.88802298158646,403.74134350470337,405.852294921875,18140600,0.0,0.0
2025-02-12 00:00:00-05:00,401.67976029438313,405.17169274595005,398.8783333348811,403.48492431640625,19121700,0.0,0.0
2025-02-13 00:00:00-05:00,401.4726062482461,405.4182829681306,400.8412835235649,404.96453857421875,23891700,0.0,0.0
2025-02-14 00:00:00-05:00,402.2518556192141,403.35664020130986,400.3677915145921,402.8831481933594,22758500,0.0,0.0
2025-02-18 00:00:00-05:00,402.4590098668831,405.0237056562673,400.9793811541372,404.0767517089844,21423100,0.0,0.0
2025-02-19 00:00:00-05:00,402.34067225656025,409.8473079963777,402.11378500109834,409.1370849609375,24114200,0.0,0.0
2025-02-20 00:00:00-05:00,410.47144681938056,414.4447923675228,407.75335474991726,411.30169677734375,23508700,0.83,0.0
2025-02-21 00:00:00-05:00,412.4976421272199,413.1993956224997,403.15730762956775,403.47357177734375,27524800,0.0,0.0
2025-02-24 00:00:00-05:00,403.77011965609864,404.62012670611466,394.6867476536957,399.31243896484375,26443700,0.0,0.0
2025-02-25 00:00:00-05:00,396.44608593506547,397.25657880262406,392.09714469383994,393.283203125,29387400,0.0,0.0
2025-02-26 00:00:00-05:00,393.3919661639477,398.91710270889797,389.6755831630129,395.0920104980469,19619000,0.0,0.0
2025-02-27 00:00:00-05:00,396.61410618114576,401.03224256641477,387.6197164134029,387.97552490234375,21127400,0.0,0.0
2025-02-28 00:00:00-05:00,388.10398215130573,393.01631660620876,382.0846478468725,392.38372802734375,32845700,0.0,0.0
2025-03-03 00:00:00-05:00,394.1925192721913,394.1925192721913,381.67940898205217,383.98236083984375,23007700,0.0,0.0
2025-03-04 00:00:00-05:00,378.9514723277071,388.02495119005715,376.57932513123166,384.10101318359375,29342900,0.0,0.0
2025-03-05 00:00:00-05:00,384.822503579622,397.0094560898268,384.2986543499986,396.3669738769531,23433100,0.0,0.0
2025-03-06 00:00:00-05:00,389.70514985658184,397.48382905920323,388.12370869732325,392.2848815917969,23304600,0.0,0.0
2025-03-07 00:00:00-05:00,387.76795648683793,390.2191619837315,381.0666253730808,388.7464599609375,22034100,0.0,0.0
2025-03-10 00:00:00-04:00,381.3631423753148,381.91664235119805,372.8431639999478,375.7490539550781,32840100,0.0,0.0
2025-03-11 00:00:00-04:00,374.6024872406928,381.5212666884101,372.5367409966354,376.0356750488281,30380200,0.0,0.0
2025-03-12 00:00:00-04:00,378.5066728711865,380.7503233781215,374.55308456142495,378.82293701171875,24253600,0.0,0.0
2025-03-13 00:00:00-04:00,378.71423026442886,380.8491715851453,373.07049136146827,374.3751525878906,20473000,0.0,0.0
2025-03-14 00:00:00-04:00,375.3734493768336,385.7022111357248,375.10659301872727,384.05157470703125,19952800,0.0,0.0
2025-03-17 00:00:00-04:00,382.2131473268013,388.1533930243756,381.09625384575537,384.18994140625,22474300,0.0,0.0
2025-03-18 00:00:00-04:00,382.57886557924786,382.87537263830677,376.67813379609476,379.0700378417969,19486900,0.0,0.0
2025-03-19 00:00:00-04:00,381.0567525075918,385.1585946525035,379.5445060727477,383.3201904296875,19185500,0.0,0.0
2025-03-20 00:00:00-04:00,381.2642891356356,387.24410971121733,378.8328407062668,382.3515319824219,18470500,0.0,0.0
2025-03-21 00:00:00-04:00,378.77352451177876,387.194656647968,378.3583844724842,386.7202453613281,39675900,0.0,0.0
2025-03-24 00:00:00-04:00,390.81222312553433,390.81222312553433,385.28708673252123,388.5191345214844,21004500,0.0,0.0
2025-03-25 00:00:00-04:00,389.34940942223693,391.7610706609813,388.0842623065983,390.57501220703125,15775000,0.0,0.0
2025-03-26 00:00:00-04:00,390.4168571879551,390.72325787798576,384.0614710304359,385.4452209472656,16108400,0.0,0.0
2025-03-27 00:00:00-04:00,385.6033351411741,387.6888383797828,382.9050004114053,386.048095703125,13766800,0.0,0.0
2025-03-28 00:00:00-04:00,383.5771084434194,384.6149434292676,372.55648752516225,374.40478515625,21632000,0.0,0.0
2025-03-31 00:00:00-04:00,368.2174858935481,372.694923815259,362.9789628551185,371.034423828125,35184700,0.0,0.0
2025-04-01 00:00:00-04:00,370.302940607575,378.4078083047587,368.8994337189865,377.7554626464844,19689500,0.0,0.0
2025-04-02 00:00:00-04:00,373.584455994143,380.61194495123306,372.2501138660857,377.7060852050781,16092600,0.0,0.0
2025-04-03 00:00:00-04:00,370.4413527847735,373.10014336261634,365.0644702169303,368.78082275390625,30198000,0.0,0.0
2025-04-04 00:00:00-04:00,359.90499587925865,370.2436198076782,355.30895597122804,355.6647644042969,49209900,0.0,0.0
2025-04-07 00:00:00-04:00,346.8087713756296,366.6953157485582,340.7894367933375,353.707763671875,50425000,0.0,0.0
2025-04-08 00:00:00-04:00,363.98715955184485,369.31460473132455,346.1861164728992,350.44610595703125,35868900,0.0,0.0
2025-04-09 00:00:00-04:00,349.43791334353114,388.66739600040677,349.00301621371585,385.95916748046875,50199700,0.0,0.0
2025-04-10 00:00:00-04:00,377.627015987976,379.4456631401157,363.5324628545339,376.9252624511719,38024400,0.0,0.0
2025-04-11 00:00:00-04:00,376.22346214057205,385.52425170247653,374.49376732812806,383.9428405761719,23839200,0.0,0.0
2025-04-14 00:00:00-04:00,388.6575350248574,390.07093573374146,379.75206690221165,383.310302734375,19251200,0.0,0.0
2025-04-15 00:00:00-04:00,384.00213704858294,387.342923812398,379.7026039659422,381.25439453125,17199900,0.0,0.0
2025-04-16 00:00:00-04:00,376.25312290658945,377.1821883945702,363.7301188576812,367.2982177734375,21967800,0.0,0.0
2025-04-17 00:00:00-04:00,369.41339637295704,369.9767899290697,362.6330071079686,363.5126647949219,21120200,0.0,0.0
2025-04-21 00:00:00-04:00,358.6102676210093,360.2510105389955,351.5432339047138,354.95318603515625,20807300,0.0,0.0
2025-04-22 00:00:00-04:00,359.1637239988867,363.5027713530303,355.6845470865514,362.5638122558594,19485000,0.0,0.0
2025-04-23 00:00:00-04:00,371.6966268435602,375.9764033603888,368.69189108581185,370.0460205078125,20545500,0.0,0.0
2025-04-24 00:00:00-04:00,371.34077108557176,383.9428330432701,370.8366789549492,382.80615234375,22232300,0.0,0.0
2025-04-25 00:00:00-04:00,382.5096738423667,387.60980644654984,380.1375268589871,387.30340576171875,18973200,0.0,0.0
2025-04-28 00:00:00-04:00,387.41207393108834,388.1830223731202,382.15382489328533,386.6213684082031,16579400,0.0,0.0
2025-04-29 00:00:00-04:00,386.75975859738145,390.51568553400665,385.85045019118235,389.4679870605469,14974000,0.0,0.0
2025-04-30 00:00:00-04:00,385.7713871677669,392.0576085897077,379.97939447353656,390.6738586425781,36461100,0.0,0.0
2025-05-01 00:00:00-04:00,426.1078192756201,431.91959850384194,419.96988230696996,420.4640808105469,58938100,0.0,0.0
2025-05-02 00:00:00-04:00,426.7305579775838,434.3412277785372,425.0008630376841,430.2294921875,30757400,0.0,0.0
2025-05-05 00:00:00-04:00,427.84749353573557,434.40057183462085,427.0963020072091,431.1092224121094,20136100,0.0,0.0
2025-05-06 00:00:00-04:00,427.18524232094876,432.65107712392626,426.1671945058241,428.2823486328125,15104200,0.0,0.0
2025-05-07 00:00:00-04:00,428.8062349042475,433.0365736868333,426.1078997065336,428.3219299316406,23295300,0.0,0.0
2025-05-08 00:00:00-04:00,432.8486712020885,438.5220902341454,430.6050209734122,433.0859069824219,23491300,0.0,0.0
2025-05-09 00:00:00-04:00,434.8946881691784,435.6260923106028,430.82249727884243,433.6394348144531,15324200,0.0,0.0
2025-05-12 00:00:00-04:00,440.7657862582039,444.15598092637396,434.6772567640601,444.0472717285156,22821900,0.0,0.0
2025-05-13 00:00:00-04:00,442.5844751269483,445.4409573721911,440.19254074927665,443.9287109375,23618800,0.0,0.0
2025-05-14 00:00:00-04:00,442.94024625817593,448.6333924695745,442.94024625817593,447.6845397949219,19902800,0.0,0.0
2025-05-15 00:00:00-04:00,446.3576953837484,451.7246558325709,446.0210270484144,448.6946105957031,21992300,0.83,0.0
2025-05-16 00:00:00-04:00,447.6251542704443,449.91254071320964,444.3376746324017,449.82342529296875,23849800,0.0,0.0
2025-05-19 00:00:00-04:00,446.46660651740484,455.0913410046994,446.3873726676465,454.3783874511719,21336500,0.0,0.0
2025-05-20 00:00:00-04:00,451.13050930908776,453.8535912700005,449.87295142774695,453.6852722167969,15441800,0.0,0.0
2025-05-21 00:00:00-04:00,450.12052955644793,453.2991005803846,447.38753565613104,448.1401062011719,19216900,0.0,0.0
2025-05-22 00:00:00-04:00,450.4967994491365,455.74490907390424,449.4570590917957,450.40765380859375,18025600,0.0,0.0
2025-05-23 00:00:00-04:00,445.5754438212613,449.2491205375805,444.51591011589574,445.7734680175781,16883500,0.0,0.0
2025-05-27 00:00:00-04:00,452.0118507212909,456.43809825868186,451.6553587930952,456.1806335449219,20974300,0.0,0.0
2025-05-28 00:00:00-04:00,456.70544210957024,457.9927052337918,452.45742544945836,452.8832092285156,17086300,0.0,0.0
2025-05-29 00:00:00-04:00,457.0321797296883,457.2005290082406,450.8532686393741,454.1902770996094,13974800,0.0,0.0
2025-05-30 00:00:00-04:00,455.22010105843367,457.16090743162863,451.081023612945,455.85382080078125,34770500,0.0,0.0
2025-06-02 00:00:00-04:00,452.6653804963421,457.5867035205711,452.41782757710985,457.4480895996094,16626500,0.0,0.0
2025-06-03 00:00:00-04:00,456.95294554827,459.59682380087423,456.3489007620485,458.4382629394531,15743800,0.0,0.0
2025-06-04 00:00:00-04:00,459.4582001214203,461.1316602074749,458.48778183720145,459.3294677734375,14162700,0.0,0.0
2025-06-05 00:00:00-04:00,460.4088263203011,465.0529216385449,459.4879366863286,463.1022033691406,20131700,0.0,0.0
2025-06-06 00:00:00-04:00,465.4885869985769,468.7067748339504,464.19141216551986,465.7757568359375,15285600,0.0,0.0
2025-06-09 00:00:00-04:00,465.1023948212888,468.79586470326865,464.032949384032,468.1225280761719,16469900,0.0,0.0
2025-06-10 00:00:00-04:00,466.57783210788693,468.172058367284,462.38922592870773,466.31048583984375,15375900,0.0,0.0
2025-06-11 00:00:00-04:00,465.41924870930376,470.81591405576256,465.0627870357861,467.9938049316406,16399200,0.0,0.0
2025-06-12 00:00:00-04:00,470.37032681118086,475.7174938929388,468.88500933710617,474.1826477050781,18950600,0.0,0.0
2025-06-13 00:00:00-04:00,471.74673205457395,474.48960742449077,468.13246560456287,470.3109130859375,16814500,0.0,0.0
2025-06-16 00:00:00-04:00,470.5584575569121,475.98482813726486,470.3505215770748,474.45001220703125,15626100,0.0,0.0
2025-06-17 00:00:00-04:00,470.74663593423935,474.0539393845567,469.4395492382731,473.3608093261719,15414100,0.0,0.0
2025-06-18 00:00:00-04:00,473.3211811212961,476.291816149254,469.8158233270243,475.53924560546875,17526500,0.0,0.0
2025-06-20 00:00:00-04:00,477.5097592999014,478.7277002496467,472.2022093150259,472.7270202636719,37576200,0.0,0.0
2025-06-23 00:00:00-04:00,473.52910172023695,482.97572926336846,467.8849134818946,481.24285888671875,24864000,0.0,0.0
2025-06-24 00:00:00-04:00,484.1640031375646,487.0356109071577,482.0350238939456,485.3126220703125,22305600,0.0,0.0
2025-06-25 00:00:00-04:00,487.2237477118272,489.71907018583636,484.59969288856837,487.45147705078125,17495100,0.0,0.0
2025-06-26 00:00:00-04:00,488.15453290095326,493.1650012559548,487.9861836300842,492.5807800292969,21578900,0.0,0.0
2025-06-27 00:00:00-04:00,492.6797975508017,494.4126679494895,488.2040517426954,491.0855712890625,34539200,0.0,0.0
2025-06-30 00:00:00-04:00,492.17479474651304,495.8583832017286,490.4815111095117,492.5411682128906,28369000,0.0,0.0
2025-07-01 00:00:00-04:00,491.61036068604886,493.1748817381986,486.1741086010328,487.2336120605469,19945400,0.0,0.0
2025-07-02 00:00:00-04:00,485.1938116448169,488.66946431331223,483.9164603345879,486.2830505371094,16319600,0.0,0.0
2025-07-03 00:00:00-04:00,488.9764203666982,495.2345653483035,488.6100468852986,493.9571838378906,13984800,0.0,0.0
2025-07-07 00:00:00-04:00,492.51147619590915,493.86806132382594,490.38252718836065,492.84814453125,13981600,0.0,0.0
2025-07-08 00:00:00-04:00,492.37283752871576,493.3234624825612,489.27347018920887,491.7589111328125,11846600,0.0,0.0
2025-07-09 00:00:00-04:00,495.40288075164045,501.8194631786975,494.8483646402868,498.58148193359375,18659500,0.0,0.0
2025-07-10 00:00:00-04:00,498.12592881176073,499.50233742843255,492.877819466512,496.5713195800781,16492100,0.0,0.0
2025-07-11 00:00:00-04:00,493.5907782355643,500.0865639242522,492.9273231662245,498.393310546875,16459500,0.0,0.0
2025-07-14 00:00:00-04:00,496.6109349689791,499.0369655948213,496.1257409313552,498.09625244140625,12058800,0.0,0.0
2025-07-15 00:00:00-04:00,498.0962552049,503.3245715280963,497.8685258646023,500.8688659667969,14927200,0.0,0.0
2025-07-16 00:00:00-04:00,500.23514183467364,501.760076321519,496.97736708309617,500.67083740234375,15154400,0.0,0.0
2025-07-17 00:00:00-04:00,500.7302212088446,508.34495123446135,500.67081092720053,506.6913146972656,17503100,0.0,0.0
2025-07-18 00:00:00-04:00,509.4440643876484,509.6025320949179,502.4630844244223,505.05743408203125,21209700,0.0,0.0
2025-07-21 00:00:00-04:00,501.75013722027745,507.0775109565722,500.6014880788464,505.0673522949219,14066800,0.0,0.0
2025-07-22 00:00:00-04:00,505.96840625923335,506.19616579872985,500.3241882324219,500.3241882324219,13868600,0.0,0.0
2025-07-23 00:00:00-04:00,501.78975657062705,501.82937349813983,495.7989881406536,500.9183654785156,16396600,0.0,0.0
2025-07-24 00:00:00-04:00,503.79000158856684,508.6420329312165,502.33438916388565,505.8793640136719,16107000,0.0,0.0
2025-07-25 00:00:00-04:00,507.4537578741833,513.216797186473,505.3644257046499,508.6816711425781,19125700,0.0,0.0
2025-07-28 00:00:00-04:00,509.0480107678364,509.9589885432546,505.12675096242896,507.48345947265625,14308000,0.0,0.0
2025-07-29 00:00:00-04:00,510.48381297361453,512.5533213636355,506.55264151082275,507.5527648925781,16469200,0.0,0.0
2025-07-30 00:00:00-04:00,510.12731827097724,510.89971236727115,504.4534248625209,508.2162170410156,26380400,0.0,0.0
2025-07-31 00:00:00-04:00,549.795171976257,550.0130499577134,526.6935786680993,528.2778930664062,51617300,0.0,0.0
2025-08-01 00:00:00-04:00,529.7632164041114,530.5553736121248,515.7616096000787,518.9797973632812,28977600,0.0,0.0
2025-08-04 00:00:00-04:00,523.0991177691142,532.981410508703,522.960473635689,530.39697265625,25349000,0.0,0.0
2025-08-05 00:00:00-04:00,531.9219176627233,532.0407382325785,522.0792108748774,522.584228515625,19171600,0.0,0.0
2025-08-06 00:00:00-04:00,525.70337986457,526.4955370830186,518.9006307843745,519.8016967773438,21355700,0.0,0.0
2025-08-07 00:00:00-04:00,521.6434435727333,522.9208551796034,512.483986539974,515.7418212890625,16079100,0.0,0.0
2025-08-08 00:00:00-04:00,517.4846309027208,519.5244646686413,514.3258530361145,516.9301147460938,15531000,0.0,0.0
2025-08-11 00:00:00-04:00,517.1875004407061,522.4257584225397,514.6327376205326,516.6627197265625,20194400,0.0,0.0
2025-08-12 00:00:00-04:00,518.623257971221,525.782467566966,517.5835480141434,524.0595092773438,18667000,0.0,0.0
2025-08-13 00:00:00-04:00,526.9014833945702,527.4857348349631,514.2861971986356,515.484375,19619200,0.0,0.0
2025-08-14 00:00:00-04:00,517.4449565045493,520.8017882377586,515.0486614235291,517.36572265625,20269100,0.0,0.0
2025-08-15 00:00:00-04:00,517.6529556536844,520.9503168823401,513.9990723038397,515.078369140625,25213300,0.0,0.0
2025-08-18 00:00:00-04:00,516.4844919382945,517.7024328589179,508.9885829187347,512.0383911132812,23760600,0.0,0.0
2025-08-19 00:00:00-04:00,509.9589996924715,510.11740696385556,503.5721224631474,504.7801818847656,21481000,0.0,0.0
2025-08-20 00:00:00-04:00,504.87920872605446,505.9981527246316,499.5023667236012,500.76983642578125,27723000,0.0,0.0
2025-08-21 00:00:00-04:00,499.57962247206007,503.48747238505433,498.6175369804135,500.1251220703125,18443300,0.83,0.0
2025-08-22 00:00:00-04:00,500.1350363394598,506.56216679087737,498.310055406757,503.0907287597656,24324200,0.0,0.0
2025-08-25 00:00:00-04:00,502.4956437530773,504.04291093011733,500.00611695670057,500.1449890136719,21638600,0.0,0.0
2025-08-26 00:00:00-04:00,500.2441598895975,500.85912581033193,494.4419229807315,497.943115234375,30835700,0.0,0.0
2025-08-27 00:00:00-04:00,497.90339657266526,503.1502356611414,495.82052770460996,502.6047058105469,17277900,0.0,0.0
2025-08-28 00:00:00-04:00,502.95187030654046,506.91922816363694,501.3748491905692,505.4810791015625,18015600,0.0,0.0
2025-08-29 00:00:00-04:00,504.5090702372647,505.44140176386463,500.3730863144936,502.5551452636719,20961600,0.0,0.0
2025-09-02 00:00:00-04:00,496.3859077753076,501.87077891116434,492.75577163159113,500.9979553222656,18128000,0.0,0.0
2025-09-03 00:00:00-04:00,499.67883751509856,503.6461955733364,498.2208322179546,501.2261047363281,16345100,0.0,0.0
2025-09-04 00:00:00-04:00,500.1846427841772,504.00323087503085,499.0440334241921,503.82470703125,15509500,0.0,0.0
2025-09-05 00:00:00-04:00,504.9156980825419,507.7920263313322,488.3519677503994,490.96051025390625,31994800,0.0,0.0
2025-09-08 00:00:00-04:00,494.0451377441344,497.1099483047291,490.990285532587,494.1344299316406,16771000,0.0,0.0
2025-09-09 00:00:00-04:00,497.33802599365555,498.15134157087306,493.6384843818268,494.3426818847656,14410500,0.0,0.0
2025-09-10 00:00:00-04:00,498.8754294126598,499.1233892811019,492.66650462093776,496.2867126464844,21611800,0.0,0.0
2025-09-11 00:00:00-04:00,498.15141065447875,499.0639163525314,493.81707669294536,496.9215393066406,18881600,0.0,0.0
2025-09-12 00:00:00-04:00,502.5154742767582,508.367321245748,499.73833579713096,505.73895263671875,23624900,0.0,0.0
2025-09-15 00:00:00-04:00,504.6379958107742,511.26344571936806,502.8625947427051,511.15435791015625,17143800,0.0,0.0
2025-09-16 00:00:00-04:00,512.6619733694059,513.0090929577493,504.449544036503,504.8859558105469,19711900,0.0,0.0
2025-09-17 00:00:00-04:00,506.4530503919847,507.1175961354426,501.80132099339164,505.8579406738281,15816600,0.0,0.0
2025-09-18 00:00:00-04:00,507.31598208941665,508.88310546808697,503.51725007824297,504.3008117675781,18913700,0.0,0.0
2025-09-19 00:00:00-04:00,506.39357782967863,515.0622454615835,506.1456179521661,513.7034301757812,52474100,0.0,0.0
2025-09-22 00:00:00-04:00,511.38257317258103,513.5149918534414,508.3574141571104,510.2518615722656,20009300,0.0,0.0
2025-09-23 00:00:00-04:00,509.6071466116137,510.3907385966617,503.17011764420596,505.074462890625,19799600,0.0,0.0
2025-09-24 00:00:00-04:00,506.215041937542,508.29788064425674,502.7832857896144,505.9869079589844,13533700,0.0,0.0
2025-09-25 00:00:00-04:00,504.15198973027213,505.84805701475193,500.9186136455738,502.8923645019531,15786500,0.0,0.0
2025-09-26 00:00:00-04:00,505.8976246789574,509.74596656687834,502.4856945681329,507.28619384765625,16213100,0.0,0.0
2025-09-29 00:00:00-04:00,507.32580454682284,512.6321206141573,504.72719041048674,510.4004821777344,17617800,0.0,0.0
2025-09-30 00:00:00-04:00,509.05168089535164,513.9315141469417,505.5009089039439,513.7232666015625,19728200,0.0,0.0
2025-10-01 00:00:00-04:00,510.5989672146665,516.262392605391,507.5143608700387,515.4689331054688,22632300,0.0,0.0
2025-10-02 00:00:00-04:00,513.4158303625842,517.343476169315,506.5126054199375,511.53131103515625,21222900,0.0,0.0
2025-10-03 00:00:00-04:00,512.8800919259904,516.2424417743944,510.7972535535121,513.1280517578125,15112300,0.0,0.0
2025-10-06 00:00:00-04:00,514.377848960065,526.6965386672223,513.9712214168786,524.256591796875,21388600,0.0,0.0
2025-10-07 00:00:00-04:00,523.9788048028778,525.4764919541412,517.1847292577561,519.7039794921875,14615200,0.0,0.0
2025-10-08 00:00:00-04:00,519.0097599169904,522.6497936321297,518.8213080060119,520.56689453125,13363400,0.0,0.0
2025-10-09 00:00:00-04:00,518.0775159721064,520.051267062254,513.1778259959292,518.1370239257812,18343600,0.0,0.0
2025-10-10 00:00:00-04:00,515.3994727403434,519.3073226434543,505.47115003636685,506.790283203125,24133800,0.0,0.0
2025-10-13 00:00:00-04:00,512.1957680051081,512.1957680051081,507.50438692257717,509.85504150390625,14284200,0.0,0.0
2025-10-14 00:00:00-04:00,506.0662879637401,511.07509568876407,501.87079590760095,509.3790283203125,14684300,0.0,0.0
2025-10-15 00:00:00-04:00,510.75765569343554,512.9694382549203,505.838110317394,509.2401123046875,14694700,0.0,0.0
2025-10-16 00:00:00-04:00,508.3970827878481,512.6321960787722,503.9833851231019,507.4349670410156,15559600,0.0,0.0
2025-10-17 00:00:00-04:00,504.8859867353243,511.2734052578957,503.1700935064365,509.3889465332031,19867800,0.0,0.0
2025-10-20 00:00:00-04:00,510.41049011219013,514.4671401409408,509.2401268135401,512.5726928710938,14665600,0.0,0.0
2025-10-21 00:00:00-04:00,513.2769402267872,514.4572316509175,508.8533142722573,513.4356079101562,15586200,0.0,0.0
2025-10-22 00:00:00-04:00,516.8972434708678,520.9439055438886,513.4853127480494,516.2921752929688,18962700,0.0,0.0
2025-10-23 00:00:00-04:00,518.1964698863214,519.6743010066873,514.3778516149157,516.3119506835938,14023500,0.0,0.0
2025-10-24 00:00:00-04:00,518.5237205252405,521.0628270774097,516.4607380708425,519.3370361328125,15532400,0.0,0.0
2025-10-27 00:00:00-04:00,527.4404441110845,530.2175826339089,524.6930292943027,527.1825561523438,18734700,0.0,0.0
2025-10-28 00:00:00-04:00,545.511702993095,549.2013167264516,536.3570441492753,537.6464233398438,29986700,0.0,0.0
2025-10-29 00:00:00-04:00,540.4930267482002,541.8121902511471,532.3500025514267,537.1306762695312,36023000,0.0,0.0
2025-10-30 00:00:00-04:00,526.1509968235328,530.6043464776645,517.8592331602406,521.4695434570312,41023100,0.0,0.0
2025-10-31 00:00:00-04:00,524.5640198650095,525.0004316167937,510.896444053691,513.5843505859375,34006400,0.0,0.0
2025-11-03 00:00:00-05:00,515.5680732671589,520.6760707602963,510.3907002836433,512.810791015625,22374700,0.0,0.0
2025-11-04 00:00:00-05:00,507.5837777929312,511.3428275978434,503.6957537451755,510.1328125,20958700,0.0,0.0
2025-11-05 00:00:00-05:00,509.11117977922714,510.6287232020861,502.4460174356622,503.02130126953125,23024300,0.0,0.0
2025-11-06 00:00:00-05:00,501.5335702984596,501.5732523540539,491.7639450704796,493.0434265136719,27406500,0.0,0.0
2025-11-07 00:00:00-05:00,492.89463000746537,495.30479262227396,489.2248119110569,492.76568603515625,24019800,0.0,0.0
2025-11-10 00:00:00-05:00,495.95940345274505,502.7138276367279,494.72950196106785,501.8707580566406,26101500,0.0,0.0
2025-11-11 00:00:00-05:00,500.68052783078934,505.4413752147788,498.25053940940643,504.52886962890625,17980000,0.0,0.0
2025-11-12 00:00:00-05:00,505.2033686484966,507.4945458106546,495.0469415436793,506.9688720703125,26574900,0.0,0.0
2025-11-13 00:00:00-05:00,506.1455630365654,509.309533151825,497.1991825232493,499.182861328125,25273100,0.0,0.0
2025-11-14 00:00:00-05:00,494.16416907736203,507.42505738590404,493.38060745410195,506.0166320800781,28505700,0.0,0.0
2025-11-17 00:00:00-05:00,504.300789978241,507.94082387806293,500.7896697837805,503.3486022949219,19092800,0.0,0.0
2025-11-18 00:00:00-05:00,491.3275301094218,498.87544447228873,482.8076324047851,489.76043701171875,33815100,0.0,0.0
2025-11-19 00:00:00-05:00,486.1005289347495,491.14898819063853,478.88983663624714,483.14483642578125,23245300,0.0,0.0
2025-11-20 00:00:00-05:00,489.60385435710714,490.45844852333465,472.50235794747454,475.41387939453125,26802500,0.91,0.0
2025-11-21 00:00:00-05:00,475.4834301610789,475.9007957312625,465.3179114267742,469.1436462402344,31769200,0.0,0.0
2025-11-24 00:00:00-05:00,472.0055061050608,473.89352206444323,465.0694984877541,471.0118103027344,34421000,0.0,0.0
2025-11-25 00:00:00-05:00,471.08136597664605,476.12932719889915,461.9592459889855,473.9829406738281,28019800,0.0,0.0
2025-11-26 00:00:00-05:00,483.244222260298,485.23161394332453,478.1664510662567,482.4393310546875,25709100,0.0,0.0
2025-11-28 00:00:00-05:00,484.5260924315005,489.5243812398697,483.5820692635899,488.9082946777344,14386700,0.0,0.0
2025-12-01 00:00:00-05:00,485.3608038657598,486.77183499200703,481.59468809959253,483.6715087890625,23964000,0.0,0.0
2025-12-02 00:00:00-05:00,483.6516286444489,490.38888506208144,483.2541563831954,486.91094970703125,19562700,0.0,0.0
2025-12-03 00:00:00-05:00,473.31720798581483,481.18726202656165,472.20427350128017,474.71832275390625,34615100,0.0,0.0
2025-12-04 00:00:00-05:00,476.7355376297969,478.28570075231454,473.48613274494215,477.8087158203125,22318200,0.0,0.0
2025-12-05 00:00:00-05:00,479.4780948278929,480.35255199911325,475.86105782216015,480.11407470703125,22608700,0.0,0.0
2025-12-08 00:00:00-05:00,481.8331697469475,489.19642891935564,481.3263751862239,487.92449951171875,21965900,0.0,0.0
2025-12-09 00:00:00-05:00,486.01663804004494,489.0175885389743,485.4204144751398,488.918212890625,14696100,0.0,0.0
2025-12-10 00:00:00-05:00,480.97857754952304,481.19719183884354,472.084987996716,475.5430603027344,35756200,0.0,0.0
2025-12-11 00:00:00-05:00,473.6252433732215,482.96597801292137,472.86007818396723,480.422119140625,24669200,0.0,0.0
2025-12-12 00:00:00-05:00,476.79512068758515,479.40854546431024,473.3370484252935,475.51324462890625,21248100,0.0,0.0
2025-12-15 00:00:00-05:00,477.0733420562278,477.6894285774835,469.5411111878212,471.8266296386719,23727700,0.0,0.0
2025-12-16 00:00:00-05:00,468.9350114671635,474.87732355778707,467.911505956298,473.38677978515625,20705600,0.0,0.0
2025-12-17 00:00:00-05:00,473.903466892556,476.9739832708393,472.0055042784347,473.1184387207031,24527200,0.0,0.0
2025-12-18 00:00:00-05:00,475.1754171439269,486.51349034093164,474.87732052138307,480.9289245605469,28573500,0.0,0.0
2025-12-19 00:00:00-05:00,484.2875529363844,484.77448448182145,479.4482594182398,482.8566589355469,70836100,0.0,0.0
2025-12-22 00:00:00-05:00,483.0554234208069,485.64898536737695,479.6470539215635,481.8630065917969,16963000,0.0,0.0
2025-12-23 00:00:00-05:00,481.922585996358,484.75459468390824,481.6840783901604,483.7807922363281,14683600,0.0,0.0
2025-12-24 00:00:00-05:00,482.6181454723109,486.0762176057581,481.77349801821515,484.9433898925781,5855900,0.0,0.0
2025-12-26 00:00:00-05:00,483.6416497095635,485.04276435526947,482.8963778974979,484.6353454589844,8842200,0.0,0.0
2025-12-29 00:00:00-05:00,481.80333660098637,485.27135560420123,481.1276307272214,484.02923583984375,10893400,0.0,0.0
2025-12-30 00:00:00-05:00,482.8666136001516,486.5929730105466,482.43933166580535,484.4068603515625,13944500,0.0,0.0
2025-12-31 00:00:00-05:00,484.7645645601486,485.06269150087525,480.25317705215497,480.5711669921875,15601600,0.0,0.0
2026-01-02 00:00:00-05:00,481.3363251826272,481.6046121327098,467.1960229709088,469.95849609375,25571600,0.0,0.0
2026-01-05 00:00:00-05:00,471.071443053882,473.0687813775576,466.5401924921144,469.86907958984375,25250300,0.0,0.0
2026-01-06 00:00:00-05:00,470.8130789419108,475.7219388392127,466.7886229022075,475.493408203125,23037700,0.0,0.0
2026-01-07 00:00:00-05:00,476.73551614076564,486.6128550141313,474.936929133209,480.422119140625,25564200,0.0,0.0
2026-01-08 00:00:00-05:00,478.20615894860083,479.61722033317443,472.8600706717694,475.09588623046875,18162600,0.0,0.0
2026-01-09 00:00:00-05:00,471.0714211959582,476.7951186190047,469.2231615927928,476.2585144042969,18491000,0.0,0.0
2026-01-12 00:00:00-05:00,473.6649886945649,477.95773148860775,472.68120923483104,474.1717529296875,23519900,0.0,0.0
2026-01-13 00:00:00-05:00,471.68751939768345,472.7805908527595,463.01257439213845,467.70281982421875,28545800,0.0,0.0
2026-01-14 00:00:00-05:00,463.51933114332076,465.2483824443871,454.2879190598576,456.4839782714844,28184300,0.0,0.0
2026-01-15 00:00:00-05:00,461.1940901109254,461.32327541703046,453.02590941718984,453.7811279296875,23225800,0.0,0.0
2026-01-16 00:00:00-05:00,454.94370584966504,460.26993076816973,453.60224086509476,456.9609069824219,34246700,0.0,0.0
2026-01-20 00:00:00-05:00,448.3754483517362,453.92025792216236,446.4476759522066,451.6546325683594,26130000,0.0,0.0
2026-01-21 00:00:00-05:00,449.74673993987386,449.836168925793,435.9144806057656,441.31024169921875,37980500,0.0,0.0
2026-01-22 00:00:00-05:00,444.79810039972057,449.9851935867555,441.89652570286836,448.2959289550781,25349400,0.0,0.0
2026-01-23 00:00:00-05:00,449.02131930234236,468.1301005814363,447.6897705604439,463.0125732421875,38000200,0.0,0.0
2026-01-26 00:00:00-05:00,462.3766075757791,471.2602507862521,459.0874767807031,467.3152770996094,29291200,0.0,0.0
2026-01-27 00:00:00-05:00,470.7136916421546,479.8258647405344,470.1770874429818,477.55029296875,29213900,0.0,0.0
2026-01-28 00:00:00-05:00,480.16374552458444,480.69040309270366,474.9865988275796,478.5937194824219,36875400,0.0,0.0
2026-01-29 00:00:00-05:00,437.21619626544543,439.71038237575016,418.365786117595,430.7671203613281,128855300,0.0,0.0
2026-01-30 00:00:00-05:00,436.4014165119217,436.8286984461687,423.7616041817895,427.577392578125,58566800,0.0,0.0
2026-02-02 00:00:00-05:00,427.5276741085398,428.02452201181774,419.58805431821895,420.70098876953125,42219900,0.0,0.0
2026-02-03 00:00:00-05:00,419.34957819955315,419.3893041977899,405.9843574339844,408.6176452636719,61424100,0.0,0.0
2026-02-04 00:00:00-05:00,408.40896545860215,417.15347618992746,406.66005118226167,411.578857421875,45012400,0.0,0.0
2026-02-05 00:00:00-05:00,404.87141244319446,405.72597626088844,389.84673704915224,391.188232421875,66289200,0.0,0.0
2026-02-06 00:00:00-05:00,396.6535630940219,399.25704122003975,390.4429643868461,398.61114501953125,53515300,0.0,0.0
2026-02-09 00:00:00-05:00,402.2977759502542,412.2744908996196,398.3428555009064,410.99261474609375,45480500,0.0,0.0
2026-02-10 00:00:00-05:00,416.97464756162884,421.0090502850332,410.0982892644293,410.6646728515625,44857900,0.0,0.0
2026-02-11 00:00:00-05:00,413.5563153661985,413.8345489802859,398.4819668946231,401.8207702636719,42491000,0.0,0.0
2026-02-12 00:00:00-05:00,402.4467839094351,403.6392309547976,395.5008602319473,399.30670166015625,40802400,0.0,0.0
2026-02-13 00:00:00-05:00,401.90028127287496,402.98340606348665,395.54060384789733,398.7900085449219,34091600,0.0,0.0
2026-02-17 00:00:00-05:00,396.70323107498865,397.99502346077054,392.0427954340728,394.35809326171875,32078800,0.0,0.0
2026-02-18 00:00:00-05:00,395.62013745533494,400.02220283554806,393.82155037537984,397.08087158203125,23223400,0.0,0.0
2026-02-19 00:00:00-05:00,399.07278661262325,402.7976819572589,395.0690225854118,396.8517761230469,28234000,0.91,0.0
2026-02-20 00:00:00-05:00,394.51123443489973,398.5050592846536,393.56508699389525,395.6267395019531,34015200,0.0,0.0
2026-02-23 00:00:00-05:00,393.4057107487328,393.7642431363039,381.55374731391754,382.918212890625,43238300,0.0,0.0
2026-02-24 00:00:00-05:00,382.58959213032324,387.7884945775691,380.16937672197673,387.4299621582031,33884700,0.0,0.0
2026-02-25 00:00:00-05:00,388.95376053046306,399.84960746436826,388.5852587696308,398.9831237792969,43625500,0.0,0.0
2026-02-26 00:00:00-05:00,403.0765245044552,405.8453028142193,397.1306190557743,400.0986022949219,34405900,0.0,0.0
2026-02-27 00:00:00-05:00,389.30236795593413,395.2183958601928,388.30640407164015,391.15484619140625,51367200,0.0,0.0
2026-03-02 00:00:00-05:00,391.2743390590049,399.57073485574693,389.0533591512552,396.9413757324219,35474900,0.0,0.0
2026-03-03 00:00:00-05:00,391.5532542396072,405.05852201627056,391.0851500003899,402.2996826171875,38199200,0.0,0.0
2026-03-04 00:00:00-05:00,399.6504140582061,409.3710312257941,398.69429724653685,403.5645751953125,35808000,0.0,0.0
2026-03-05 00:00:00-05:00,402.78771732924594,409.9486695143622,402.7677785996419,409.0224304199219,39001300,0.0,0.0
2026-03-06 00:00:00-05:00,407.54843921074234,411.38287590243635,406.8612216895844,407.30938720703125,31123900,0.0,0.0
2026-03-09 00:00:00-04:00,403.2857003455267,408.55432729115563,401.8714182880504,407.757568359375,30131900,0.0,0.0
2026-03-10 00:00:00-04:00,408.37506928692744,408.5443965203919,401.30371964643086,404.122314453125,31706400,0.0,0.0
2026-03-11 00:00:00-04:00,403.9330670994013,407.35918518479474,399.96912002302975,403.245849609375,25512100,0.0,0.0
2026-03-12 00:00:00-04:00,402.99687655683135,404.4808530373378,400.08864860368743,400.238037109375,27263900,0.0,0.0
2026-03-13 00:00:00-04:00,399.3815063856616,403.16615688192843,392.65875035547907,393.9534912109375,26848000,0.0,0.0
2026-03-16 00:00:00-04:00,396.4633374914087,399.01300251860397,393.1965772756644,398.33575439453125,27733700,0.0,0.0
2026-03-17 00:00:00-04:00,398.6544268926901,402.7677623283013,396.1446090107731,397.79791259765625,26228300,0.0,0.0
2026-03-18 00:00:00-04:00,395.5271533612366,396.39363710184665,389.42188971563326,390.2087097167969,25908500,0.0,0.0
2026-03-19 00:00:00-04:00,388.52551763585893,390.90585551603124,385.4977789148814,387.4498596191406,25138800,0.0,0.0
2026-03-20 00:00:00-04:00,385.22889118681917,385.43803509853177,378.58579850034175,380.3287353515625,50853200,0.0,0.0
2026-03-23 00:00:00-04:00,382.3505545919761,385.64719283721575,380.1395134056624,381.4541931152344,29680100,0.0,0.0
2026-03-24 00:00:00-04:00,380.8167328036651,380.9263046350485,370.34917314154325,371.2355651855469,42733600,0.0,0.0
2026-03-25 00:00:00-04:00,375.39872248264555,375.5381416220395,368.13813722010167,369.5424499511719,31181200,0.0,0.0
2026-03-26 00:00:00-04:00,369.3233510512375,373.2076042912997,363.71606927386256,364.492919921875,36836600,0.0,0.0
2026-03-27 00:00:00-04:00,360.43931657918756,360.9871149414508,355.07108715320055,355.33001708984375,37883400,0.0,0.0
2026-03-30 00:00:00-04:00,360.4393055378546,363.8853318939423,354.8419936524484,357.51116943359375,44797000,0.0,0.0
2026-03-31 00:00:00-04:00,363.07862179545566,371.3949263066763,361.6046146993887,368.67596435546875,45244400,0.0,0.0
2026-04-01 00:00:00-04:00,371.98254731341393,372.48052926345224,366.7139201659809,367.8791809082031,29417200,0.0,0.0
2026-04-02 00:00:00-04:00,365.7278929006101,372.1319638369453,362.680245817395,371.9526672363281,24099100,0.0,0.0
2026-04-06 00:00:00-04:00,371.98252335059567,372.22157533941066,368.0086373714944,371.375,16146600,0.0,0.0
2026-04-07 00:00:00-04:00,368.8452727581139,370.9467724245638,365.080530373921,370.78741455078125,21443300,0.0,0.0
2026-04-08 00:00:00-04:00,383.426192668859,383.4461010048471,369.9109552686541,372.81915283203125,33064800,0.0,0.0
2026-04-09 00:00:00-04:00,370.9965632857518,371.99252721403565,365.5685477188417,371.56427001953125,30435300,0.0,0.0
2026-04-10 00:00:00-04:00,371.47463812837884,374.12390583360843,368.5365323725683,369.3731384277344,28111100,0.0,0.0
2026-04-13 00:00:00-04:00,372.10205289266787,382.98796126737693,369.5225100750242,382.8186340332031,35745800,0.0,0.0
2026-04-14 00:00:00-04:00,386.3543213772784,393.09698589720546,384.95994763093,391.5233459472656,37504500,0.0,0.0
2026-04-15 00:00:00-04:00,396.3936283702306,412.69755239260473,395.1287651714373,409.5602722167969,45063400,0.0,0.0
2026-04-16 00:00:00-04:00,418.16537187855886,419.12151906860663,410.4765600541581,418.56378173828125,41642400,0.0,0.0
2026-04-17 00:00:00-04:00,423.10539315661504,429.83808848207923,418.99205736838906,421.0835876464844,48568200,0.0,0.0
2026-04-20 00:00:00-04:00,419.4501847919345,421.6213787702164,414.6197538627068,416.38262939453125,27582200,0.0,0.0
2026-04-21 00:00:00-04:00,418.54386715015573,425.4558591722327,415.51615872358184,422.44805908203125,32048500,0.0,0.0
2026-04-22 00:00:00-04:00,424.4698510786937,431.9495495900464,421.9600330275293,431.1726989746094,29378200,0.0,0.0
2026-04-23 00:00:00-04:00,418.19526527607866,421.9500379562064,409.7494810939023,414.07196044921875,38308000,0.0,0.0
2026-04-24 00:00:00-04:00,415.28707116170386,423.23487407473965,414.12178001797366,422.90618896484375,27457400,0.0,0.0
2026-04-27 00:00:00-04:00,420.6752229306716,425.38611256831246,415.3866572294081,423.1053771972656,30867300,0.0,0.0
2026-04-28 00:00:00-04:00,422.8563830057505,428.1847957314844,420.197146128082,427.5174865722656,30438100,0.0,0.0
2026-04-29 00:00:00-04:00,422.866306449911,425.0972860808559,418.59364353468584,422.7467956542969,38288300,0.0,0.0
2026-04-30 00:00:00-04:00,409.15192465494977,412.74737011555624,396.4035989759817,406.1341552734375,70909400,0.0,0.0
2026-05-01 00:00:00-04:00,411.1338775963461,415.4264794885345,408.7834174283456,412.76727294921875,31372400,0.0,0.0
2026-05-04 00:00:00-04:00,409.87897009526375,419.0816663151199,409.14193618030583,411.9505615234375,28066500,0.0,0.0
2026-05-05 00:00:00-04:00,413.6437352165572,415.09783400354706,407.1500311208482,409.7196350097656,25700900,0.0,0.0
2026-05-06 00:00:00-04:00,406.3532485673598,416.73120520087787,403.4748984673602,412.2891845703125,30285900,0.0,0.0
2026-05-07 00:00:00-04:00,418.41437649189606,426.25263786097554,417.06984955189336,419.07171630859375,34942400,0.0,0.0
2026-05-08 00:00:00-04:00,415.70537649227293,416.9403619714099,412.32904436576047,413.44451904296875,33383800,0.0,0.0
2026-05-11 00:00:00-04:00,406.22377045102496,411.02432350049145,403.86334099070683,410.99444580078125,35657900,0.0,0.0
2026-05-12 00:00:00-04:00,412.8071154720842,413.8229876767416,404.9987623844293,406.1241760253906,38594200,0.0,0.0
2026-05-13 00:00:00-04:00,401.57265715241186,404.6700902960666,399.41140211310335,403.57452392578125,29667100,0.0,0.0
2026-05-14 00:00:00-04:00,402.847493220503,410.1777730080913,399.2620170659624,407.7774963378906,27077500,0.0,0.0
2026-05-15 00:00:00-04:00,412.5979239362014,426.4418454559798,411.2434277199191,420.2170715332031,50771200,0.0,0.0
2026-05-18 00:00:00-04:00,414.93848271907115,423.40417602339767,413.9325494355234,421.83056640625,32564100,0.0,0.0
2026-05-19 00:00:00-04:00,428.16486989475214,430.9535870211983,414.808990493047,415.7352600097656,33018700,0.0,0.0
2026-05-20 00:00:00-04:00,412.49835957243755,420.3963455784958,409.63991780241736,419.36053466796875,27864000,0.0,0.0
2026-05-21 00:00:00-04:00,423.9518891931334,425.5388979071037,414.92886694253497,418.3025207519531,31393500,0.91,0.0
2026-05-22 00:00:00-04:00,418.7517174636334,423.60257118762803,415.54772693408205,417.7835388183594,22390300,0.0,0.0
2026-05-26 00:00:00-04:00,415.6475333356961,418.9812539216563,412.24393696715845,415.248291015625,30398000,0.0,0.0
2026-05-27 00:00:00-04:00,410.23773822181624,415.15846763645,408.8104019854481,411.8946228027344,28901500,0.0,0.0
2026-05-28 00:00:00-04:00,412.2040283766931,428.68298564682067,411.89461329838434,426.18768310546875,47250500,0.0,0.0
2026-05-29 00:00:00-04:00,431.7372486144539,449.48383969057267,431.54760317786213,449.3940124511719,79654400,0.0,0.0
2026-06-01 00:00:00-04:00,463.96658383705716,465.4438139523178,457.40892124774234,459.6546936035156,53628900,0.0,0.0
2026-06-02 00:00:00-04:00,446.0403151791343,452.64787129328397,439.6024225764256,440.48077392578125,37036800,0.0,0.0
2026-06-03 00:00:00-04:00,437.62618910935214,439.56254639446627,423.45285793258154,426.53704833984375,39037000,0.0,0.0
2026-06-04 00:00:00-04:00,434.9911260035114,435.33048350032107,425.60879436274143,427.2456970214844,26899500,0.0,0.0
2026-06-05 00:00:00-04:00,427.5351398188391,428.66302140752947,413.6213308264138,415.8870849609375,34782200,0.0,0.0
2026-06-08 00:00:00-04:00,413.3618539280056,416.37616844333525,407.79232157753756,410.9663391113281,32086700,0.0,0.0
2026-06-09 00:00:00-04:00,408.26144336727174,411.20591258759293,397.7312786929967,402.6520080566406,35317300,0.0,0.0
2026-06-10 00:00:00-04:00,397.80110870103243,404.2789346443135,396.41373636313654,396.61334228515625,32576000,0.0,0.0
2026-06-11 00:00:00-04:00,394.46741202742857,396.1043451719433,383.278483574852,389.6065673828125,47224100,0.0,0.0
2026-06-12 00:00:00-04:00,390.6945042817559,391.003919361718,381.55171206615995,390.00579833984375,34865800,0.0,0.0
2026-06-15 00:00:00-04:00,396.05442037645633,400.99513175706005,392.11186050588947,399.0088806152344,32266400,0.0,0.0
2026-06-16 00:00:00-04:00,395.0463355104342,396.094350419825,389.9559121071713,393.0899963378906,31506800,0.0,0.0
2026-06-17 00:00:00-04:00,389.51671695343225,389.6364865987809,376.6110198431126,378.1980285644531,41987800,0.0,0.0
2026-06-18 00:00:00-04:00,377.11008548581106,380.6534028700893,372.5786075934489,378.6871032714844,59714200,0.0,0.0
2026-06-22 00:00:00-04:00,375.0339909424311,380.9129385065033,366.3802985575179,366.6497802734375,45171100,0.0,0.0
2026-06-23 00:00:00-04:00,371.6802994138851,376.51120135394876,369.9735210485466,373.23736572265625,40647600,0.0,0.0
2026-06-24 00:00:00-04:00,370.87185096853153,378.16811350773463,364.09460041679364,364.7733154296875,44509900,0.0,0.0
2026-06-25 00:00:00-04:00,362.0883479855026,363.5456265920902,348.54386902384044,352.1670227050781,66179000,0.0,0.0
2026-06-26 00:00:00-04:00,356.4789138154501,375.90234020580533,354.762144454129,372.2691955566406,186201600,0.0,0.0
2026-06-29 00:00:00-04:00,376.790685328561,379.7850483907747,359.2237492715265,367.8774719238281,51229900,0.0,0.0
2026-06-30 00:00:00-04:00,370.3328407149792,373.44697342275583,366.7595808670141,372.319091796875,44945700,0.0,0.0
2026-07-01 00:00:00-04:00,380.1144231011508,388.09939143880604,374.18561213385976,383.5579528808594,48065800,0.0,0.0
2026-07-02 00:00:00-04:00,383.7575696594082,391.4630649298244,382.97903650468743,389.7562561035156,42128900,0.0,0.0
2026-07-06 00:00:00-04:00,386.31276024010407,388.418780928489,380.5036887115837,386.0133056640625,34224500,0.0,0.0
2026-07-07 00:00:00-04:00,391.75251064257776,394.8267404517197,387.4905448392632,388.109375,29297500,0.0,0.0
2026-07-08 00:00:00-04:00,383.3084264217563,384.58602015004215,380.6134873969759,382.6197204589844,25908300,0.0,0.0
2026-07-09 00:00:00-04:00,373.74643420118315,383.92725049460796,372.64849496928053,383.6377868652344,31083200,0.0,0.0
2026-07-10 00:00:00-04:00,387.07131223677504,391.1736053926777,380.783162110783,384.37640380859375,24644600,0.0,0.0
2026-07-13 00:00:00-04:00,387.02143811329415,392.91034623109437,383.4281962321871,390.2553405761719,28914900,0.0,0.0
2026-07-14 00:00:00-04:00,382.1007052927433,387.46061042423804,377.93852713765,384.20672607421875,27863900,0.0,0.0
2026-07-15 00:00:00-04:00,387.07132248997675,398.2103568181361,385.6739591427675,394.8866271972656,36253700,0.0,0.0
2026-07-16 00:00:00-04:00,397.56157784187184,405.2271399033625,391.31333055964967,400.3463439941406,37047400,0.0,0.0
2026-07-17 00:00:00-04:00,394.1180409920291,397.64143734197864,388.6583483977542,393.08001708984375,33049800,0.0,0.0
2026-07-20 00:00:00-04:00,390.67455694621333,402.4224305318551,388.91785418191677,401.53411865234375,27915800,0.0,0.0
2026-07-21 00:00:00-04:00,398.0606303262699,400.7156358198418,395.57531880381754,397.00262451171875,24126600,0.0,0.0
2026-07-22 00:00:00-04:00,398.8291961465565,400.246541441447,386.2329133568751,389.6065673828125,28142500,0.0,0.0
2026-07-23 00:00:00-04:00,389.23725659651495,391.04385321150613,376.68090752842744,380.8630065917969,30351800,0.0,0.0
2026-07-24 00:00:00-04:00,386.32274187573427,388.29903252889795,379.9347732203772,380.9828186035156,27659400,0.0,0.0
2026-07-27 00:00:00-04:00,389.3470355932277,393.45931979821836,387.2609663085435,388.368896484375,27856200,0.0,0.0
2026-07-28 00:00:00-04:00,392.4212554523594,399.56780545733704,390.5647345556998,392.61090087890625,32367500,0.0,0.0
2026-07-29 00:00:00-04:00,392.6607942930367,400.4960502148319,388.00954678983055,389.8061828613281,47209000,0.0,0.0
2026-07-30 00:00:00-04:00,437.07720086969465,457.8281459885008,431.6274684759506,450.2524108886719,110160700,0.0,0.0
2026-07-31 00:00:00-04:00,449.1544591210436,465.962813447145,448.4857046349594,463.8468017578125,60846000,0.0,0.0
2026-08-03 00:00:00-04:00,475.2353605631651,490.7261876465455,474.10747895013026,486.73370361328125,66762100,0.0,0.0
2026-08-04 00:00:00-04:00,479.99640781848416,498.50158065157444,478.2696778930625,491.884033203125,50455500,0.0,0.0
2026-08-05 00:00:00-04:00,495.42733843271316,497.3038108374591,484.7674131728324,486.5440673828125,33388900,0.0,0.0
2026-08-06 00:00:00-04:00,487.6319998350186,500.61756372489685,487.60205742358346,498.9207458496094,36441500,0.0,0.0
2026-08-07 00:00:00-04:00,498.2719734340298,504.23075699317457,497.79289485093346,499.0505065917969,28846200,0.0,0.0
2026-08-10 00:00:00-04:00,502.4940586092805,512.7647021753171,501.32624359045303,505.109130859375,31206100,0.0,0.0
2026-08-11 00:00:00-04:00,503.3823542433026,504.38047525067043,498.61133704649393,502.86334228515625,23049800,0.0,0.0
2026-08-12 00:00:00-04:00,499.0505227551261,500.557695253814,490.59643643442394,491.5047302246094,29001500,0.0,0.0
2026-08-13 00:00:00-04:00,492.34314786956145,500.3979918654044,492.0836571155829,495.9463806152344,23039000,0.0,0.0
2026-08-14 00:00:00-04:00,495.42733437790497,499.07050046550256,492.991947114923,494.4691467285156,16217600,0.0,0.0
2026-08-17 00:00:00-04:00,489.21906226283284,491.73431632358415,477.51109147171053,479.44744873046875,29635800,0.0,0.0
2026-08-18 00:00:00-04:00,480.6352093836093,483.36006030134655,476.2534434403709,480.72503662109375,24087600,0.0,0.0
2026-08-19 00:00:00-04:00,479.16797047398614,488.3806080919379,478.4592826108848,483.3999938964844,19961900,0.0,0.0
2026-08-20 00:00:00-04:00,483.29998779296875,484.1600036621094,479.5,481.1499938964844,20020800,0.91,0.0
2026-08-21 00:00:00-04:00,479.8800048828125,486.3599853515625,478.5299987792969,483.239990234375,22510800,0.0,0.0
2026-08-24 00:00:00-04:00,483.2099914550781,490.6099853515625,481.8599853515625,487.30999755859375,17216300,0.0,0.0
