Date,Open,High,Low,Close,Volume,Dividends,Stock Splits
2020-01-02 00:00:00-05:00,5.9349690447387795,5.963804721832275,5.884506491290553,5.963804721832275,237536000,0.0,0.0
2020-01-03 00:00:00-05:00,5.844233438817881,5.91209732246454,5.81937484385445,5.868346214294434,205384000,0.0,0.0
2020-01-06 00:00:00-05:00,5.775128603488166,5.8981779512429595,5.749027284163017,5.89295768737793,262636000,0.0,0.0
2020-01-07 00:00:00-05:00,5.921295338837738,6.010040281790685,5.876301509096684,5.964300632476807,314856000,0.0,0.0
2020-01-08 00:00:00-05:00,5.96007489141587,6.0167524399804355,5.920052874364095,5.975487232208252,277108000,0.0,0.0
2020-01-09 00:00:00-05:00,6.0617450225777345,6.113450745883059,5.987418163860891,6.041112422943115,255112000,0.0,0.0
2020-01-10 00:00:00-05:00,6.148252382379654,6.178579686055436,6.059259007093538,6.073428153991699,316296000,0.0,0.0
2020-01-13 00:00:00-05:00,6.156458316236707,6.288953925752314,6.1338366982954335,6.2638468742370605,319840000,0.0,0.0
2020-01-14 00:00:00-05:00,6.221089234322224,6.246445205302498,6.133835923434662,6.1470112800598145,359088000,0.0,0.0
2020-01-15 00:00:00-05:00,6.15968858757517,6.182061279281712,6.078649810796071,6.1045026779174805,263104000,0.0,0.0
2020-01-16 00:00:00-05:00,6.157949468694057,6.193994419240896,6.134582505212435,6.188028335571289,284192000,0.0,0.0
2020-01-17 00:00:00-05:00,6.207167801208955,6.214625522525774,6.149247540649398,6.196727275848389,253792000,0.0,0.0
2020-01-21 00:00:00-05:00,6.160186089168899,6.196976854432715,6.129361406762414,6.163417816162109,217916000,0.0,0.0
2020-01-22 00:00:00-05:00,6.20866005785512,6.303867986192193,6.189767541283975,6.217360496520996,239240000,0.0,0.0
2020-01-23 00:00:00-05:00,6.257382526569026,6.294172814743435,6.168637584590366,6.2857208251953125,244516000,0.0,0.0
2020-01-24 00:00:00-05:00,6.401064334103999,6.450781528296051,6.172366094269509,6.226557731628418,373512000,0.0,0.0
2020-01-27 00:00:00-05:00,5.922288718346262,6.021971543180985,5.772889179452869,5.971011638641357,470536000,0.0,0.0
2020-01-28 00:00:00-05:00,6.036886854345319,6.19647847807783,5.98368948838839,6.164162635803223,310976000,0.0,0.0
2020-01-29 00:00:00-05:00,6.149745001380459,6.185789943729785,6.0639828644708,6.103756904602051,258848000,0.0,0.0
2020-01-30 00:00:00-05:00,6.006062657393327,6.123892191463495,5.9511256737179945,6.11046838760376,290504000,0.0,0.0
2020-01-31 00:00:00-05:00,6.0647304937823465,6.076662661968528,5.835535286915037,5.877297401428223,370420000,0.0,0.0
2020-02-03 00:00:00-05:00,5.859149875876774,5.993634486380616,5.8529353441116,5.974245071411133,255564000,0.0,0.0
2020-02-04 00:00:00-05:00,6.115936005772914,6.162421462143294,6.065970375091948,6.143280029296875,271544000,0.0,0.0
2020-02-05 00:00:00-05:00,6.264094359762809,6.2742864375752365,6.15024236438546,6.233518600463867,208220000,0.0,0.0
2020-02-06 00:00:00-05:00,6.267823274549807,6.320274353027344,6.186784499679763,6.320274353027344,218284000,0.0,0.0
2020-02-07 00:00:00-05:00,6.2802521818150865,6.302376423964702,6.2287948985436135,6.254150867462158,189752000,0.0,0.0
2020-02-10 00:00:00-05:00,6.276773339325847,6.537787486553337,6.271801523877715,6.537042140960693,529608000,0.0,0.0
2020-02-11 00:00:00-05:00,6.645174095338608,6.773941033991019,6.583276295760601,6.659343242645264,638556000,0.0,0.0
2020-02-12 00:00:00-05:00,6.712043178559974,6.781398698012812,6.673263885981317,6.774935245513916,374644000,0.0,0.0
2020-02-13 00:00:00-05:00,6.717016286330041,6.7983035102749065,6.689671780436804,6.731185436248779,528016000,0.0,0.0
2020-02-14 00:00:00-05:00,7.140853762856807,7.332512804476498,7.109532184607518,7.2037458419799805,1041924000,0.0,0.0
2020-02-18 00:00:00-05:00,7.100583691147785,7.39068289468149,7.081194275806796,7.372287273406982,620164000,0.0,0.0
2020-02-19 00:00:00-05:00,7.494591162549413,7.8406216221615965,7.494591162549413,7.822971820831299,694332000,0.0,0.0
2020-02-20 00:00:00-05:00,7.774994505818821,7.863242082400725,7.366817815393153,7.673820495605469,810052000,0.0,0.0
2020-02-21 00:00:00-05:00,7.561708450077723,7.5868154972700355,7.225372733301837,7.310140132904053,768180000,0.0,0.0
2020-02-24 00:00:00-05:00,6.716518371949166,7.006865964800293,6.662078287190511,6.793331146240234,856916000,0.0,0.0
2020-02-25 00:00:00-05:00,6.868403619519949,6.930301423578362,6.412498802092312,6.514170169830322,1055496000,0.0,0.0
2020-02-26 00:00:00-05:00,6.514418977708999,6.847274499035752,6.512927812738994,6.653378009796143,747732000,0.0,0.0
2020-02-27 00:00:00-05:00,6.340222943534122,6.641191014108092,6.190734008300934,6.283014297485352,906416000,0.004,0.0
2020-02-28 00:00:00-05:00,6.030797544626237,6.77699866718428,6.014132526651322,6.717551231384277,1133252000,0.0,0.0
2020-03-02 00:00:00-05:00,6.887435522376972,6.904598206500516,6.491948945262272,6.875744819641113,890744000,0.0,0.0
2020-03-03 00:00:00-05:00,6.931462350616747,6.991158383309481,6.528264939840169,6.613580703735352,652792000,0.0,0.0
2020-03-04 00:00:00-05:00,6.720785660126154,7.086175484127031,6.646165254678037,7.076723575592041,597408000,0.0,0.0
2020-03-05 00:00:00-05:00,6.877488416985179,7.044140056322009,6.7531215361195445,6.797645092010498,540328000,0.0,0.0
2020-03-06 00:00:00-05:00,6.618306817272901,6.675764530909443,6.417329829721976,6.617311954498291,515412000,0.0,0.0
2020-03-09 00:00:00-04:00,5.967122164255437,6.45215313065251,5.924340216709666,6.104920864105225,614160000,0.0,0.0
2020-03-10 00:00:00-04:00,6.381014182098124,6.493939399719238,6.118600526730272,6.493939399719238,580648000,0.0,0.0
2020-03-11 00:00:00-04:00,6.354150563740544,6.382506283374491,6.033532955638366,6.1305389404296875,499964000,0.0,0.0
2020-03-12 00:00:00-04:00,5.607951271671891,5.873101457756061,5.36767455663343,5.380360126495361,816540000,0.0,0.0
2020-03-13 00:00:00-04:00,5.7333111558750876,5.994978999609034,5.462440477167129,5.990501880645752,634836000,0.0,0.0
2020-03-16 00:00:00-04:00,5.283352557854332,5.623869353339023,4.825433894923929,4.885129928588867,726972000,0.0,0.0
2020-03-17 00:00:00-04:00,4.997308990591307,5.493532962867673,4.750814071544446,5.404237270355225,833632000,0.0,0.0
2020-03-18 00:00:00-04:00,4.977162502437145,5.22191633177499,4.494121689883863,5.044817924499512,874268000,0.0,0.0
2020-03-19 00:00:00-04:00,5.023426414589291,5.3908064456390665,4.810261985939699,5.297282695770264,765512000,0.0,0.0
2020-03-20 00:00:00-04:00,5.447268674676942,5.728835253713744,5.102275202274465,5.117696762084961,804636000,0.0,0.0
2020-03-23 00:00:00-04:00,5.1167009402216665,5.384587537043199,4.937861436737908,5.290317058563232,643876000,0.0,0.0
2020-03-24 00:00:00-04:00,5.6960006825833585,6.284504799226596,5.672371155826761,6.1979451179504395,1101644000,0.0,0.0
2020-03-25 00:00:00-04:00,6.312862785818038,6.512347277962248,6.060646761736831,6.10939884185791,793432000,0.0,0.0
2020-03-26 00:00:00-04:00,6.316343477852053,6.522295239784668,6.21834262205559,6.398426055908203,696108000,0.0,0.0
2020-03-27 00:00:00-04:00,6.21834230027914,6.544680972514538,6.185509460524416,6.2862467765808105,638828000,0.0,0.0
2020-03-30 00:00:00-04:00,6.351664829525948,6.615322944620109,6.3076389446385654,6.606119632720947,602252000,0.0,0.0
2020-03-31 00:00:00-04:00,6.646164892139033,6.850126943033816,6.411111600364291,6.556621074676514,949960000,0.0,0.0
2020-04-01 00:00:00-04:00,6.358877293798993,6.5051325489684855,6.0014468918111765,6.0459699630737305,656912000,0.0,0.0
2020-04-02 00:00:00-04:00,6.075071934994346,6.367582918996632,6.027066607171821,6.354400157928467,675764000,0.0,0.0
2020-04-03 00:00:00-04:00,6.316842172617156,6.358380662536107,5.929563928559885,6.066864967346191,663212000,0.0,0.0
2020-04-06 00:00:00-04:00,6.348678972084709,6.712825281839305,6.291221263715193,6.6760125160217285,727884000,0.0,0.0
2020-04-07 00:00:00-04:00,6.89738723361268,6.921017245068587,6.399919700437493,6.44295072555542,784520000,0.0,0.0
2020-04-08 00:00:00-04:00,6.551894702646605,6.664819927163349,6.482000494418423,6.639946460723877,542444000,0.0,0.0
2020-04-09 00:00:00-04:00,6.765557136655976,6.7884404027807115,6.477523263677439,6.54045295715332,525564000,0.0,0.0
2020-04-13 00:00:00-04:00,6.4807566311857645,6.7207846897053765,6.392456281522787,6.712079048156738,398408000,0.0,0.0
2020-04-14 00:00:00-04:00,6.840177411632227,7.096870512386343,6.812567953080137,7.062794208526611,530948000,0.0,0.0
2020-04-15 00:00:00-04:00,6.894897302086624,7.068264798856222,6.849627970583774,6.98543643951416,366148000,0.0,0.0
2020-04-16 00:00:00-04:00,7.1406481386780065,7.4371386115629985,7.127465375917318,7.330183029174805,745620000,0.0,0.0
2020-04-17 00:00:00-04:00,7.41226513448081,7.433656345818027,7.137165873276941,7.270984649658203,539120000,0.0,0.0
2020-04-20 00:00:00-04:00,7.144627352201528,7.30033451878303,7.095626685846547,7.139901161193848,449388000,0.0,0.0
2020-04-21 00:00:00-04:00,7.022002163547339,7.083190258887159,6.64392677965587,6.703622817993164,735160000,0.0,0.0
2020-04-22 00:00:00-04:00,6.89564456745756,7.16029750557425,6.850126632313321,7.1175150871276855,483356000,0.0,0.0
2020-04-23 00:00:00-04:00,7.159552061322838,7.291380639717549,7.039164642874313,7.064286708831787,424160000,0.0,0.0
2020-04-24 00:00:00-04:00,7.054089379164619,7.205070379941824,6.979468968693204,7.203080654144287,352328000,0.0,0.0
2020-04-27 00:00:00-04:00,7.3373975726820175,7.549069967899464,7.312772698085706,7.389382839202881,479388000,0.0,0.0
2020-04-28 00:00:00-04:00,7.53663104306545,7.566479296297554,7.241633139529117,7.247105121612549,442904000,0.0,0.0
2020-04-29 00:00:00-04:00,7.381670852745031,7.476438532098062,7.306553255548668,7.423707008361816,379160000,0.0,0.0
2020-04-30 00:00:00-04:00,7.3697314829466665,7.423706940505074,7.2560604626028455,7.269989490509033,375916000,0.0,0.0
2020-05-01 00:00:00-04:00,7.072744411880323,7.185918254969449,6.985438902892825,7.033693313598633,342096000,0.0,0.0
2020-05-04 00:00:00-04:00,6.98643322473106,7.259045574623268,6.98643322473106,7.245365142822266,317556000,0.0,0.0
2020-05-05 00:00:00-04:00,7.349335472020096,7.468727544198242,7.24536448443354,7.306304454803467,368896000,0.0,0.0
2020-05-06 00:00:00-04:00,7.385651288802493,7.5117592899465135,7.347843653286045,7.407042026519775,323464000,0.0,0.0
2020-05-07 00:00:00-04:00,7.546083299397135,7.646322956404003,7.494844309602577,7.583144664764404,373732000,0.0,0.0
2020-05-08 00:00:00-04:00,7.654780572992808,7.779147440058237,7.620952864853898,7.7729291915893555,339216000,0.0,0.0
2020-05-11 00:00:00-04:00,7.767953212795398,8.071408625567924,7.739348894683899,8.024646759033203,469060000,0.0,0.0
2020-05-12 00:00:00-04:00,8.082353219891191,8.131104815572956,7.753278525773543,7.762979030609131,493060000,0.0,0.0
2020-05-13 00:00:00-04:00,7.877396301841328,8.037580580792781,7.556281003894796,7.740592956542969,625852000,0.0,0.0
2020-05-14 00:00:00-04:00,7.80203008648483,7.995296277020211,7.6485612498649145,7.989824295043945,602312000,0.0,0.0
2020-05-15 00:00:00-04:00,7.849786375477367,8.457442491393842,7.834116221625606,8.447742462158203,987660000,0.0,0.0
2020-05-18 00:00:00-04:00,8.716127930897029,8.87133792590906,8.63653320763608,8.70592975616455,774460000,0.0,0.0
2020-05-19 00:00:00-04:00,8.74572658115145,9.041470783714418,8.71836571880114,8.760899543762207,717320000,0.0,0.0
2020-05-20 00:00:00-04:00,8.945460766522393,8.997197432107013,8.843728564013752,8.924567222595215,587536000,0.0,0.0
2020-05-21 00:00:00-04:00,9.00565317637838,9.006647564701275,8.693243502257346,8.730802536010742,761068000,0.0,0.0
2020-05-22 00:00:00-04:00,8.780551415125013,9.046946047215028,8.66911916021186,8.980533599853516,1038764000,0.0,0.0
2020-05-26 00:00:00-04:00,9.110369079581073,9.135243019223017,8.62807463372257,8.673592567443848,770780000,0.0,0.0
2020-05-27 00:00:00-04:00,8.581313337076326,8.589023642130156,7.956245377477276,8.48206901550293,1175892000,0.0,0.0
2020-05-28 00:00:00-04:00,8.36964036521895,8.716126818247057,8.336807522343962,8.444012641906738,734896000,0.0,0.0
2020-05-29 00:00:00-04:00,8.511170268712194,8.830544471740723,8.442022323211523,8.830544471740723,745256000,0.0,0.0
2020-06-01 00:00:00-04:00,8.788507071978914,8.795968778673366,8.645485017658633,8.761643409729004,389876000,0.0,0.0
2020-06-02 00:00:00-04:00,8.751692802609728,8.792484531994779,8.614142760925814,8.780545234680176,391320000,0.0,0.0
2020-06-03 00:00:00-04:00,8.777563885189648,8.821340689895296,8.65593255202078,8.725080490112305,365440000,0.0,0.0
2020-06-04 00:00:00-04:00,8.687752876236223,8.902010324242097,8.63748582686999,8.726076126098633,424280000,0.004,0.0
2020-06-05 00:00:00-04:00,8.753948023245258,8.955513667793715,8.667846716392749,8.87886905670166,481748000,0.0,0.0
2020-06-08 00:00:00-04:00,8.836316752947287,8.84875892563933,8.645700047300858,8.764400482177734,387736000,0.0,0.0
2020-06-09 00:00:00-04:00,8.759421777812781,9.067743068921587,8.71089664893527,9.004286766052246,468488000,0.0,0.0
2020-06-10 00:00:00-04:00,9.125477007268065,9.456194614625154,9.111291963518875,9.323558807373047,632180000,0.0,0.0
2020-06-11 00:00:00-04:00,9.10780969358321,9.218546652685198,8.745488699129474,8.755691528320312,583652000,0.0,0.0
2020-06-12 00:00:00-04:00,9.120253553153576,9.144889191834984,8.663120633618279,8.891313552856445,570908000,0.0,0.0
2020-06-15 00:00:00-04:00,8.774602299815214,9.139909650009946,8.703431219632431,9.131448745727539,400004000,0.0,0.0
2020-06-16 00:00:00-04:00,9.18246298281425,9.224020423826694,8.797993526540031,9.026683807373047,535716000,0.0,0.0
2020-06-17 00:00:00-04:00,9.07172781257394,9.256122973976474,9.028427490860382,9.193413734436035,408304000,0.0,0.0
2020-06-18 00:00:00-04:00,9.184454427604352,9.239698546814658,9.072472976600096,9.175496101379395,254408000,0.0,0.0
2020-06-19 00:00:00-04:00,9.19988122589456,9.401446849001816,9.184701341752877,9.218544006347656,524160000,0.0,0.0
2020-06-22 00:00:00-04:00,9.257119455133502,9.48730301044965,9.23049223290919,9.482823371887207,398468000,0.0,0.0
2020-06-23 00:00:00-04:00,9.506958630029597,9.598036991562761,9.364120951569074,9.406424522399902,375108000,0.0,0.0
2020-06-24 00:00:00-04:00,9.432555192603575,9.512435900600783,9.102334958406512,9.192915916442871,449372000,0.0,0.0
2020-06-25 00:00:00-04:00,9.312610716944958,9.461172555518514,9.1399106647532,9.44624137878418,376072000,0.0,0.0
2020-06-26 00:00:00-04:00,9.456197752995324,9.456197752995324,9.082926789061299,9.112788200378418,592084000,0.0,0.0
2020-06-29 00:00:00-04:00,9.127467403493844,9.162057151917535,8.858960660515779,9.157577514648438,342248000,0.0,0.0
2020-06-30 00:00:00-04:00,9.271054649920956,9.482325753485787,9.223774007149327,9.453957557678223,367892000,0.0,0.0
2020-07-01 00:00:00-04:00,9.476848338743391,9.531595028681618,9.369595252046542,9.486055374145508,326648000,0.0,0.0
2020-07-02 00:00:00-04:00,9.594554582855501,9.692600650706597,9.534084693053664,9.567928314208984,364056000,0.0,0.0
2020-07-06 00:00:00-04:00,9.696830190680364,9.86305996516813,9.66771491923515,9.793880462646484,315892000,0.0,0.0
2020-07-07 00:00:00-04:00,9.900386604188158,10.023565712221714,9.805326973795573,9.8262300491333,357800000,0.0,0.0
2020-07-08 00:00:00-04:00,9.947669552928001,10.177854044374415,9.91955006873265,10.16889476776123,365480000,0.0,0.0
2020-07-09 00:00:00-04:00,10.332386498774396,10.521261277875176,10.186312717025418,10.460542678833008,494548000,0.0,0.0
2020-07-10 00:00:00-04:00,10.539925164838058,10.606118244789283,10.330893436767795,10.430930137634277,497676000,0.0,0.0
2020-07-13 00:00:00-04:00,10.546145179705201,10.742485046509767,9.978772887106153,10.005897521972656,457076000,0.0,0.0
2020-07-14 00:00:00-04:00,10.028542714415202,10.35478162287087,9.740377400008319,10.329150199890137,542676000,0.0,0.0
2020-07-15 00:00:00-04:00,10.366228896039699,10.3848916779029,10.00938150824188,10.18009090423584,403984000,0.0,0.0
2020-07-16 00:00:00-04:00,9.968822453903256,10.159687893830071,9.849873293685468,10.088020324707031,344964000,0.0,0.0
2020-07-17 00:00:00-04:00,10.178350410253335,10.201244122022572,10.041235900917167,10.154460906982422,266284000,0.0,0.0
2020-07-20 00:00:00-04:00,10.226874817153762,10.482689743606029,10.109916313278463,10.462284088134766,284852000,0.0,0.0
2020-07-21 00:00:00-04:00,10.464524220514964,10.51130838501067,10.23931776030554,10.280875205993652,277036000,0.0,0.0
2020-07-22 00:00:00-04:00,10.31969594109073,10.553612018427057,10.244046163134492,10.390617370605469,367292000,0.0,0.0
2020-07-23 00:00:00-04:00,10.401814053155686,10.498366900172412,9.984995131598533,10.083041191101074,411660000,0.0,0.0
2020-07-24 00:00:00-04:00,9.82946475245161,10.316956343600856,9.731917071829855,10.147491455078125,473292000,0.0,0.0
2020-07-27 00:00:00-04:00,10.185067234875442,10.393600550017624,10.170633482181762,10.373444557189941,292132000,0.0,0.0
2020-07-28 00:00:00-04:00,10.326415496640456,10.33412932148868,10.162176337630433,10.168396949768066,271636000,0.0,0.0
2020-07-29 00:00:00-04:00,10.342836785635788,10.467757814861779,10.299288712626408,10.417242050170898,284508000,0.0,0.0
2020-07-30 00:00:00-04:00,10.327160428519084,10.574017034136663,10.24777809844735,10.565058708190918,308880000,0.0,0.0
2020-07-31 00:00:00-04:00,10.514543531098658,10.716857247191735,10.384894123228854,10.56580638885498,386080000,0.0,0.0
2020-08-03 00:00:00-04:00,10.683011944240379,11.047573183866636,10.665841424159556,10.959481239318848,412720000,0.0,0.0
2020-08-04 00:00:00-04:00,10.999047691929793,11.17597770690918,10.855711635123345,11.17597770690918,310336000,0.0,0.0
2020-08-05 00:00:00-04:00,11.19215269021843,11.319313061745826,11.11476100189389,11.234704971313477,249924000,0.0,0.0
2020-08-06 00:00:00-04:00,11.29741678585423,11.305628981190738,11.127205723895173,11.283232688903809,244316000,0.0,0.0
2020-08-07 00:00:00-04:00,11.260338450705653,11.45170224316212,10.986606845979392,11.147859573364258,342516000,0.0,0.0
2020-08-10 00:00:00-04:00,11.28198686153084,11.355645046304279,10.80643904948696,11.113516807556152,427796000,0.0,0.0
2020-08-11 00:00:00-04:00,11.022690018591215,11.085400210212105,10.745971959550996,10.799972534179688,354512000,0.0,0.0
2020-08-12 00:00:00-04:00,10.94007327043613,11.41412703456627,10.907722858272763,11.387500762939453,464412000,0.0,0.0
2020-08-13 00:00:00-04:00,11.49276161637444,11.6677019727211,11.303389402079686,11.390236854553223,374460000,0.0,0.0
2020-08-14 00:00:00-04:00,11.476834671108962,11.650779221877425,11.387747881419168,11.5106782913208,366436000,0.0,0.0
2020-08-17 00:00:00-04:00,11.796602846193656,12.352527856575652,11.762760176683678,12.280113220214844,621300000,0.0,0.0
2020-08-18 00:00:00-04:00,12.392591435062732,12.438379802232884,12.030519221573105,12.204214096069336,503448000,0.0,0.0
2020-08-19 00:00:00-04:00,12.239797617352234,12.258211685972064,12.042212325840874,12.082526206970215,622624000,0.0,0.0
2020-08-20 00:00:00-04:00,11.91978228041564,12.317937454799441,11.823975568616628,12.085016250610352,921388000,0.0,0.0
2020-08-21 00:00:00-04:00,12.145487093065004,12.749688543498525,12.139016821784638,12.625016212463379,999868000,0.0,0.0
2020-08-24 00:00:00-04:00,12.824344154765107,12.85296200879442,12.449828743725128,12.661598205566406,490564000,0.0,0.0
2020-08-25 00:00:00-04:00,12.572509358263392,12.702407463725917,12.515772025592227,12.69120979309082,289076000,0.0,0.0
2020-08-26 00:00:00-04:00,12.740232546554608,12.809163342409363,12.619292765610336,12.714103698730469,321244000,0.0,0.0
2020-08-27 00:00:00-04:00,12.722561844110212,12.790746493496862,12.50855309966064,12.570018768310547,317604000,0.0,0.0
2020-08-28 00:00:00-04:00,12.616553153406784,13.087371627677937,12.584202751805321,13.087122917175293,537160000,0.0,0.0
2020-08-31 00:00:00-04:00,13.121964553482815,13.512405963302939,12.977633636999434,13.312830924987793,500840000,0.0,0.0
2020-09-01 00:00:00-04:00,13.421858060233896,13.933392246926287,13.37854573615063,13.761387825012207,511316000,0.004,0.0
2020-09-02 00:00:00-04:00,14.640328637897767,14.663230147107154,13.840045378460548,14.28462028503418,874012000,0.0,0.0
2020-09-03 00:00:00-04:00,13.769103935928273,13.824613370460439,12.823201635457625,12.959362030029297,945128000,0.0,0.0
2020-09-04 00:00:00-04:00,12.72861072124861,13.118173789760052,11.654265141820803,12.5680570602417,1463684000,0.0,0.0
2020-09-08 00:00:00-04:00,11.683885878412541,12.495868665952957,11.653766757408798,11.861616134643555,795728000,0.0,0.0
2020-09-09 00:00:00-04:00,12.346514414990567,12.75399944583385,12.178990048023763,12.66015625,736200000,0.0,0.0
2020-09-10 00:00:00-04:00,12.933223515687224,13.008895916801286,12.114519770501584,12.258646011352539,698684000,0.0,0.0
2020-09-11 00:00:00-04:00,12.431646509399577,12.597926004409656,11.844439994967425,12.112030982971191,636928000,0.0,0.0
2020-09-14 00:00:00-04:00,13.024577957063135,13.25756789875659,12.576767920086505,12.816727638244629,1201744000,0.0,0.0
2020-09-15 00:00:00-04:00,13.222719102887627,13.241388418414578,12.7724202640412,12.934966087341309,727556000,0.0,0.0
2020-09-16 00:00:00-04:00,12.901362978238856,13.036278499769432,12.4597762967511,12.460522651672363,556384000,0.0,0.0
2020-09-17 00:00:00-04:00,12.07991998724421,12.535447115383795,11.98284068441075,12.409741401672363,792512000,0.0,0.0
2020-09-18 00:00:00-04:00,12.539431169954202,12.578013731233012,11.937041086164525,12.136675834655762,698460000,0.0,0.0
2020-09-21 00:00:00-04:00,11.873565272826937,12.468487983542184,11.85315351112342,12.463260650634766,721044000,0.0,0.0
2020-09-22 00:00:00-04:00,12.520760350235273,12.593445435426194,12.10307037011186,12.583239555358887,646452000,0.0,0.0
2020-09-23 00:00:00-04:00,12.5212581987383,12.672105439487142,12.027149449148329,12.071456909179688,647012000,0.0,0.0
2020-09-24 00:00:00-04:00,12.020178955986067,12.515283765429503,11.962179781141215,12.29473876953125,731240000,0.0,0.0
2020-09-25 00:00:00-04:00,12.393811062020282,12.82793035635289,12.192931457497625,12.818222045898438,588016000,0.0,0.0
2020-09-28 00:00:00-04:00,12.984005218588951,12.995455974352662,12.695007286262086,12.978777885437012,573808000,0.0,0.0
2020-09-29 00:00:00-04:00,12.88169735695408,13.384768065727984,12.877466113660384,13.16870403289795,621460000,0.0,0.0
2020-09-30 00:00:00-04:00,13.100748073599721,13.563742542883896,13.093529512118515,13.472139358520508,689184000,0.0,0.0
2020-10-01 00:00:00-04:00,13.698656036434686,13.70338484870825,13.402687462629956,13.555774688720703,525004000,0.0,0.0
2020-10-02 00:00:00-04:00,13.167958188027503,13.461187347792777,12.9947079495707,13.00590991973877,552496000,0.0,0.0
2020-10-05 00:00:00-04:00,13.178910712130937,13.585399709035006,13.165717512425775,13.583657264709473,479820000,0.0,0.0
2020-10-06 00:00:00-04:00,13.770349630542391,14.081004214097689,13.60606133146238,13.677252769470215,784420000,0.0,0.0
2020-10-07 00:00:00-04:00,13.939365681751335,14.058350407618336,13.803702868616245,13.903769493103027,418084000,0.0,0.0
2020-10-08 00:00:00-04:00,14.01429129045017,14.023750816263338,13.698659142162176,13.779060363769531,378900000,0.0,0.0
2020-10-09 00:00:00-04:00,13.70762040717948,13.764623499410625,13.601828874328715,13.703388214111328,346892000,0.0,0.0
2020-10-12 00:00:00-04:00,13.929158832555586,14.285116896035671,13.852491292566945,14.16463851928711,434744000,0.0,0.0
2020-10-13 00:00:00-04:00,14.234835409119126,14.28661116418,13.958283407222073,14.186793327331543,344604000,0.0,0.0
2020-10-14 00:00:00-04:00,14.228862717598037,14.280887264715126,13.899788560818896,14.034455299377441,276100000,0.0,0.0
2020-10-15 00:00:00-04:00,13.751182773950996,13.945341414351493,13.708368017226269,13.909746170043945,267224000,0.0,0.0
2020-10-16 00:00:00-04:00,13.976205093854658,14.060589716200548,13.73300832168819,13.75192642211914,242392000,0.0,0.0
2020-10-19 00:00:00-04:00,13.843032003278086,13.923184432811734,13.348922328803374,13.439530372619629,298068000,0.0,0.0
2020-10-20 00:00:00-04:00,13.524912268022215,13.740229967654253,13.448742284587745,13.586645126342773,229212000,0.0,0.0
2020-10-21 00:00:00-04:00,13.56623229376561,13.732014232770208,13.419368456639658,13.466414451599121,219596000,0.0,0.0
2020-10-22 00:00:00-04:00,13.46417579046509,13.553040456540899,13.174679330506805,13.303372383117676,290480000,0.0,0.0
2020-10-23 00:00:00-04:00,13.391987145890786,13.534619742053748,13.233922285663485,13.531632423400879,233484000,0.0,0.0
2020-10-26 00:00:00-04:00,13.369084922504582,13.633688585873971,12.98226043969902,13.084567070007324,336896000,0.0,0.0
2020-10-27 00:00:00-04:00,13.248606162274928,13.384020175552658,13.134599996643855,13.33896541595459,250520000,0.0,0.0
2020-10-28 00:00:00-04:00,13.141073702441242,13.20280655451587,12.554614456414914,12.57253646850586,376520000,0.0,0.0
2020-10-29 00:00:00-04:00,12.78312583190054,13.13584785804943,12.695007521608149,12.967825889587402,320080000,0.0,0.0
2020-10-30 00:00:00-04:00,12.794576492375915,12.88070262306885,12.246948531109375,12.479939460754395,416820000,0.0,0.0
2020-11-02 00:00:00-05:00,12.603153941396506,12.781381768805504,12.341537577545923,12.52648639678955,299652000,0.0,0.0
2020-11-03 00:00:00-05:00,12.65368237275663,13.04847172342942,12.548388437005105,12.963340759277344,272900000,0.0,0.0
2020-11-04 00:00:00-05:00,13.331498827212098,13.767859091534874,13.279474284873544,13.73475170135498,410228000,0.0,0.0
2020-11-05 00:00:00-05:00,14.101413431699372,14.277151505773915,13.930652955568876,14.098923683166504,319028000,0.0,0.0
2020-11-06 00:00:00-05:00,14.048891455608413,14.525825518344906,13.835068378723031,14.499191284179688,383348000,0.0,0.0
2020-11-09 00:00:00-05:00,14.489729930526279,14.628130315864713,13.552042441365499,13.571955680847168,582976000,0.0,0.0
2020-11-10 00:00:00-05:00,13.54781121416907,13.54781121416907,12.573781115211155,12.714920043945312,644068000,0.0,0.0
2020-11-11 00:00:00-05:00,12.997443663485662,13.37704954994391,12.892398509548538,13.360122680664062,404744000,0.0,0.0
2020-11-12 00:00:00-05:00,13.420862549659276,13.706624366727366,13.258565493925284,13.39870834350586,365812000,0.0,0.0
2020-11-13 00:00:00-05:00,13.568472254694553,13.609793346805214,13.002922328890708,13.239646911621094,346312000,0.0,0.0
2020-11-16 00:00:00-05:00,13.11568372017377,13.590626548003572,13.099255366942009,13.456955909729004,413776000,0.0,0.0
2020-11-17 00:00:00-05:00,13.494044215080645,13.53760531971783,13.246367406234198,13.36435604095459,312028000,0.0,0.0
2020-11-18 00:00:00-05:00,13.407172128790208,13.54706619704426,13.128131296756674,13.370829582214355,510924000,0.0,0.0
2020-11-19 00:00:00-05:00,13.155760695717245,13.429325390449687,13.043496960142532,13.382279396057129,565936000,0.0,0.0
2020-11-20 00:00:00-05:00,13.395969898317098,13.436294899913538,13.008646866876623,13.031299591064453,341088000,0.0,0.0
2020-11-23 00:00:00-05:00,13.11443868783319,13.324776855880762,12.959360212033532,13.08332347869873,361356000,0.0,0.0
2020-11-24 00:00:00-05:00,13.085813935486797,13.105229608148392,12.829424883595962,12.901861190795898,346500000,0.0,0.0
2020-11-25 00:00:00-05:00,12.976286647330468,13.212263899302625,12.96384075400701,13.177663803100586,259916000,0.0,0.0
2020-11-27 00:00:00-05:00,13.317308922458194,13.349669004408476,13.113690805350098,13.204049110412598,167276000,0.0,0.0
2020-11-30 00:00:00-05:00,13.207784992620201,13.354648825249436,12.916297341464292,13.343695640563965,286952000,0.0,0.0
2020-12-01 00:00:00-05:00,13.434056816831285,13.470399365349985,13.171194590361214,13.332247734069824,296948000,0.0,0.0
2020-12-02 00:00:00-05:00,13.292912927938184,13.614519626778788,13.17716433256019,13.486076354980469,283360000,0.0,0.0
2020-12-03 00:00:00-05:00,13.532891248388985,13.605100097734832,13.275431014926465,13.342161178588867,199520000,0.004,0.0
2020-12-04 00:00:00-05:00,13.394450674202265,13.505503297047852,13.334941202298934,13.50376033782959,202244000,0.0,0.0
2020-12-07 00:00:00-05:00,13.546586206055725,13.676063849403539,13.445743434248142,13.552063941955566,223244000,0.0,0.0
2020-12-08 00:00:00-05:00,13.530402826794454,13.544097642446557,13.228122398331958,13.296347618103027,271920000,0.0,0.0
2020-12-09 00:00:00-05:00,13.247043357447485,13.360086828024684,12.816530607506692,12.878779411315918,401300000,0.0,0.0
2020-12-10 00:00:00-05:00,12.817278035078495,13.016225157346986,12.797855678959717,12.920112609863281,207764000,0.0,0.0
2020-12-11 00:00:00-05:00,12.915136194359423,12.967674784132601,12.771465999770056,12.960951805114746,209264000,0.0,0.0
2020-12-14 00:00:00-05:00,13.035398774169177,13.334939820019592,13.024941019943634,13.255261421203613,270156000,0.0,0.0
2020-12-15 00:00:00-05:00,13.38573457742504,13.409887145651437,13.133752090709104,13.306803703308105,193016000,0.0,0.0
2020-12-16 00:00:00-05:00,13.368551635520681,13.38324283069944,13.159395634385488,13.189275741577148,223116000,0.0,0.0
2020-12-17 00:00:00-05:00,13.31302693964413,13.325726318719184,13.12553395287217,13.287630081176758,231384000,0.0,0.0
2020-12-18 00:00:00-05:00,13.325229723016056,13.351125252225733,13.017970240699636,13.218660354614258,342064000,0.0,0.0
2020-12-21 00:00:00-05:00,13.022200773575815,13.316264063450639,12.915381612940775,13.278665542602539,302332000,0.0,0.0
2020-12-22 00:00:00-05:00,13.265719617640173,13.283646925526869,13.001535460648212,13.224884033203125,185580000,0.0,0.0
2020-12-23 00:00:00-05:00,13.20272169186044,13.221645381169145,12.952731046047212,12.956963539123535,179144000,0.0,0.0
2020-12-24 00:00:00-05:00,12.98485057196713,13.079717874685622,12.886747159830435,12.94152545928955,97884000,0.0,0.0
2020-12-28 00:00:00-05:00,13.009999423359698,13.009999423359698,12.711952513384338,12.848152160644531,212564000,0.0,0.0
2020-12-29 00:00:00-05:00,12.873054416539937,13.019961649769133,12.790636670913601,12.891230583190918,170372000,0.0,0.0
2020-12-30 00:00:00-05:00,12.938040099740185,13.160642074392083,12.844916701690002,13.092915534973145,225396000,0.0,0.0
2020-12-31 00:00:00-05:00,13.083702589161886,13.098143976917555,12.863092439192675,13.002530097961426,192424000,0.0,0.0
2021-01-04 00:00:00-05:00,13.05158327179001,13.597630023242596,12.910402638287994,13.060795783996582,560640000,0.0,0.0
2021-01-05 00:00:00-05:00,13.047100420987022,13.389468856919152,13.03440199119971,13.350874900817871,322760000,0.0,0.0
2021-01-06 00:00:00-05:00,13.169358986371599,13.1917685974878,12.535417654961735,12.563802719116211,580424000,0.0,0.0
2021-01-07 00:00:00-05:00,12.915381167862042,13.323982965116926,12.834707343598083,13.29036808013916,461480000,0.0,0.0
2021-01-08 00:00:00-05:00,13.3087946092629,13.367058829260577,12.989582367036666,13.223388671875,292528000,0.0,0.0
2021-01-11 00:00:00-05:00,13.36481712213483,13.904888339693949,13.30879358227213,13.566752433776855,518344000,0.0,0.0
2021-01-12 00:00:00-05:00,13.697227113464349,13.699219880759559,13.291365574551167,13.430553436279297,291476000,0.0,0.0
2021-01-13 00:00:00-05:00,13.435780480820373,13.570238113948005,13.331202954948628,13.477362632751465,210028000,0.0,0.0
2021-01-14 00:00:00-05:00,13.520442716544837,13.545093004651417,13.127528408243663,13.147198677062988,283120000,0.0,0.0
2021-01-15 00:00:00-05:00,13.174837191380403,13.27169633457119,12.796862940233225,12.807818412780762,277780000,0.0,0.0
2021-01-19 00:00:00-05:00,12.963938646680148,13.041376382345534,12.7923811074272,12.97290325164795,226188000,0.0,0.0
2021-01-20 00:00:00-05:00,13.05904913488603,13.376518351794019,13.004270844202553,13.312028884887695,258572000,0.0,0.0
2021-01-21 00:00:00-05:00,13.364567113503249,13.942983374771993,13.199732617428268,13.811762809753418,337780000,0.0,0.0
2021-01-22 00:00:00-05:00,13.684779271402295,13.786120714632485,13.572482355871044,13.657389640808105,246820000,0.0,0.0
2021-01-25 00:00:00-05:00,13.726357882174739,13.772920052167269,13.183299421048913,13.598374366760254,251112000,0.0,0.0
2021-01-26 00:00:00-05:00,13.525919807719731,13.589911580254576,13.333695631638935,13.381254196166992,163980000,0.0,0.0
2021-01-27 00:00:00-05:00,13.176827521248605,13.179566863996952,12.742331097480742,12.865833282470703,371272000,0.0,0.0
2021-01-28 00:00:00-05:00,12.944012405842228,13.286131862361849,12.908405713559489,12.998541831970215,228316000,0.0,0.0
2021-01-29 00:00:00-05:00,13.022449229079449,13.281155615738037,12.859606529711234,12.937541961669922,271552000,0.0,0.0
2021-02-01 00:00:00-05:00,13.000788099819756,13.217413681369504,12.85089267680462,13.183799743652344,217204000,0.0,0.0
2021-02-02 00:00:00-05:00,13.344901879862357,13.517454850735652,13.232106292395617,13.502266883850098,220440000,0.0,0.0
2021-02-03 00:00:00-05:00,13.581194289613904,13.87575623581958,13.462175370601546,13.476119041442871,245408000,0.0,0.0
2021-02-04 00:00:00-05:00,13.476619285849223,13.618546504869126,13.284146250549627,13.609333992004395,201340000,0.0,0.0
2021-02-05 00:00:00-05:00,13.669838214950548,13.682038927768824,13.491307924573183,13.536375999450684,169152000,0.0,0.0
2021-02-08 00:00:00-05:00,13.67207771550362,14.415577407685298,13.67207771550362,14.380718231201172,434624000,0.0,0.0
2021-02-09 00:00:00-05:00,14.283112900004856,14.524638573331769,14.165338264412211,14.205924987792969,287560000,0.0,0.0
2021-02-10 00:00:00-05:00,14.40512039530339,14.845094516583352,14.283859846653357,14.704910278320312,485352000,0.0,0.0
2021-02-11 00:00:00-05:00,14.920043907883057,15.21087016144193,14.865015793501902,15.18945598602295,450828000,0.0,0.0
2021-02-12 00:00:00-05:00,14.989512421221601,15.229792846310929,14.715617109549683,14.901119232177734,374756000,0.0,0.0
2021-02-16 00:00:00-05:00,15.003705976694079,15.310717529206354,14.88991497110362,15.268636703491211,321960000,0.0,0.0
2021-02-17 00:00:00-05:00,15.11002462754426,15.162314342745137,14.72059633006822,14.846090316772461,274756000,0.0,0.0
2021-02-18 00:00:00-05:00,14.669804025488334,14.813474199049633,14.516422672580028,14.769402503967285,233868000,0.0,0.0
2021-02-19 00:00:00-05:00,14.964114181705161,15.116001413378493,14.787078950270823,14.866508483886719,271724000,0.0,0.0
2021-02-22 00:00:00-05:00,14.715367473678917,15.072427078711511,14.26742515013621,14.298051834106445,325884000,0.0,0.0
2021-02-23 00:00:00-05:00,14.018679913027913,14.181523573742238,13.335685999500365,14.085162162780762,391780000,0.0,0.0
2021-02-24 00:00:00-05:00,14.065991018346837,14.44844754946419,13.70071427051266,14.440728187561035,448320000,0.0,0.0
2021-02-25 00:00:00-05:00,13.989051767919369,14.316978865969865,13.163135090164083,13.25401782989502,824436000,0.0,0.0
2021-02-26 00:00:00-05:00,13.697226388407962,13.798816671905104,13.307300359607096,13.659379959106445,500932000,0.0,0.0
2021-03-01 00:00:00-05:00,13.819235683276025,13.869034920751616,13.49877912411454,13.78611946105957,353184000,0.0,0.0
2021-03-02 00:00:00-05:00,13.844133522659883,13.864551312583613,13.342159459835498,13.352368354797363,264116000,0.0,0.0
2021-03-03 00:00:00-05:00,13.372290481495257,13.397438485265281,12.74731186627363,12.753288269042969,377592000,0.0,0.0
2021-03-04 00:00:00-05:00,12.749302617793662,12.922852894444349,12.035184286271841,12.32053279876709,573344000,0.0,0.0
2021-03-05 00:00:00-05:00,12.499560385516855,12.499560385516855,11.632309598213094,12.411416053771973,542840000,0.0,0.0
2021-03-08 00:00:00-05:00,12.399960789446373,12.421125153517597,11.52001165248514,11.54665470123291,543112000,0.0,0.0
2021-03-09 00:00:00-05:00,12.085666683941009,12.570378398131114,12.014927537191268,12.474233627319336,521824000,0.004,0.0
2021-03-10 00:00:00-05:00,12.793305748971898,12.932292694520745,12.411714009519088,12.42242431640625,384376000,0.0,0.0
2021-03-11 00:00:00-05:00,12.902405394482225,12.998302184299803,12.687697531280483,12.945745468139648,299916000,0.0,0.0
2021-03-12 00:00:00-05:00,12.601766193915818,12.841382783697172,12.54373079229376,12.80875301361084,243964000,0.0,0.0
2021-03-15 00:00:00-04:00,12.817467955931283,13.158211007285875,12.720326450748013,13.142767906188965,221988000,0.0,0.0
2021-03-16 00:00:00-04:00,13.307409797577044,13.462836579062207,13.068541055091844,13.242400169372559,272128000,0.0,0.0
2021-03-17 00:00:00-04:00,12.991825039852959,13.403805133986928,12.941759670722005,13.292217254638672,243864000,0.0,0.0
2021-03-18 00:00:00-04:00,13.088219157514716,13.13554423645725,12.67026061604295,12.675740242004395,293896000,0.0,0.0
2021-03-19 00:00:00-04:00,12.70314025989356,12.874010155684777,12.566145800065824,12.798538208007812,299208000,0.0,0.0
2021-03-22 00:00:00-04:00,12.865290689757089,13.345269600925587,12.859312225279986,13.137784957885742,297804000,0.0,0.0
2021-03-23 00:00:00-04:00,13.205536681234243,13.29545500368924,12.973393215824773,13.022711753845215,222048000,0.0,0.0
2021-03-24 00:00:00-04:00,13.102914093626651,13.110885063082709,12.590305409184253,12.596531867980957,245840000,0.0,0.0
2021-03-25 00:00:00-04:00,12.453559661763387,12.66801854798427,12.226895852352571,12.489177703857422,295144000,0.0,0.0
2021-03-26 00:00:00-04:00,12.508358356195133,12.80899952364286,12.328023824665465,12.792061805725098,363968000,0.0,0.0
2021-03-29 00:00:00-04:00,12.773130700711981,13.0144907889492,12.653322911949298,12.900660514831543,273520000,0.0,0.0
2021-03-30 00:00:00-04:00,12.794799477231956,12.927559954995703,12.658302934549999,12.824440002441406,200204000,0.0,0.0
2021-03-31 00:00:00-04:00,12.9676641139645,13.420991773399177,12.934785406687192,13.29919147491455,314776000,0.0,0.0
2021-04-01 00:00:00-04:00,13.522368421618353,13.819023625386853,13.461591793310602,13.760988235473633,308276000,0.0,0.0
2021-04-05 00:00:00-04:00,13.816533522907958,13.962494731258166,13.682527344785477,13.936092376708984,255672000,0.0,0.0
2021-04-06 00:00:00-04:00,13.94829577953062,14.00259509902504,13.722877637600922,13.810553550720215,191744000,0.0,0.0
2021-04-07 00:00:00-04:00,13.829733469793657,14.191150299741128,13.661105981821104,14.09151840209961,251284000,0.0,0.0
2021-04-08 00:00:00-04:00,14.20036565422222,14.418311657652836,14.19662863887845,14.264379501342773,244416000,0.0,0.0
2021-04-09 00:00:00-04:00,14.161758253910516,14.355045478293736,14.122902033632048,14.347074508666992,195172000,0.0,0.0
2021-04-12 00:00:00-04:00,14.237233597003453,15.296077729686706,14.087286405645006,15.153104782104492,869324000,0.0,0.0
2021-04-13 00:00:00-04:00,15.17551855147795,15.642296785961808,15.070157136320923,15.621871948242188,676212000,0.0,0.0
2021-04-14 00:00:00-04:00,15.567575372230744,15.662724385304463,15.171536216754417,15.220854759216309,385500000,0.0,0.0
2021-04-15 00:00:00-04:00,15.604939921944846,16.15466239598031,15.574053711645691,16.077945709228516,598480000,0.0,0.0
2021-04-16 00:00:00-04:00,15.993999034973276,16.10633564214932,15.806939219576352,15.854016304016113,335208000,0.0,0.0
2021-04-19 00:00:00-04:00,15.479399250455955,15.749403162911921,15.177014518006649,15.305291175842285,404420000,0.0,0.0
2021-04-20 00:00:00-04:00,15.266932701181231,15.440044046604253,14.908007196915346,15.11549186706543,334132000,0.0,0.0
2021-04-21 00:00:00-04:00,15.063186285758242,15.306041043527214,15.0467474042477,15.304048538208008,216776000,0.0,0.0
2021-04-22 00:00:00-04:00,15.318492618235641,15.381759641026642,14.729166263249828,14.795671463012695,277788000,0.0,0.0
2021-04-23 00:00:00-04:00,14.879361749601612,15.27863902524811,14.845487265337356,15.209145545959473,227500000,0.0,0.0
2021-04-26 00:00:00-04:00,15.129190614058306,15.422109741768356,15.069410715459696,15.421113014221191,197796000,0.0,0.0
2021-04-27 00:00:00-04:00,15.521242850194147,15.61290472261558,15.298066158653663,15.325216293334961,164572000,0.0,0.0
2021-04-28 00:00:00-04:00,15.308032833296224,15.475166680106252,15.159580267005879,15.22060489654541,209416000,0.0,0.0
2021-04-29 00:00:00-04:00,15.343400960325498,15.37976679134769,15.016108481125764,15.268427848815918,173196000,0.0,0.0
2021-04-30 00:00:00-04:00,15.118730665369561,15.308529842071689,14.941882296807739,14.954336166381836,201912000,0.0,0.0
2021-05-03 00:00:00-04:00,15.069411410988684,15.190713824195964,14.73315219758806,14.782220840454102,203912000,0.0,0.0
2021-05-04 00:00:00-04:00,14.583453950082967,14.583702894438511,13.958758495262643,14.298504829406738,405324000,0.0,0.0
2021-05-05 00:00:00-04:00,14.654938309097338,14.75905499847583,14.334620122131005,14.405359268188477,292024000,0.0,0.0
2021-05-06 00:00:00-04:00,14.441976491548107,14.517697387535478,14.16574610808728,14.469624519348145,193380000,0.0,0.0
2021-05-07 00:00:00-04:00,14.753822722474506,14.915724883838946,14.61782407077958,14.757807731628418,229328000,0.0,0.0
2021-05-10 00:00:00-04:00,14.732901783793752,14.751583061695198,14.197626779371475,14.213318824768066,268904000,0.0,0.0
2021-05-11 00:00:00-04:00,13.774189592576713,14.301992504029124,13.699465425742892,14.253670692443848,285584000,0.0,0.0
2021-05-12 00:00:00-04:00,13.9580113483226,14.207840322870009,13.658865734558306,13.707934379577637,303408000,0.0,0.0
2021-05-13 00:00:00-04:00,13.982170917934267,14.028999059175959,13.409533367126928,13.615025520324707,285404000,0.0,0.0
2021-05-14 00:00:00-04:00,13.83895053700073,14.275340485481827,13.697970119526413,14.190652847290039,258616000,0.0,0.0
2021-05-17 00:00:00-04:00,14.104966887360309,14.11717181044514,13.80258314797826,14.113435745239258,216980000,0.0,0.0
2021-05-18 00:00:00-04:00,14.214565990259484,14.35131151460924,13.952532083750327,13.964239120483398,186256000,0.0,0.0
2021-05-19 00:00:00-04:00,13.516638780467643,14.027753839066552,13.493474603613123,14.014054298400879,344000000,0.0,0.0
2021-05-20 00:00:00-04:00,14.249934831389337,14.62978403099266,14.21805284914082,14.558795928955078,321592000,0.0,0.0
2021-05-21 00:00:00-04:00,15.108016123390577,15.166052454228243,14.814848087607245,14.93664836883545,672992000,0.0,0.0
2021-05-24 00:00:00-04:00,15.156590063922868,15.687133265807587,15.120224232908976,15.554622650146484,554816000,0.0,0.0
2021-05-25 00:00:00-04:00,15.708055773561385,15.760362594796842,15.425597988720599,15.590240478515625,435408000,0.0,0.0
2021-05-26 00:00:00-04:00,15.676423080242675,15.735704145609564,15.52896724992977,15.642298698425293,370440000,0.0,0.0
2021-05-27 00:00:00-04:00,15.642048790934533,15.692114160752126,15.403180033259336,15.431077003479004,581476000,0.0,0.0
2021-05-28 00:00:00-04:00,15.444027357726569,16.21767312523201,15.444027357726569,16.18479347229004,644536000,0.0,0.0
2021-06-01 00:00:00-04:00,16.210203934751263,16.328019228538366,15.844801122756069,16.204723358154297,472804000,0.0,0.0
2021-06-02 00:00:00-04:00,16.192515583059503,16.856565955945943,16.17582681316416,16.716581344604492,594168000,0.0,0.0
2021-06-03 00:00:00-04:00,16.639368724927916,17.19556736897667,16.522051333849653,16.907379150390625,580008000,0.0,0.0
2021-06-04 00:00:00-04:00,17.049605310936567,17.596089458232893,17.032669494095202,17.51364517211914,617120000,0.0,0.0
2021-06-07 00:00:00-04:00,17.5066700158796,17.7470324200021,17.12956115972956,17.554243087768555,575756000,0.0,0.0
2021-06-08 00:00:00-04:00,17.462830794677384,17.556734115441593,17.18759528524921,17.392839431762695,323848000,0.0,0.0
2021-06-09 00:00:00-04:00,17.455372530301904,17.514418168620654,17.196268545386232,17.29841423034668,381656000,0.004,0.0
2021-06-10 00:00:00-04:00,17.290194588207186,17.43170530908903,17.1167945825232,17.36493492126465,287772000,0.0,0.0
2021-06-11 00:00:00-04:00,17.419248285060828,17.877414660065863,17.383622077318115,17.76380729675293,416308000,0.0,0.0
2021-06-14 00:00:00-04:00,17.84427977971432,17.97731876578179,17.601868346834245,17.956640243530273,321376000,0.0,0.0
2021-06-15 00:00:00-04:00,17.85324933990934,17.954150035131732,17.666893640244776,17.727184295654297,243032000,0.0,0.0
2021-06-16 00:00:00-04:00,17.729431601218703,17.892865905840157,17.523891337093925,17.748863220214844,307124000,0.0,0.0
2021-06-17 00:00:00-04:00,17.713230770641097,18.770074396069546,17.69504416542192,18.592937469482422,809656000,0.0,0.0
2021-06-18 00:00:00-04:00,18.71925067030263,19.30821305776164,18.51993932359038,18.574501037597656,968856000,0.0,0.0
2021-06-21 00:00:00-04:00,18.371703230531587,18.472605819565104,17.76131527148521,18.363731384277344,672384000,0.0,0.0
2021-06-22 00:00:00-04:00,18.407826383212395,18.898379965112767,18.322620399758176,18.821643829345703,580144000,0.0,0.0
2021-06-23 00:00:00-04:00,18.942232994544018,19.0867336597578,18.84257729781816,18.991561889648438,332356000,0.0,0.0
2021-06-24 00:00:00-04:00,19.161471913925485,19.353058520618433,19.022451210045137,19.139297485351562,320924000,0.0,0.0
2021-06-25 00:00:00-04:00,19.214042880819722,19.27881936597167,18.829373695027133,18.965402603149414,278364000,0.0,0.0
2021-06-28 00:00:00-04:00,19.294510415626913,20.00953782998567,19.25240637349924,19.91611099243164,495436000,0.0,0.0
2021-06-29 00:00:00-04:00,19.81396426181728,20.029468310884855,19.58924145905206,19.957717895507812,367632000,0.0,0.0
2021-06-30 00:00:00-04:00,19.93031286945108,20.093000115257194,19.795279984425818,19.933551788330078,326568000,0.0,0.0
2021-07-01 00:00:00-04:00,20.055632059782717,20.385490527597725,19.949996529159517,20.142332077026367,480136000,0.0,0.0
2021-07-02 00:00:00-04:00,20.36979576583469,20.43457225231236,20.21782125954532,20.416383743286133,342764000,0.0,0.0
2021-07-06 00:00:00-04:00,20.666018525350328,20.77015813867355,20.280104352666278,20.627153396606445,446708000,0.0,0.0
2021-07-07 00:00:00-04:00,20.781614931327567,20.803040452353898,20.261912992280784,20.301525115966797,418428000,0.0,0.0
2021-07-08 00:00:00-04:00,19.788056528694977,20.063602249461436,19.632843115344528,19.83414649963379,503300000,0.0,0.0
2021-07-09 00:00:00-04:00,19.893687412394865,20.011031686742374,19.686155219860904,19.98113441467285,296624000,0.0,0.0
2021-07-12 00:00:00-04:00,20.170231770581537,20.461972057856865,20.118161969430805,20.44179344177246,321984000,0.0,0.0
2021-07-13 00:00:00-04:00,20.330177323660422,20.390718871936702,20.04466588340788,20.18019676208496,290708000,0.0,0.0
2021-07-14 00:00:00-04:00,20.287574757322712,20.3473673991596,19.684660708468368,19.773103713989258,380100000,0.0,0.0
2021-07-15 00:00:00-04:00,19.74345771305895,19.77858591455297,18.79349276060635,18.90087127685547,550564000,0.0,0.0
2021-07-16 00:00:00-04:00,18.964904144857933,19.090967290639107,18.010704097196164,18.098400115966797,688224000,0.0,0.0
2021-07-19 00:00:00-04:00,17.853497190988364,18.976362343498174,17.803917401134495,18.715017318725586,749060000,0.0,0.0
2021-07-20 00:00:00-04:00,18.665437217414535,18.773064743639477,18.101388235116307,18.54784393310547,434687000,0.0,4.0
2021-07-21 00:00:00-04:00,18.81691585718277,19.45969307152444,18.67739902955173,19.343095779418945,371017000,0.0,0.0
2021-07-22 00:00:00-04:00,19.574293617288724,19.818448030291623,19.209554105329772,19.526458740234375,323826000,0.0,0.0
2021-07-23 00:00:00-04:00,19.5882451844346,19.632094138275786,19.18364454445937,19.490583419799805,195672000,0.0,0.0
2021-07-26 00:00:00-04:00,19.24443870206173,19.37498578095671,18.848805839371344,19.227497100830078,203943000,0.0,0.0
2021-07-27 00:00:00-04:00,19.198591207828677,19.554360946532352,18.676397315586588,19.141788482666016,248863000,0.0,0.0
2021-07-28 00:00:00-04:00,19.252406188851747,19.578278660578594,18.929523634403203,19.435771942138672,202191000,0.0,0.0
2021-07-29 00:00:00-04:00,19.451718199146022,19.78456845561129,19.261376580692936,19.594226837158203,190781000,0.0,0.0
2021-07-30 00:00:00-04:00,19.35106731996473,19.562336470219837,19.1966028063269,19.43178939819336,183497000,0.0,0.0
2021-08-02 00:00:00-04:00,19.63209982500397,19.89219990444975,19.294267573085897,19.681926727294922,217444000,0.0,0.0
2021-08-03 00:00:00-04:00,19.671958043759762,20.152296989603176,19.153749973523123,19.746700286865234,301811000,0.0,0.0
2021-08-04 00:00:00-04:00,19.921097238700884,20.247967690687908,19.759654974548358,20.204118728637695,231309000,0.0,0.0
2021-08-05 00:00:00-04:00,20.42933387160919,20.661530493054816,20.271877575083252,20.565860748291016,211435000,0.0,0.0
2021-08-06 00:00:00-04:00,20.45325366267707,20.49909462866521,20.140334945269064,20.29579734802246,178497000,0.0,0.0
2021-08-09 00:00:00-04:00,20.37552091210464,20.43730746916473,20.07356586786639,20.22504234313965,146443000,0.0,0.0
2021-08-10 00:00:00-04:00,20.25195008967123,20.35957761344973,19.766627375953473,19.867280960083008,179238000,0.0,0.0
2021-08-11 00:00:00-04:00,19.973908022072912,19.9798878561772,19.363022159673235,19.631093978881836,185925000,0.0,0.0
2021-08-12 00:00:00-04:00,19.80151033623967,19.959960768948545,19.552372068752263,19.836389541625977,151652000,0.0,0.0
2021-08-13 00:00:00-04:00,19.83639035283201,20.144325279245585,19.78257563330717,20.1184139251709,183063000,0.0,0.0
2021-08-16 00:00:00-04:00,20.065593064053427,20.217069532094754,19.385942869614865,19.8812313079834,210876000,0.0,0.0
2021-08-17 00:00:00-04:00,19.61714701214786,19.70185501306102,19.2005885511107,19.39093017578125,204585000,0.0,0.0
2021-08-18 00:00:00-04:00,19.43278053951517,19.566319396687003,18.93450411542504,18.974367141723633,285913000,0.0,0.0
2021-08-19 00:00:00-04:00,19.426802456904166,20.424353301221036,18.697325356525393,19.729755401611328,766555000,0.0,0.0
2021-08-20 00:00:00-04:00,19.922090443139417,20.79307832111632,19.86429170671667,20.744247436523438,675741000,0.0,0.0
2021-08-23 00:00:00-04:00,20.898715368530024,21.921177903907907,20.877787845028326,21.882312774658203,575807000,0.0,0.0
2021-08-24 00:00:00-04:00,21.678017210916853,21.88330650113912,21.460768250925426,21.717878341674805,297299000,0.0,0.0
2021-08-25 00:00:00-04:00,21.66207542103675,22.392548685209118,21.647127731975118,22.13643455505371,347701000,0.0,0.0
2021-08-26 00:00:00-04:00,22.123480715517967,22.262997548429166,21.714894075614353,21.99193572998047,237940000,0.0,0.0
2021-08-27 00:00:00-04:00,22.10753036152277,22.643675947875877,22.090588763919488,22.557971954345703,304722000,0.0,0.0
2021-08-30 00:00:00-04:00,22.751307262334937,22.963572419378465,22.473269615708634,22.60979652404785,262580000,0.0,0.0
2021-08-31 00:00:00-04:00,22.620754812880616,22.620754812880616,22.04763702019903,22.311769485473633,259850000,0.004,0.0
2021-09-01 00:00:00-04:00,22.411444728207552,22.622751099548815,22.28386320003959,22.36758804321289,201767000,0.0,0.0
2021-09-02 00:00:00-04:00,22.4443354699411,22.51909087939799,22.222065406056725,22.322734832763672,187834000,0.0,0.0
2021-09-03 00:00:00-04:00,22.25197291405603,22.910810001392324,22.127381804573318,22.768278121948242,280532000,0.0,0.0
2021-09-07 00:00:00-04:00,22.758305960984877,22.82409003815894,22.448322522567985,22.587865829467773,198107000,0.0,0.0
2021-09-08 00:00:00-04:00,22.439355044930288,22.53603785625392,21.905107228441466,22.26592445373535,254434000,0.0,0.0
2021-09-09 00:00:00-04:00,22.239014571951014,22.464275126748724,22.058606891844985,22.104455947875977,196856000,0.0,0.0
2021-09-10 00:00:00-04:00,22.274890843403057,22.55198127895653,22.19714689291508,22.40446662902832,248376000,0.0,0.0
2021-09-13 00:00:00-04:00,22.60979183386128,22.888876529423555,21.786493788006073,22.079532623291016,297500000,0.0,0.0
2021-09-14 00:00:00-04:00,22.202130131232664,22.336688726101833,22.013749239081235,22.169239044189453,199755000,0.0,0.0
2021-09-15 00:00:00-04:00,22.236022722228473,22.29383355511717,21.894144334606132,22.26791763305664,166538000,0.0,0.0
2021-09-16 00:00:00-04:00,22.1104320390737,22.204124394587865,21.855268989494725,22.169239044189453,156033000,0.0,0.0
2021-09-17 00:00:00-04:00,22.22704878803294,22.247979999045086,21.758586993159383,21.828357696533203,294503000,0.0,0.0
2021-09-20 00:00:00-04:00,21.076823046954424,21.362884811342862,20.594407146067287,21.04393196105957,349440000,0.0,0.0
2021-09-21 00:00:00-04:00,21.34693855063017,21.354911802354714,20.881467187077302,21.176498413085938,204688000,0.0,0.0
2021-09-22 00:00:00-04:00,21.296102923922355,21.888159587451916,21.126658982440958,21.86922264099121,268726000,0.0,0.0
2021-09-23 00:00:00-04:00,22.067576479469295,22.46128483770894,21.81839426303045,22.408458709716797,248555000,0.0,0.0
2021-09-24 00:00:00-04:00,21.997800571418352,22.07654260470453,21.789484652652416,22.008764266967773,217655000,0.0,0.0
2021-09-27 00:00:00-04:00,21.638981339967028,21.7276909027937,21.255242424863432,21.58914566040039,245215000,0.0,0.0
2021-09-28 00:00:00-04:00,21.144603190689022,21.348932496688196,20.58344330923957,20.63128662109375,343069000,0.0,0.0
2021-09-29 00:00:00-04:00,20.871501019861885,20.948248800717536,20.40004683540283,20.44988441467285,218394000,0.0,0.0
2021-09-30 00:00:00-04:00,20.70006335689361,20.997088873720934,20.620325128983062,20.64823341369629,221009000,0.0,0.0
2021-10-01 00:00:00-04:00,20.68212181172919,20.79076450155357,20.13691029679446,20.674148559570312,240978000,0.0,0.0
2021-10-04 00:00:00-04:00,20.436927789431792,20.474803591708355,19.491032716054217,19.66745376586914,345635000,0.0,0.0
2021-10-05 00:00:00-04:00,19.884739402108554,20.580456026751712,19.789052772537165,20.38409996032715,279282000,0.0,0.0
2021-10-06 00:00:00-04:00,20.054179759788724,20.65221538373166,20.014309704267788,20.632282257080078,297202000,0.0,0.0
2021-10-07 00:00:00-04:00,21.023000423462637,21.25224946522736,20.903394046211478,21.006057739257812,256919000,0.0,0.0
2021-10-08 00:00:00-04:00,21.03197467494621,21.136630744836808,20.707040866525467,20.76285743713379,151258000,0.0,0.0
2021-10-11 00:00:00-04:00,20.507697674953654,20.994100339135553,20.44390594615488,20.627304077148438,163388000,0.0,0.0
2021-10-12 00:00:00-04:00,20.759864289713306,20.988115251158046,20.460846442919173,20.603378295898438,162134000,0.0,0.0
2021-10-13 00:00:00-04:00,20.849571259430128,20.921336231312484,20.645241941754325,20.870502471923828,180652000,0.0,0.0
2021-10-14 00:00:00-04:00,21.218361862587606,21.683833248654274,21.052904524091133,21.674863815307617,243589000,0.0,0.0
2021-10-15 00:00:00-04:00,21.738659242471726,21.85926374202035,21.59114453483169,21.790489196777344,226994000,0.0,0.0
2021-10-18 00:00:00-04:00,21.677856826800955,22.218083693968943,21.573198850194263,22.149309158325195,189494000,0.0,0.0
2021-10-19 00:00:00-04:00,22.203128841785272,22.305792542429998,21.964912250814812,22.217084884643555,161473000,0.0,0.0
2021-10-20 00:00:00-04:00,22.23203574791411,22.359617290338466,21.910092397516213,22.030696868896484,146276000,0.0,0.0
2021-10-21 00:00:00-04:00,22.02471815036075,22.636710001159347,22.010764006896952,22.61777114868164,187590000,0.0,0.0
2021-10-22 00:00:00-04:00,22.748336082650347,23.054330962445018,22.487194064501068,22.651653289794922,249384000,0.0,0.0
2021-10-25 00:00:00-04:00,22.897848159028317,23.278598494667374,22.695513113631097,23.09021759033203,230235000,0.0,0.0
2021-10-26 00:00:00-04:00,23.910523636621996,25.176369464220407,23.845735742786594,24.636140823364258,485898000,0.0,0.0
2021-10-27 00:00:00-04:00,24.39394484368864,25.00792909100821,24.202571550095367,24.37101936340332,245990000,0.0,0.0
2021-10-28 00:00:00-04:00,24.796619505924756,24.868384481883496,24.442781235893953,24.859413146972656,234204000,0.0,0.0
2021-10-29 00:00:00-04:00,24.919211901819345,25.624895953536313,24.918215720709906,25.483360290527344,292503000,0.0,0.0
2021-11-01 00:00:00-04:00,25.565096437115333,25.809293921603484,25.144476013269458,25.74251365661621,265740000,0.0,0.0
2021-11-02 00:00:00-04:00,25.737527951466095,26.590726680343938,25.71559865861731,26.314632415771484,294112000,0.0,0.0
2021-11-03 00:00:00-04:00,26.582757025267508,26.696384427226477,26.14918053197211,26.5109920501709,239910000,0.0,0.0
2021-11-04 00:00:00-04:00,27.139927249878582,31.26239704427072,27.02929029769168,29.703514099121094,1153631000,0.0,0.0
2021-11-05 00:00:00-04:00,30.088249068059874,31.29728030818793,29.313790454475946,29.654672622680664,851260000,0.0,0.0
2021-11-08 00:00:00-05:00,30.050377560399664,30.998266887418577,29.80916860642571,30.703235626220703,503101000,0.0,0.0
2021-11-09 00:00:00-05:00,32.17640325299263,32.20431154001224,29.865984914100363,30.556716918945312,646746000,0.0,0.0
2021-11-10 00:00:00-05:00,29.259972850188642,30.749085226450433,28.683862559196594,29.362634658813477,636206000,0.0,0.0
2021-11-11 00:00:00-05:00,30.368332333995184,30.489932984419298,29.679592774599925,30.290586471557617,332172000,0.0,0.0
2021-11-12 00:00:00-05:00,29.911830378451516,30.579638725096128,29.53307238423617,30.290586471557617,413054000,0.0,0.0
2021-11-15 00:00:00-05:00,30.45205718413863,30.543755287298133,29.15132584547051,29.926780700683594,384909000,0.0,0.0
2021-11-16 00:00:00-05:00,29.661652535322734,30.29058701140295,29.608824510774056,30.104198455810547,264484000,0.0,0.0
2021-11-17 00:00:00-05:00,30.318494131813672,30.409197952977312,28.70578699749506,29.165279388427734,428508000,0.0,0.0
2021-11-18 00:00:00-05:00,32.26112015873358,32.65283230814321,31.21854045241291,31.571382522583008,781711000,0.0,0.0
2021-11-19 00:00:00-05:00,32.13752850967371,32.97976560905506,31.800634810586825,32.87710189819336,533867000,0.0,0.0
2021-11-22 00:00:00-05:00,33.40735181606633,34.53365623352294,31.795642943189414,31.851459503173828,754335000,0.0,0.0
2021-11-23 00:00:00-05:00,31.43183877897173,32.254140700605305,30.778980809021654,31.642148971557617,532163000,0.0,0.0
2021-11-24 00:00:00-05:00,31.358084433513884,32.74752344863697,30.82682705345173,32.567115783691406,435162000,0.0,0.0
2021-11-26 00:00:00-05:00,32.493355877058754,32.60299664841291,31.2474468349952,31.399946212768555,283069000,0.0,0.0
2021-11-29 00:00:00-05:00,32.26012461188157,33.30270053648563,31.931202291527786,33.26681900024414,454964000,0.0,0.0
2021-11-30 00:00:00-05:00,33.060498227989086,33.24389825426,31.75976866465923,32.56911087036133,622066000,0.0,0.0
2021-12-01 00:00:00-05:00,33.11438635947544,33.184165606771984,31.281175255165692,31.336002349853516,484368000,0.004,0.0
2021-12-02 00:00:00-05:00,31.11570313644076,32.375722550194084,30.9272972457991,32.02482986450195,472890000,0.0,0.0
2021-12-03 00:00:00-05:00,31.89922328972484,32.02781864594945,30.03511159214112,30.59634017944336,544325000,0.0,0.0
2021-12-06 00:00:00-05:00,29.785896749769435,30.145759897248112,27.949698785402717,29.94240379333496,658938000,0.0,0.0
2021-12-07 00:00:00-05:00,30.859506976245633,32.34680875654143,30.554469012712545,32.32487487792969,593053000,0.0,0.0
2021-12-08 00:00:00-05:00,31.898232211155804,32.188316185516875,31.322051376993954,31.72577667236328,475551000,0.0,0.0
2021-12-09 00:00:00-05:00,31.634061878266106,32.103581165831095,30.33217500414839,30.393980026245117,488507000,0.0,0.0
2021-12-10 00:00:00-05:00,31.051901151200305,31.206413705262143,29.766960947879433,30.1028995513916,488825000,0.0,0.0
2021-12-13 00:00:00-05:00,30.153740973557664,30.19859933646938,28.02745685315274,28.072315216064453,598344000,0.0,0.0
2021-12-14 00:00:00-05:00,27.61176761656936,28.58768456683166,27.16418223461943,28.247758865356445,667035000,0.0,0.0
2021-12-15 00:00:00-05:00,28.31056319651723,30.403950320139508,27.750332756169268,30.363079071044922,698297000,0.0,0.0
2021-12-16 00:00:00-05:00,31.053895348302806,31.061869576386897,28.004528853648427,28.2976016998291,707366000,0.0,0.0
2021-12-17 00:00:00-05:00,27.896870039197612,28.830919505652275,27.67257823059536,27.713449478149414,713758000,0.0,0.0
2021-12-20 00:00:00-05:00,27.219012340762006,28.05536898927544,27.059516359346297,27.6317081451416,461847000,0.0,0.0
2021-12-21 00:00:00-05:00,28.284645850680768,29.028296854991318,27.31470852270142,28.98343849182129,524385000,0.0,0.0
2021-12-22 00:00:00-05:00,28.800017170257917,29.46192565947625,28.359407778692482,29.30741310119629,395184000,0.0,0.0
2021-12-23 00:00:00-05:00,29.66129709262339,29.964340611891693,29.338318000778614,29.546659469604492,343022000,0.0,0.0
2021-12-27 00:00:00-05:00,29.566596240467327,30.989102457785446,29.54665876702278,30.847549438476562,403686000,0.0,0.0
2021-12-28 00:00:00-05:00,31.213393083122995,31.231336047997825,29.917485879079116,30.226511001586914,420591000,0.0,0.0
2021-12-29 00:00:00-05:00,30.177663603854032,30.451797181054715,29.273518478931255,29.906518936157227,343139000,0.0,0.0
2021-12-30 00:00:00-05:00,29.733070560375477,30.361087673132488,29.446975608009016,29.492830276489258,308864000,0.0,0.0
2021-12-31 00:00:00-05:00,29.580548773634128,29.93542853604102,29.238628557646763,29.318376541137695,266530000,0.0,0.0
2022-01-03 00:00:00-05:00,29.721106030264906,30.61428422261977,29.69119982289277,30.026142120361328,391547000,0.0,0.0
2022-01-04 00:00:00-05:00,30.181656755028943,30.372055271999844,28.25972861799797,29.197765350341797,527154000,0.0,0.0
2022-01-05 00:00:00-05:00,28.857834470045624,29.323364772152377,27.446295212189224,27.517070770263672,498064000,0.0,0.0
2022-01-06 00:00:00-05:00,27.55295615903355,28.348443450993756,26.979768076203065,28.089262008666992,454186000,0.0,0.0
2022-01-07 00:00:00-05:00,28.052377508601495,28.33249270432617,26.971789766731415,27.161191940307617,409939000,0.0,0.0
2022-01-10 00:00:00-05:00,26.49729382964366,27.38249793831708,25.563244238566337,27.3137149810791,594681000,0.0,0.0
2022-01-11 00:00:00-05:00,27.23695493896439,27.97661882621992,26.754479886883722,27.729398727416992,404089000,0.0,0.0
2022-01-12 00:00:00-05:00,27.978612384474925,28.504949514228787,27.52105820708782,27.91082763671875,383413000,0.0,0.0
2022-01-13 00:00:00-05:00,28.289625832276567,28.390307586035668,26.414549141387052,26.491308212280273,540171000,0.0,0.0
2022-01-14 00:00:00-05:00,26.21717640732011,27.111352875878474,26.12745967935316,26.857154846191406,395832000,0.0,0.0
2022-01-18 00:00:00-05:00,26.177304414004546,26.554114306336086,25.68884770952801,25.821428298950195,424270000,0.0,0.0
2022-01-19 00:00:00-05:00,25.996870135634115,26.459407663390692,24.97310403064186,24.988056182861328,488315000,0.0,0.0
2022-01-20 00:00:00-05:00,25.22431303336184,25.49844661807642,24.002172240904777,24.073945999145508,435181000,0.0,0.0
2022-01-21 00:00:00-05:00,23.43297273498428,24.744828429105826,23.18974164646766,23.300392150878906,718958000,0.0,0.0
2022-01-24 00:00:00-05:00,22.25967504955575,23.306367476743638,20.82221696787781,23.29839324951172,913982000,0.0,0.0
2022-01-25 00:00:00-05:00,22.475005143970172,22.870756305750017,21.930724897590224,22.253704071044922,664616000,0.0,0.0
2022-01-26 00:00:00-05:00,23.166811526105583,23.98123803745793,22.229771275614063,22.700284957885742,755959000,0.0,0.0
2022-01-27 00:00:00-05:00,23.49377731200437,23.919432592467135,21.606737447782898,21.87489128112793,573353000,0.0,0.0
2022-01-28 00:00:00-05:00,21.94267865750041,22.78601509261585,21.22893388945279,22.7680721282959,543774000,0.0,0.0
2022-01-31 00:00:00-05:00,23.108993615367613,24.431816145631064,22.979403852664547,24.40888786315918,564680000,0.0,0.0
2022-02-01 00:00:00-05:00,25.024941605227585,25.065812851502276,23.81476408120491,24.560409545898438,518925000,0.0,0.0
2022-02-02 00:00:00-05:00,25.71276773896164,25.73569411876658,24.475674886992383,25.162506103515625,543419000,0.0,0.0
2022-02-03 00:00:00-05:00,24.38097948355901,24.99802967321124,23.705115075622988,23.87258529663086,410178000,0.0,0.0
2022-02-04 00:00:00-05:00,23.896509010672386,24.557421239348365,23.557579565128698,24.242416381835938,354829000,0.0,0.0
2022-02-07 00:00:00-05:00,24.29524762592509,25.10269624776117,24.125782912567686,24.650127410888672,376868000,0.0,0.0
2022-02-08 00:00:00-05:00,24.282283286827955,25.150540457970152,23.90447719428148,25.0289249420166,410359000,0.0,0.0
2022-02-09 00:00:00-05:00,25.541313315747384,26.64084048931407,25.27316132302811,26.62090301513672,524282000,0.0,0.0
2022-02-10 00:00:00-05:00,25.91313678658992,26.840206412140088,25.519380273324217,25.742673873901367,513200000,0.0,0.0
2022-02-11 00:00:00-05:00,25.83438755548586,26.06964442204501,23.698136487325115,23.873580932617188,605472000,0.0,0.0
2022-02-14 00:00:00-05:00,23.858625081970295,24.796661591695667,23.680187951780663,24.190576553344727,440424000,0.0,0.0
2022-02-15 00:00:00-05:00,24.870431043038703,26.461405654812495,24.705951642944154,26.411563873291016,699869000,0.0,0.0
2022-02-16 00:00:00-05:00,26.176304019794223,26.498286759029188,25.471529825588878,26.427509307861328,732676000,0.0,0.0
2022-02-17 00:00:00-05:00,25.549281592655927,25.703794129520272,24.088897124221745,24.429819107055664,810595000,0.0,0.0
2022-02-18 00:00:00-05:00,24.590314838865833,24.9073141846699,23.027253892651444,23.567546844482422,761255000,0.0,0.0
2022-02-22 00:00:00-05:00,22.962457916801178,23.98821671585555,22.927568291074294,23.31633949279785,633422000,0.0,0.0
2022-02-23 00:00:00-05:00,23.727036501662937,24.07892537969438,22.230764394829407,22.316492080688477,566511000,0.0,0.0
2022-02-24 00:00:00-05:00,20.94881900592277,23.72504833875335,20.82421265561137,23.6732120513916,735801000,0.0,0.0
2022-02-25 00:00:00-05:00,23.6462953618656,24.140731680792335,23.307365982681755,24.080921173095703,528866000,0.0,0.0
2022-02-28 00:00:00-05:00,23.916448303789124,24.58732932029643,23.63234593831366,24.308210372924805,477319000,0.0,0.0
2022-03-01 00:00:00-05:00,24.214498384630563,24.300227977678066,23.059148139220046,23.403060913085938,412056000,0.0,0.0
2022-03-02 00:00:00-05:00,23.685224100178537,24.336278491001387,23.34524043941183,24.14784049987793,389642000,0.004,0.0
2022-03-03 00:00:00-05:00,24.189710547156224,24.2535209394166,23.399074019480082,23.64334487915039,365095000,0.0,0.0
2022-03-04 00:00:00-05:00,23.314329501450473,23.609447114971164,22.41501653226553,22.867664337158203,431415000,0.0,0.0
2022-03-07 00:00:00-05:00,22.749018838877227,22.964376798114145,21.2664496692882,21.28838348388672,450821000,0.0,0.0
2022-03-08 00:00:00-05:00,21.24551242955818,22.306341548855194,20.588475444727642,21.449901580810547,557467000,0.0,0.0
2022-03-09 00:00:00-05:00,22.320303633914452,23.150822137347905,22.180721331376475,22.945436477661133,492742000,0.0,0.0
2022-03-10 00:00:00-05:00,22.463866040837964,22.720100244901886,21.816799654875155,22.59048843383789,428066000,0.0,0.0
2022-03-11 00:00:00-05:00,22.953404847731406,23.07603946211015,21.980313026762005,22.03415298461914,367209000,0.0,0.0
2022-03-14 00:00:00-04:00,21.80384262804617,22.195671367540292,21.095958926406958,21.266448974609375,385354000,0.0,0.0
2022-03-15 00:00:00-04:00,21.453885862253337,22.96935741459522,21.25847070445962,22.904550552368164,491996000,0.0,0.0
2022-03-16 00:00:00-04:00,23.42998833057086,24.523720247964146,23.10296639709602,24.42302131652832,671422000,0.0,0.0
2022-03-17 00:00:00-04:00,24.048141553865687,24.76798876220505,23.834778411537343,24.692216873168945,471941000,0.0,0.0
2022-03-18 00:00:00-04:00,24.725112338972878,26.489839164055603,24.55063450386545,26.374183654785156,730719000,0.0,0.0
2022-03-21 00:00:00-04:00,26.428023517702794,27.071102224698404,25.88963151138114,26.654346466064453,591727000,0.0,0.0
2022-03-22 00:00:00-04:00,26.647371123248757,27.156850275284068,25.994323791878227,26.444976806640625,547007000,0.0,0.0
2022-03-23 00:00:00-04:00,26.04816147769014,26.532713584181124,25.49880439684632,25.557628631591797,502120000,0.0,0.0
2022-03-24 00:00:00-04:00,26.08804332010231,28.23562518243766,25.829814189665502,28.066131591796875,877379000,0.0,0.0
2022-03-25 00:00:00-04:00,27.80292125310054,28.27351518468518,27.189753699361987,27.609498977661133,579016000,0.0,0.0
2022-03-28 00:00:00-04:00,27.673304055239864,28.165831710193313,27.12494158890915,28.134923934936523,425494000,0.0,0.0
2022-03-29 00:00:00-04:00,28.60950485138546,28.85975646589663,27.896634994206327,28.570621490478516,488984000,0.0,0.0
2022-03-30 00:00:00-04:00,28.21967492416321,28.411102336887122,27.421060745065915,27.60750389099121,463487000,0.0,0.0
2022-03-31 00:00:00-04:00,27.699226807551824,28.163838026854247,27.188753110757293,27.20470428466797,523440000,0.0,0.0
2022-04-01 00:00:00-04:00,27.29343862106805,27.41407840137785,26.188740006342908,26.632413864135742,517235000,0.0,0.0
2022-04-04 00:00:00-04:00,26.648367352938315,27.475894378510496,26.533710211634048,27.278484344482422,397120000,0.0,0.0
2022-04-05 00:00:00-04:00,27.17280089255996,27.237607768198263,25.743073244909805,25.853742599487305,436615000,0.0,0.0
2022-04-06 00:00:00-04:00,24.859716112456148,25.22462494159722,23.93149001085727,24.334285736083984,703833000,0.0,0.0
2022-04-07 00:00:00-04:00,24.36818131196346,24.648344247170577,23.40805109513817,24.135875701904297,557992000,0.0,0.0
2022-04-08 00:00:00-04:00,23.845742196501757,23.851724837527705,22.99329001527572,23.050119400024414,524781000,0.0,0.0
2022-04-11 00:00:00-04:00,22.147813889994346,22.2534970579757,21.59546368595663,21.85169792175293,575207000,0.0,0.0
2022-04-12 00:00:00-04:00,22.46985514903304,22.65729475827579,21.218593162457935,21.439931869506836,662258000,0.0,0.0
2022-04-13 00:00:00-04:00,21.663265165709976,22.432964462991524,21.39107781519928,22.13684844970703,516943000,0.0,0.0
2022-04-14 00:00:00-04:00,22.437948470033938,22.70913934444599,21.09994772609378,21.194664001464844,569097000,0.0,0.0
2022-04-18 00:00:00-04:00,21.136834574331875,22.02218733055563,21.01619480926674,21.718097686767578,525701000,0.0,0.0
2022-04-19 00:00:00-04:00,21.655284301108995,22.306338557655973,21.250493846316246,22.131860733032227,512781000,0.0,0.0
2022-04-20 00:00:00-04:00,22.449917550765523,22.60246161145475,21.13684172009428,21.418001174926758,468974000,0.0,0.0
2022-04-21 00:00:00-04:00,21.644320110833693,22.325285752038848,19.940412249254727,20.122867584228516,656209000,0.0,0.0
2022-04-22 00:00:00-04:00,20.242514041017387,20.42496942149323,19.441906791588313,19.45686149597168,624713000,0.0,0.0
2022-04-25 00:00:00-04:00,19.14479141968029,19.885577840769354,19.039108228053102,19.84270668029785,641566000,0.0,0.0
2022-04-26 00:00:00-04:00,19.659254708106264,19.72904585331805,18.614376672651343,18.732025146484375,653143000,0.0,0.0
2022-04-27 00:00:00-04:00,18.542591397089467,19.109896444638807,18.235510346277362,18.360137939453125,499460000,0.0,0.0
2022-04-28 00:00:00-04:00,18.910490135420694,19.977303851455268,18.43491199008361,19.72306251525879,570327000,0.0,0.0
2022-04-29 00:00:00-04:00,19.344195296792407,20.06803212955995,18.46183178332937,18.491743087768555,500435000,0.0,0.0
2022-05-02 00:00:00-04:00,18.48575712100829,19.515678320426133,18.33620442904849,19.474802017211914,572049000,0.0,0.0
2022-05-03 00:00:00-04:00,19.342200337321106,19.7659352569291,19.07599562451621,19.543598175048828,475751000,0.0,0.0
2022-05-04 00:00:00-04:00,19.86363801470655,20.339216036485332,18.695129208779278,20.273412704467773,648855000,0.0,0.0
2022-05-05 00:00:00-04:00,19.807811910008564,19.865637775003147,18.44488396034569,18.787858963012695,626331000,0.0,0.0
2022-05-06 00:00:00-04:00,18.68017713798414,19.45386415893865,17.93639951654731,18.61935806274414,633297000,0.0,0.0
2022-05-09 00:00:00-04:00,17.980269856071814,18.200610175903677,16.776865264300895,16.899499893188477,644455000,0.0,0.0
2022-05-10 00:00:00-04:00,17.636297548198513,18.143781837571737,16.974276274336525,17.542577743530273,761474000,0.0,0.0
2022-05-11 00:00:00-04:00,17.29531869321598,17.70010924577166,16.518640215360524,16.580453872680664,670167000,0.0,0.0
2022-05-12 00:00:00-04:00,16.170677698614824,16.73798268883239,15.520620763164581,16.126808166503906,708728000,0.0,0.0
2022-05-13 00:00:00-04:00,16.73798356385744,17.874586549641382,16.543564832253985,17.653247833251953,670437000,0.0,0.0
2022-05-16 00:00:00-04:00,17.456837299175664,17.73500542241008,17.055038053763205,17.212566375732422,521446000,0.0,0.0
2022-05-17 00:00:00-04:00,18.020150928461515,18.316266948710442,17.581463204511554,18.122844696044922,585830000,0.0,0.0
2022-05-18 00:00:00-04:00,17.652254100833233,18.064023819021532,16.813759960216448,16.88753890991211,545161000,0.0,0.0
2022-05-19 00:00:00-04:00,16.886541532338022,17.634307130960774,16.684145291017686,17.07298469543457,621310000,0.0,0.0
2022-05-20 00:00:00-04:00,17.28036591060508,17.35813265366858,15.70806343146981,16.64426612854004,739105000,0.0,0.0
2022-05-23 00:00:00-04:00,16.225516631801014,16.86460770868563,16.130800340603695,16.847658157348633,639889000,0.0,0.0
2022-05-24 00:00:00-04:00,16.460811455935517,16.547552147553244,15.732985873904111,16.105871200561523,588550000,0.0,0.0
2022-05-25 00:00:00-04:00,15.972272324867756,17.060021530351076,15.952331454150205,16.924427032470703,781132000,0.0,0.0
2022-05-26 00:00:00-04:00,15.988224037593847,18.038098454950646,15.97426580795554,17.79781723022461,996575000,0.0,0.0
2022-05-27 00:00:00-04:00,18.1318174179565,18.82474642934616,18.046073205336302,18.754955291748047,738379000,0.0,0.0
2022-05-31 00:00:00-04:00,18.923448310065066,19.14279403338094,18.295326242537005,18.61636734008789,664100000,0.0,0.0
2022-06-01 00:00:00-04:00,18.668214653926945,18.99623300147652,18.06800706571725,18.265417098999023,544514000,0.0,0.0
2022-06-02 00:00:00-04:00,18.237502324193954,19.56054844841514,18.143782516021254,19.533628463745117,648656000,0.0,0.0
2022-06-03 00:00:00-04:00,19.025147490431646,19.274402636121195,18.466814594887644,18.66422462463379,598779000,0.0,0.0
2022-06-06 00:00:00-04:00,19.08197511741872,19.279385129007327,18.508687574396717,18.730026245117188,422406000,0.0,0.0
2022-06-07 00:00:00-04:00,18.416963933581936,18.94339066834296,18.133809698571795,18.869611740112305,388914000,0.0,0.0
2022-06-08 00:00:00-04:00,18.74695362356912,19.12689931949138,18.4836845843309,18.596372604370117,363252000,0.004,0.0
2022-06-09 00:00:00-04:00,18.42983530392258,18.880583584037574,17.991052933850728,17.99803352355957,395574000,0.0,0.0
2022-06-10 00:00:00-04:00,17.551274019304014,17.648005592341615,16.822296926639886,16.9270076751709,465248000,0.0,0.0
2022-06-13 00:00:00-04:00,15.955702996068341,16.266839478389468,15.562793756532253,15.603680610656738,604153000,0.0,0.0
2022-06-14 00:00:00-04:00,15.687448327103725,16.021520910273885,15.369331242158152,15.792158126831055,469680000,0.0,0.0
2022-06-15 00:00:00-04:00,16.050439932166825,16.821300578805904,15.881908139766276,16.481245040893555,563936000,0.0,0.0
2022-06-16 00:00:00-04:00,15.816089727372347,15.897863432906357,15.358360878066698,15.557806968688965,545749000,0.0,0.0
2022-06-17 00:00:00-04:00,15.604675799839594,15.950715197159008,15.285562074810612,15.836033821105957,630334000,0.0,0.0
2022-06-21 00:00:00-04:00,16.42939200862002,16.960915525718583,16.361579464356936,16.520139694213867,483089000,0.0,0.0
2022-06-22 00:00:00-04:00,16.181077014713374,16.61587073985761,16.135204840649315,16.314706802368164,437135000,0.0,0.0
2022-06-23 00:00:00-04:00,16.473263235618262,16.539080487355168,15.809107764015794,16.180078506469727,463680000,0.0,0.0
2022-06-24 00:00:00-04:00,16.454316515193973,17.092543941061024,16.26484203486428,17.078582763671875,472153000,0.0,0.0
2022-06-27 00:00:00-04:00,17.264072406028497,17.282022223468143,16.579970759321082,16.822298049926758,427968000,0.0,0.0
2022-06-28 00:00:00-04:00,16.85321143493184,17.154375384027293,15.90085545872729,15.937753677368164,461149000,0.0,0.0
2022-06-29 00:00:00-04:00,15.770216310534561,15.776199264816002,15.127999283665375,15.498969078063965,482352000,0.0,0.0
2022-06-30 00:00:00-04:00,15.31847343700277,15.523903457243852,14.820855311845145,15.117033004760742,686070000,0.0,0.0
2022-07-01 00:00:00-04:00,14.85775230195311,15.021297826850201,14.352155961339314,14.482792854309082,577610000,0.0,0.0
2022-07-05 00:00:00-04:00,14.135757815443023,14.929553680216015,14.016090140147133,14.92257308959961,651397000,0.0,0.0
2022-07-06 00:00:00-04:00,14.968446110382747,15.276590681067619,14.74805726364274,15.088113784790039,529066000,0.0,0.0
2022-07-07 00:00:00-04:00,15.413208995404638,15.900854523259023,15.346394102933195,15.814095497131348,492903000,0.0,0.0
2022-07-08 00:00:00-04:00,15.387281829188536,15.992601679207207,15.346394973873567,15.79415225982666,467972000,0.0,0.0
2022-07-11 00:00:00-04:00,15.483015309181383,15.484012943856513,14.996366451757986,15.110051155090332,437321000,0.0,0.0
2022-07-12 00:00:00-04:00,15.225729017833062,15.388277846313347,14.835811736826283,15.040244102478027,458483000,0.0,0.0
2022-07-13 00:00:00-04:00,14.549606661502255,15.332433178961859,14.424952733218012,15.122016906738281,521918000,0.0,0.0
2022-07-14 00:00:00-04:00,15.066171100260284,15.430160316266676,14.68722307156985,15.329440116882324,456235000,0.0,0.0
2022-07-15 00:00:00-04:00,15.615646381948205,15.738305033694623,15.402238169306203,15.718360900878906,385935000,0.0,0.0
2022-07-18 00:00:00-04:00,16.2568630566496,16.85021493548919,15.957694457686417,16.056419372558594,670517000,0.0,0.0
2022-07-19 00:00:00-04:00,16.440358091474902,17.062631077163257,16.127228231279975,16.944957733154297,702366000,0.0,0.0
2022-07-20 00:00:00-04:00,16.900084012250357,17.8833544065657,16.754488293525725,17.757701873779297,760538000,0.0,0.0
2022-07-21 00:00:00-04:00,17.835484504614854,18.093766321144624,17.496425663382336,18.00002670288086,557049000,0.0,0.0
2022-07-22 00:00:00-04:00,17.843461655137467,17.917256187628578,17.089554175506528,17.27105140686035,536671000,0.0,0.0
2022-07-25 00:00:00-04:00,16.971882360366042,17.0765931156567,16.602907762705456,16.976869583129883,480748000,0.0,0.0
2022-07-26 00:00:00-04:00,16.842239834616713,16.872157459195602,16.43237845884533,16.487226486206055,397865000,0.0,0.0
2022-07-27 00:00:00-04:00,16.984841077447076,17.886339298327457,16.86617108417611,17.74074363708496,569776000,0.0,0.0
2022-07-28 00:00:00-04:00,17.925233960102176,18.089776144359217,17.391715338129444,17.934207916259766,474646000,0.0,0.0
2022-07-29 00:00:00-04:00,17.763683382729887,18.193489890290078,17.64301808926749,18.112714767456055,435460000,0.0,0.0
2022-08-01 00:00:00-04:00,18.13166037008038,18.79382347486427,17.940192505913,18.389944076538086,476469000,0.0,0.0
2022-08-02 00:00:00-04:00,18.07182959440469,18.885570510659182,18.041911963650172,18.47471046447754,489527000,0.0,0.0
2022-08-03 00:00:00-04:00,18.1336539858444,18.915483721167206,18.086783232155426,18.84069061279297,418146000,0.0,0.0
2022-08-04 00:00:00-04:00,18.796814489472666,19.22063704890321,18.708060200093033,19.161800384521484,409652000,0.0,0.0
2022-08-05 00:00:00-04:00,18.75792468015069,19.17576531807126,18.61432423658541,18.936429977416992,386068000,0.0,0.0
2022-08-08 00:00:00-04:00,17.453543487866224,18.188502488777342,17.19426311465401,17.743736267089844,981859000,0.0,0.0
2022-08-09 00:00:00-04:00,17.204237068091455,17.398696888442636,16.67769900606931,17.0386962890625,668263000,0.0,0.0
2022-08-10 00:00:00-04:00,17.64900236749365,18.067839657584745,17.269056663137828,18.046897888183594,597422000,0.0,0.0
2022-08-11 00:00:00-04:00,18.080802254514673,18.655207729285816,17.826507193274058,17.892324447631836,509327000,0.0,0.0
2022-08-12 00:00:00-04:00,18.1097182424687,18.666173809016254,17.90329065592447,18.657197952270508,478094000,0.0,0.0
2022-08-15 00:00:00-04:00,18.649224212452747,19.1109416861416,18.561468505502724,18.979307174682617,457666000,0.0,0.0
2022-08-16 00:00:00-04:00,18.86761375649779,19.088999197313203,18.449773273629482,18.82672691345215,451240000,0.0,0.0
2022-08-17 00:00:00-04:00,18.47171996728055,18.636262177287165,18.094766197974923,18.284238815307617,446799000,0.0,0.0
2022-08-18 00:00:00-04:00,18.25033399183685,18.812771727418596,18.13266064622917,18.721027374267578,415447000,0.0,0.0
2022-08-19 00:00:00-04:00,18.35504051013906,18.468725204485096,17.720801686073024,17.799583435058594,441588000,0.0,0.0
2022-08-22 00:00:00-04:00,17.441578126782925,17.509390657788362,16.91902867077679,16.986841201782227,409593000,0.0,0.0
2022-08-23 00:00:00-04:00,16.94196263706093,17.416644561805427,16.923014238335547,17.13343048095703,369986000,0.0,0.0
2022-08-24 00:00:00-04:00,16.96490062655106,17.357810823683003,16.84822587028311,17.174320220947266,522661000,0.0,0.0
2022-08-25 00:00:00-04:00,16.79736826116041,17.897315311031562,16.78639903354692,17.8634090423584,770691000,0.0,0.0
2022-08-26 00:00:00-04:00,17.807563767738106,17.874377717185446,16.192047853448514,16.214984893798828,769127000,0.0,0.0
2022-08-29 00:00:00-04:00,15.97564814658675,16.29276663412164,15.723348333249264,15.757253646850586,496132000,0.0,0.0
2022-08-30 00:00:00-04:00,15.915813141555713,15.994593942634191,15.13996723606161,15.425175666809082,530181000,0.0,0.0
2022-08-31 00:00:00-04:00,15.3414069074727,15.496975134961382,14.917583393679934,15.052209854125977,573710000,0.0,0.0
2022-09-01 00:00:00-04:00,14.169659947404499,14.340186988303111,13.233260527452883,13.89841365814209,1178865000,0.0,0.0
2022-09-02 00:00:00-04:00,14.060964535551635,14.13176711995098,13.553372925822355,13.60921859741211,743157000,0.0,0.0
2022-09-06 00:00:00-04:00,13.69298242689874,13.740849862314281,13.314034432615948,13.427719116210938,535751000,0.0,0.0
2022-09-07 00:00:00-04:00,13.529468955559182,13.803789664823167,13.313005420498245,13.680095672607422,512657000,0.004,0.0
2022-09-08 00:00:00-04:00,13.425725497360691,13.973368965250524,13.335948799799713,13.955412864685059,624873000,0.0,0.0
2022-09-09 00:00:00-04:00,14.122001845912337,14.43821857334682,14.091079295828678,14.351433753967285,486612000,0.0,0.0
2022-09-12 00:00:00-04:00,14.33347754387466,14.511036991860852,14.162899808803669,14.469141006469727,484159000,0.0,0.0
2022-09-13 00:00:00-04:00,13.767878093148786,13.887581309355834,13.06661601426547,13.098536491394043,714956000,0.0,0.0
2022-09-14 00:00:00-04:00,13.221233728873338,13.2571449823335,12.881077130493788,13.095545768737793,588507000,0.0,0.0
2022-09-15 00:00:00-04:00,12.982825342829914,13.200285874328177,12.758381195489553,12.897037506103516,523625000,0.0,0.0
2022-09-16 00:00:00-04:00,12.71049612736367,13.179334359132639,12.585805179118893,13.165369033813477,670751000,0.0,0.0
2022-09-19 00:00:00-04:00,12.979830907792524,13.429716127163072,12.97783599693244,13.348916053771973,569685000,0.0,0.0
2022-09-20 00:00:00-04:00,13.182328122597518,13.449665184246959,13.024718760603728,13.143424034118652,524818000,0.0,0.0
2022-09-21 00:00:00-04:00,13.180335452104883,13.99631305335464,13.07758944681726,13.228216171264648,807679000,0.0,0.0
2022-09-22 00:00:00-04:00,13.037687792673827,13.116492959222398,12.39727571074283,12.529946327209473,759162000,0.0,0.0
2022-09-23 00:00:00-04:00,12.389295442898492,12.579823238873681,12.22669830375946,12.485057830810547,663309000,0.0,0.0
2022-09-26 00:00:00-04:00,12.4601175052189,12.62770236378115,12.183801932086613,12.19776725769043,547343000,0.0,0.0
2022-09-27 00:00:00-04:00,12.47607929062904,12.70451323216134,12.227695289178223,12.382311820983887,553854000,0.0,0.0
2022-09-28 00:00:00-04:00,12.379318359284666,12.791297397761815,12.323457052729534,12.704512596130371,542414000,0.0,0.0
2022-09-29 00:00:00-04:00,12.417223851541646,12.469095333793417,11.916465127536608,12.189787864685059,532763000,0.0,0.0
2022-09-30 00:00:00-04:00,12.057117275528151,12.601767882452046,12.045146859340639,12.108988761901855,565638000,0.0,0.0
2022-10-03 00:00:00-04:00,12.316475611950034,12.646657634128852,12.075073310975306,12.481067657470703,547478000,0.0,0.0
2022-10-04 00:00:00-04:00,12.847160878067555,13.187318430145417,12.847160878067555,13.134449005126953,584182000,0.0,0.0
2022-10-05 00:00:00-04:00,12.879081259534201,13.288067492068219,12.589798244962582,13.17634391784668,507131000,0.0,0.0
2022-10-06 00:00:00-04:00,13.187316594180706,13.62223854641482,13.070605273695971,13.097538948059082,644157000,0.0,0.0
2022-10-07 00:00:00-04:00,12.474083761565735,12.638675790831929,11.992278089651654,12.046144485473633,672478000,0.0,0.0
2022-10-10 00:00:00-04:00,12.007238900151382,12.094023691014902,11.379794356345908,11.641146659851074,698699000,0.0,0.0
2022-10-11 00:00:00-04:00,11.532419021743818,11.816714298827332,11.255106408972765,11.557357788085938,667482000,0.0,0.0
2022-10-12 00:00:00-04:00,11.550375185170276,11.705988711915621,11.316953468077253,11.471570014953613,492590000,0.0,0.0
2022-10-13 00:00:00-04:00,10.943874398429092,12.048137739196303,10.786265054162586,11.930429458618164,850103000,0.0,0.0
2022-10-14 00:00:00-04:00,12.0271914472458,12.081057843251315,11.176300644723986,11.199243545532227,713432000,0.0,0.0
2022-10-17 00:00:00-04:00,11.48952497727775,11.918462240438945,11.48852799742512,11.858610153198242,580774000,0.0,0.0
2022-10-18 00:00:00-04:00,12.3134849243043,12.46111882553518,11.589279797301561,11.937417030334473,659362000,0.0,0.0
2022-10-19 00:00:00-04:00,11.84963214701234,12.319468398644798,11.804743321043421,12.021206855773926,523131000,0.0,0.0
2022-10-20 00:00:00-04:00,12.083052622860917,12.737430913529549,12.07507202855851,12.16385269165039,652398000,0.0,0.0
2022-10-21 00:00:00-04:00,12.06809134335418,12.467103048862125,11.857613479696207,12.435181617736816,609494000,0.0,0.0
2022-10-24 00:00:00-04:00,12.477078338119243,12.678578622776968,12.034175742763328,12.567852973937988,517457000,0.0,0.0
2022-10-25 00:00:00-04:00,12.662618457515958,13.267120266355917,12.632691937809854,13.228216171264648,505482000,0.0,0.0
2022-10-26 00:00:00-04:00,12.837183946889244,13.354899906667043,12.676581741774218,12.864116668701172,532953000,0.0,0.0
2022-10-27 00:00:00-04:00,13.596302061670135,13.803787996713407,13.089557639646497,13.143424034118652,583113000,0.0,0.0
2022-10-28 00:00:00-04:00,13.071602334811837,13.815758246237337,13.028708425425865,13.799797058105469,521040000,0.0,0.0
2022-10-31 00:00:00-04:00,13.743938035026355,13.803790122164811,13.264127212017728,13.463632583618164,486341000,0.0,0.0
2022-11-01 00:00:00-04:00,13.776856684484033,13.890575176364532,13.485578741755033,13.509519577026367,432817000,0.0,0.0
2022-11-02 00:00:00-04:00,13.81576188503939,14.174871588892046,13.178341613693798,13.186321258544922,672628000,0.0,0.0
2022-11-03 00:00:00-04:00,13.010753571214046,13.746928905168618,12.923968770800348,13.387818336486816,500065000,0.0,0.0
2022-11-04 00:00:00-04:00,13.951423355113537,14.1938226319805,13.663137321682004,14.121003150939941,612576000,0.0,0.0
2022-11-07 00:00:00-05:00,14.19282459299917,14.376369715229352,13.919502771881342,14.265644073486328,410061000,0.0,0.0
2022-11-08 00:00:00-05:00,14.764407269491864,14.854184915550686,14.180853521426073,14.565899848937988,595292000,0.0,0.0
2022-11-09 00:00:00-05:00,14.12698780032859,14.175867398651944,13.724984235954823,13.741942405700684,454414000,0.0,0.0
2022-11-10 00:00:00-05:00,14.76341034070044,15.734004379130576,14.51103557058689,15.711061477661133,700819000,0.0,0.0
2022-11-11 00:00:00-05:00,15.767924228372218,16.34848526583695,15.443727839760449,16.286638259887695,655487000,0.0,0.0
2022-11-14 00:00:00-05:00,16.17790566297231,16.49911010478808,15.882636965812782,16.254714965820312,527852000,0.0,0.0
2022-11-15 00:00:00-05:00,16.680659131421315,16.955975861509707,16.341499544736198,16.624797821044922,545876000,0.0,0.0
2022-11-16 00:00:00-05:00,16.122045274835585,16.32154969717503,15.833759225066268,15.870667457580566,649547000,0.0,0.0
2022-11-17 00:00:00-05:00,15.676147926956387,16.225786282199604,15.496592636887353,15.6382417678833,710894000,0.0,0.0
2022-11-18 00:00:00-05:00,15.926529043321702,15.962441247903389,15.082620775152405,15.370906829833984,492072000,0.0,0.0
2022-11-21 00:00:00-05:00,15.109553050431892,15.438737129847263,15.042718303446582,15.279132843017578,404739000,0.0,0.0
2022-11-22 00:00:00-05:00,15.290107226570333,16.01830306476984,15.084616158544712,15.99835205078125,472866000,0.0,0.0
2022-11-23 00:00:00-05:00,16.05819840801708,16.48613858825563,16.00832279053187,16.47815704345703,427241000,0.0,0.0
2022-11-25 00:00:00-05:00,16.27765422168635,16.446235087356825,16.13201530082937,16.229772567749023,167934000,0.0,0.0
2022-11-28 00:00:00-05:00,15.98637975502715,16.31656273871607,15.68612519322037,15.787872314453125,303741000,0.0,0.0
2022-11-29 00:00:00-05:00,15.787871978822768,15.89261289133373,15.481631739149844,15.600337028503418,298384000,0.0,0.0
2022-11-30 00:00:00-05:00,15.662196453752513,16.892463422668655,15.562418742832724,16.885478973388672,565298000,0.004,0.0
2022-12-01 00:00:00-05:00,16.961311508590725,17.22672059418411,16.598118225185257,17.097009658813477,470977000,0.0,0.0
2022-12-02 00:00:00-05:00,16.62206317311855,16.89545581318878,16.408536964976825,16.838581085205078,371389000,0.0,0.0
2022-12-05 00:00:00-05:00,16.64202078226574,16.957320143368804,16.43547900431618,16.57317352294922,352255000,0.0,0.0
2022-12-06 00:00:00-05:00,16.493351572776334,16.53625550550943,15.783927508680161,15.951555252075195,352694000,0.0,0.0
2022-12-07 00:00:00-05:00,15.737033837548465,16.150116510882306,15.632266127408133,16.08426284790039,372388000,0.0,0.0
2022-12-08 00:00:00-05:00,16.236922259213415,17.140913726572844,15.923617339692608,17.130935668945312,515456000,0.0,0.0
2022-12-09 00:00:00-05:00,17.121956228129644,17.544018774553155,16.93736690492108,16.963308334350586,465338000,0.0,0.0
2022-12-12 00:00:00-05:00,16.999234713818158,17.499123598344386,16.759766950516003,17.496129989624023,457328000,0.0,0.0
2022-12-13 00:00:00-05:00,18.48991481040543,18.748341354532826,17.67173314781312,18.031932830810547,656589000,0.0,0.0
2022-12-14 00:00:00-05:00,17.94712099776623,18.211534767204142,17.38137864220524,17.634815216064453,496888000,0.0,0.0
2022-12-15 00:00:00-05:00,17.107987414571323,17.281601445328924,16.662977044280925,16.914417266845703,478542000,0.0,0.0
2022-12-16 00:00:00-05:00,16.82661330300129,17.003220944622573,16.373619336340138,16.53426170349121,478232000,0.0,0.0
2022-12-19 00:00:00-05:00,16.53526189450194,16.57217862044,16.10920846876325,16.217966079711914,354039000,0.0,0.0
2022-12-20 00:00:00-05:00,16.02838975164787,16.273844727249003,15.816860754899643,16.04934310913086,403260000,0.0,0.0
2022-12-21 00:00:00-05:00,16.078277218761983,16.59014043707696,16.066302786245483,16.464418411254883,325025000,0.0,0.0
2022-12-22 00:00:00-05:00,16.05831692863529,16.102219997924365,14.849004230215598,15.304990768432617,565045000,0.0,0.0
2022-12-23 00:00:00-05:00,15.1623079769604,15.304990571413496,14.85000222535727,15.172286033630371,349326000,0.0,0.0
2022-12-27 00:00:00-05:00,15.04058027199165,15.066522651056324,14.024836646016347,14.089693069458008,464902000,0.0,0.0
2022-12-28 00:00:00-05:00,13.896121418259238,14.230378701946371,13.853216536118653,14.00487995147705,351066000,0.0,0.0
2022-12-29 00:00:00-05:00,14.370069773045314,14.650445953818707,14.195457574978805,14.570623397827148,354923000,0.0,0.0
2022-12-30 00:00:00-05:00,14.302218410381846,14.596564414988238,14.201442514206743,14.581598281860352,310490000,0.0,0.0
2023-01-03 00:00:00-05:00,14.818075144951218,14.962754136499147,14.064748866809973,14.283263206481934,401277000,0.0,0.0
2023-01-04 00:00:00-05:00,14.534703367464905,14.820068566207876,14.20942594066625,14.716299057006836,431324000,0.0,0.0
2023-01-05 00:00:00-05:00,14.458873382334806,14.531711494421922,14.116633408077806,14.23337459564209,389168000,0.0,0.0
2023-01-06 00:00:00-05:00,14.441909831289994,14.976721722809424,14.002885769126838,14.826056480407715,405044000,0.0,0.0
2023-01-09 00:00:00-05:00,15.25011511747284,16.020402921173815,15.107431553171974,15.593352317810059,504231000,0.0,0.0
2023-01-10 00:00:00-05:00,15.472620524555069,15.926611700930899,15.437698272766157,15.873729705810547,384101000,0.0,0.0
2023-01-11 00:00:00-05:00,15.804881372380587,15.992464284529852,15.528495081310508,15.965523719787598,353285000,0.0,0.0
2023-01-12 00:00:00-05:00,16.064305755567425,16.60011394726638,15.457652972865747,16.474393844604492,551409000,0.0,0.0
2023-01-13 00:00:00-05:00,16.24191245912775,16.884485751855593,16.129164009129322,16.861536026000977,447287000,0.0,0.0
2023-01-17 00:00:00-05:00,16.861536645437063,17.688699300985697,16.861536645437063,17.662755966186523,511102000,0.0,0.0
2023-01-18 00:00:00-05:00,17.627830325283927,17.83337297862017,17.243683680111356,17.33847427368164,439624000,0.0,0.0
2023-01-19 00:00:00-05:00,16.9982261040619,17.158870328406007,16.693903966162893,16.727827072143555,452932000,0.0,0.0
2023-01-20 00:00:00-05:00,16.973288293899945,17.816416246275402,16.78770171499723,17.799453735351562,564967000,0.0,0.0
2023-01-23 00:00:00-05:00,18.023947550946506,19.202330689022208,17.778494597709305,19.15044593811035,655163000,0.0,0.0
2023-01-24 00:00:00-05:00,18.78526133289635,19.451781589199925,18.778276881927304,19.2222900390625,496204000,0.0,0.0
2023-01-25 00:00:00-05:00,18.871071892196763,19.32705950006516,18.538809936927446,19.280162811279297,449537000,0.0,0.0
2023-01-26 00:00:00-05:00,19.65731889361707,20.121288041674845,19.23525643990055,19.758094787597656,489535000,0.0,0.0
2023-01-27 00:00:00-05:00,19.41885115591402,20.582266410433473,19.36197832095678,20.319849014282227,542142000,0.0,0.0
2023-01-30 00:00:00-05:00,19.90577336731511,20.095350783793005,19.107545755024255,19.11952018737793,488611000,0.0,0.0
2023-01-31 00:00:00-05:00,19.127499744923487,19.643353741949113,18.90798817511003,19.49368667602539,498017000,0.0,0.0
2023-02-01 00:00:00-05:00,19.647345080075983,21.145016818201913,19.567522516028927,20.896570205688477,660477000,0.0,0.0
2023-02-02 00:00:00-05:00,20.95344554554266,21.900341133803423,20.654111370425873,21.660873413085938,564276000,0.0,0.0
2023-02-03 00:00:00-05:00,20.95344207269312,21.696791212168588,20.74290942748652,21.053220748901367,429366000,0.0,0.0
2023-02-06 00:00:00-05:00,20.7598742206852,21.522180421955568,20.739918102623005,21.042247772216797,452197000,0.0,0.0
2023-02-07 00:00:00-05:00,21.334595540764557,22.209652016752774,21.10310954039303,22.123842239379883,664150000,0.0,0.0
2023-02-08 00:00:00-05:00,22.337365045310303,22.82727757872674,21.95920561326959,22.15576934814453,559651000,0.0,0.0
2023-02-09 00:00:00-05:00,22.555882109825383,22.96896380674192,22.07095953858251,22.287477493286133,523876000,0.0,0.0
2023-02-10 00:00:00-05:00,21.641912436236254,22.02905079986804,20.76486152389426,21.217853546142578,550737000,0.0,0.0
2023-02-13 00:00:00-05:00,21.49024697725974,21.99911645552033,20.91552384659178,21.73969268798828,474919000,0.0,0.0
2023-02-14 00:00:00-05:00,21.530157577256894,22.997896827890425,21.318627718423105,22.92007064819336,675474000,0.0,0.0
2023-02-15 00:00:00-05:00,22.499008003095835,22.804329348665444,22.056991258302702,22.713531494140625,420575000,0.0,0.0
2023-02-16 00:00:00-05:00,22.083928543019674,22.50000383331045,21.878385888019974,21.95322036743164,412026000,0.0,0.0
2023-02-17 00:00:00-05:00,21.583041248476633,21.69179883261227,20.92849556480954,21.340579986572266,465888000,0.0,0.0
2023-02-21 00:00:00-05:00,20.953439640659408,21.446343845986352,20.57228662621733,20.60920524597168,410015000,0.0,0.0
2023-02-22 00:00:00-05:00,20.661092053593148,21.05721124102222,20.37572493019937,20.70798683166504,513184000,0.0,0.0
2023-02-23 00:00:00-05:00,23.388033612605756,23.8350403425162,22.973952761903,23.611536026000977,1117995000,0.0,0.0
2023-02-24 00:00:00-05:00,23.17350941362294,23.421957916477858,22.89612587509221,23.234373092651367,589716000,0.0,0.0
2023-02-27 00:00:00-05:00,23.617520428698207,23.827053916300855,23.401999726272685,23.448894500732422,452994000,0.0,0.0
2023-02-28 00:00:00-05:00,23.320182165733303,23.772178848920596,23.154549835484183,23.164527893066406,455963000,0.0,0.0
2023-03-01 00:00:00-05:00,23.14057875941402,23.204437941311127,22.458095290551928,22.647674560546875,460026000,0.0,0.0
2023-03-02 00:00:00-05:00,22.438146710867823,23.328167510652396,22.38226919901642,23.262313842773438,389415000,0.0,0.0
2023-03-03 00:00:00-05:00,23.268298244670323,23.8470122834048,23.07871895003249,23.837034225463867,412393000,0.0,0.0
2023-03-06 00:00:00-05:00,23.83803229096399,24.19423923751773,23.43492676138987,23.501779556274414,437429000,0.0,0.0
2023-03-07 00:00:00-05:00,23.551679757416153,24.07560444760807,23.19341364689186,23.240318298339844,515154000,0.004,0.0
2023-03-08 00:00:00-05:00,23.438911384313315,24.150452811132357,23.376040646874685,24.13149070739746,513573000,0.0,0.0
2023-03-09 00:00:00-05:00,24.12549713017086,24.403927067293445,23.335119057261018,23.388011932373047,501257000,0.0,0.0
2023-03-10 00:00:00-05:00,23.36106747628327,23.57862150456227,22.679465442665016,22.91797637939453,474866000,0.0,0.0
2023-03-13 00:00:00-04:00,22.70541520633813,23.250296778148737,22.251346912588748,22.918975830078125,421890000,0.0,0.0
2023-03-14 00:00:00-04:00,23.447890629973315,24.169409811888126,23.411963139447696,24.013729095458984,474910000,0.0,0.0
2023-03-15 00:00:00-04:00,23.712347660414334,24.23627231190452,23.312169659954225,24.17839241027832,524486000,0.0,0.0
2023-03-16 00:00:00-04:00,23.97780109757633,25.535603606038674,23.845072112678007,25.48870086669922,583253000,0.0,0.0
2023-03-17 00:00:00-04:00,25.9287988632653,26.3449448193976,25.61544073749828,25.672325134277344,848547000,0.0,0.0
2023-03-20 00:00:00-04:00,25.562549518958868,25.970712430849073,25.07854201438664,25.846965789794922,432747000,0.0,0.0
2023-03-21 00:00:00-04:00,26.126395026788483,26.337960836204616,25.329031245204536,26.145355224609375,547408000,0.0,0.0
2023-03-22 00:00:00-04:00,26.37088997719431,27.532507969585293,26.183275210273973,26.413803100585938,797295000,0.0,0.0
2023-03-23 00:00:00-04:00,27.05948178238723,27.442696318613994,26.635352731683053,27.135326385498047,564889000,0.0,0.0
2023-03-24 00:00:00-04:00,26.975651684052345,27.111372891793874,26.301035262211116,26.724166870117188,454920000,0.0,0.0
2023-03-27 00:00:00-04:00,26.782046292352977,26.94471262702747,26.311012675719404,26.476673126220703,361026000,0.0,0.0
2023-03-28 00:00:00-04:00,26.392851412554858,26.4587162651786,25.797073622443282,26.355926513671875,356104000,0.0,0.0
2023-03-29 00:00:00-04:00,26.770076147029812,27.022556480928984,26.542542341100866,26.928749084472656,393694000,0.0,0.0
2023-03-30 00:00:00-04:00,27.1732450978703,27.4426926938408,27.046504340175957,27.326929092407227,364516000,0.0,0.0
2023-03-31 00:00:00-04:00,27.08442659853217,27.77700578403353,27.049498418004845,27.720123291015625,433933000,0.0,0.0
2023-04-03 00:00:00-04:00,27.45267583533266,27.942669731519793,27.28002971948546,27.90774154663086,398716000,0.0,0.0
2023-04-04 00:00:00-04:00,27.908735793018696,27.94266656976958,27.251084780335454,27.396785736083984,368592000,0.0,0.0
2023-04-05 00:00:00-04:00,26.77406658654195,26.9427192704289,26.3409552107088,26.825960159301758,515015000,0.0,0.0
2023-04-06 00:00:00-04:00,26.529566401792227,27.02455108460632,26.372888285157632,26.981639862060547,397654000,0.0,0.0
2023-04-10 00:00:00-04:00,26.768078927982756,27.564445330206645,26.61439491835625,27.522531509399414,395279000,0.0,0.0
2023-04-11 00:00:00-04:00,27.667232866582555,27.733097708803008,27.07045586293639,27.11336898803711,314378000,0.0,0.0
2023-04-12 00:00:00-04:00,27.31395651647884,27.4117554199044,26.39384357131544,26.44074821472168,446259000,0.0,0.0
2023-04-13 00:00:00-04:00,26.67926041012461,26.831947015202942,26.275090880655256,26.408815383911133,353615000,0.0,0.0
2023-04-14 00:00:00-04:00,26.44972742157741,26.827951053263416,26.16630857297882,26.70320701599121,395660000,0.0,0.0
2023-04-17 00:00:00-04:00,26.510607005107396,26.950704014318593,26.378877313961777,26.946712493896484,321471000,0.0,0.0
2023-04-18 00:00:00-04:00,27.476625156577658,28.05244337278638,27.30098493529646,27.610349655151367,604812000,0.0,0.0
2023-04-19 00:00:00-04:00,27.30497908731356,27.942670689641986,27.17624350095967,27.873811721801758,358660000,0.0,0.0
2023-04-20 00:00:00-04:00,27.614340416338198,27.972606485594795,26.944714827313312,27.04850196838379,427713000,0.0,0.0
2023-04-21 00:00:00-04:00,26.896812971013922,27.127340875735126,26.66728437395246,27.0634708404541,345103000,0.0,0.0
2023-04-24 00:00:00-04:00,26.957691440868356,27.309967410410923,26.61639072563291,26.986631393432617,339282000,0.0,0.0
2023-04-25 00:00:00-04:00,27.02255529680181,27.191209883551597,26.17130312906319,26.18726921081543,378527000,0.0,0.0
2023-04-26 00:00:00-04:00,26.946707940661295,27.27403540128356,26.650315233944067,26.900800704956055,406337000,0.0,0.0
2023-04-27 00:00:00-04:00,27.306972360442714,27.43870204664904,26.57048262204744,27.170251846313477,377161000,0.0,0.0
2023-04-28 00:00:00-04:00,27.169255299832017,27.701162985929276,27.015569392110717,27.692182540893555,292216000,0.0,0.0
2023-05-01 00:00:00-04:00,27.783000135253825,28.998506795652926,27.723123513082278,28.85080909729004,570329000,0.0,0.0
2023-05-02 00:00:00-04:00,28.621273856351937,28.776954560836412,28.025496178380074,28.15223503112793,402730000,0.0,0.0
2023-05-03 00:00:00-04:00,27.782995617159955,28.30891697061435,27.415749094927655,27.745073318481445,383387000,0.0,0.0
2023-05-04 00:00:00-04:00,27.594380294690612,27.801954572191782,27.184222567509938,27.505563735961914,321850000,0.0,0.0
2023-05-05 00:00:00-04:00,27.769021662211923,28.696118323225086,27.674216876393494,28.621273040771484,361494000,0.0,0.0
2023-05-08 00:00:00-04:00,28.46360244125181,29.160173286474592,28.291955620185565,29.0913143157959,344979000,0.0,0.0
2023-05-09 00:00:00-04:00,28.839830211659567,28.91367810469715,28.391750121433198,28.512500762939453,314869000,0.0,0.0
2023-05-10 00:00:00-04:00,28.945612307547268,29.05339288631877,28.402727410108433,28.82585906982422,369350000,0.0,0.0
2023-05-11 00:00:00-04:00,28.83683515837139,28.89072544575844,28.18816641833993,28.519485473632812,322149000,0.0,0.0
2023-05-12 00:00:00-04:00,28.47058123775665,28.72106862682804,27.988570462268328,28.28196907043457,274222000,0.0,0.0
2023-05-15 00:00:00-04:00,28.449626392092515,28.90968288930767,28.09435634331566,28.893714904785156,293926000,0.0,0.0
2023-05-16 00:00:00-04:00,28.781944947212995,29.808839206478215,28.77296450239682,29.153182983398438,449405000,0.0,0.0
2023-05-17 00:00:00-04:00,29.52342540212538,30.13716594058163,29.369741392303435,30.116209030151367,432535000,0.0,0.0
2023-05-18 00:00:00-04:00,30.347732971846412,31.76282877397273,30.257917101676483,31.613136291503906,748725000,0.0,0.0
2023-05-19 00:00:00-04:00,31.47142600851462,31.51533653819643,30.852696589930833,31.199983596801758,473908000,0.0,0.0
2023-05-22 00:00:00-04:00,30.837727010931786,31.455460948812917,30.617180758045432,31.112165451049805,372000000,0.0,0.0
2023-05-23 00:00:00-04:00,30.936523538862662,31.22393392865523,30.568279631249496,30.62516212463379,356253000,0.0,0.0
2023-05-24 00:00:00-04:00,30.14814207840876,30.544330458079507,29.744969965607368,30.47547149658203,721419000,0.0,0.0
2023-05-25 00:00:00-04:00,38.44412056648187,39.39916178020132,36.55998587698389,37.9022331237793,1543911000,0.0,0.0
2023-05-26 00:00:00-04:00,37.81242284228532,39.089800933075296,37.47311881105836,38.86626052856445,714397000,0.0,0.0
2023-05-30 00:00:00-04:00,40.51187589734803,41.852124379037896,39.86719878603495,40.028865814208984,923401000,0.0,0.0
2023-05-31 00:00:00-04:00,39.40713938095961,40.21248609510539,37.74455048395033,37.756526947021484,1002580000,0.0,0.0
2023-06-01 00:00:00-04:00,38.410189027460895,39.967993574032356,38.2614958531395,39.688568115234375,635873000,0.0,0.0
2023-06-02 00:00:00-04:00,40.014895164925456,40.4170698367897,38.97802122010776,39.2464714050293,482731000,0.0,0.0
2023-06-05 00:00:00-04:00,38.82932526473996,39.48398018738729,38.62773924122982,39.090789794921875,396094000,0.0,0.0
2023-06-06 00:00:00-04:00,38.750494112150655,39.0798164296081,38.069887549884086,38.574851989746094,388729000,0.0,0.0
2023-06-07 00:00:00-04:00,38.83933255229278,39.422196626647725,37.28336203456749,37.402130126953125,511998000,0.004,0.0
2023-06-08 00:00:00-04:00,37.650652361661095,38.78843525380602,37.43208020342754,38.435123443603516,417772000,0.0,0.0
2023-06-09 00:00:00-04:00,38.96110506142162,39.63379449273271,38.4920213997438,38.69462585449219,427717000,0.0,0.0
2023-06-12 00:00:00-04:00,39.12378588583667,39.453142301230535,38.542916712430916,39.405235290527344,388701000,0.0,0.0
2023-06-13 00:00:00-04:00,40.107864800357326,41.0210866253636,39.66273283742683,40.942237854003906,613208000,0.0,0.0
2023-06-14 00:00:00-04:00,40.74463080916541,42.916398894689806,40.47315646710425,42.91340637207031,740465000,0.0,0.0
2023-06-15 00:00:00-04:00,42.51917264005908,43.20483722073351,42.06505544214176,42.570072174072266,568622000,0.0,0.0
2023-06-16 00:00:00-04:00,43.36551525859182,43.635988226566326,42.578047952217986,42.60898971557617,655709000,0.0,0.0
2023-06-20 00:00:00-04:00,42.9144051358894,43.90447708552211,42.5910337413259,43.72282791137695,451153000,0.0,0.0
2023-06-21 00:00:00-04:00,43.41641836747542,43.530198935249985,41.998183661789234,42.9613037109375,551603000,0.0,0.0
2023-06-22 00:00:00-04:00,42.1708393507878,43.341558841574994,42.15187909756703,42.941341400146484,417737000,0.0,0.0
2023-06-23 00:00:00-04:00,42.381435491620046,42.72576209923424,41.93330719856048,42.126930236816406,358140000,0.0,0.0
2023-06-26 00:00:00-04:00,42.37844793444695,42.68086025771663,40.0220380144833,40.55300521850586,594322000,0.0,0.0
2023-06-27 00:00:00-04:00,40.71967293420545,41.858453292545065,40.369357466339395,41.794578552246094,462175000,0.0,0.0
2023-06-28 00:00:00-04:00,40.58094379252524,41.76364114383004,40.43922159164072,41.03705596923828,582639000,0.0,0.0
2023-06-29 00:00:00-04:00,41.47719909021722,41.51911724853508,40.52106150883683,40.74263000488281,380514000,0.0,0.0
2023-06-30 00:00:00-04:00,41.5989647398468,42.467272192490576,41.420311904436474,42.21975326538086,501148000,0.0,0.0
2023-07-03 00:00:00-04:00,42.434329951938,42.814589668673115,42.11994379587202,42.33053207397461,198209000,0.0,0.0
2023-07-05 00:00:00-04:00,42.053080590984536,43.09305457985884,42.003178561095986,42.2347297668457,323618000,0.0,0.0
2023-07-06 00:00:00-04:00,41.76264574505463,42.096993500956245,41.2656128948708,42.021141052246094,303582000,0.0,0.0
2023-07-07 00:00:00-04:00,42.23971652222752,43.129984404943556,42.097994303095824,42.42036437988281,355881000,0.0,0.0
2023-07-10 00:00:00-04:00,42.574069582991044,42.72776951271603,41.568026064774784,42.09799575805664,353908000,0.0,0.0
2023-07-11 00:00:00-04:00,42.39840417547179,42.67486603723535,41.985211451319245,42.32255172729492,298244000,0.0,0.0
2023-07-12 00:00:00-04:00,42.94932537767914,43.84957190915323,42.693822639384614,43.81663513183594,481277000,0.0,0.0
2023-07-13 00:00:00-04:00,44.43144838419821,46.065262910266576,44.40549795947818,45.887611389160156,478204000,0.0,0.0
2023-07-14 00:00:00-04:00,46.49243252940778,47.994507542631396,44.97239476607481,45.38059997558594,772075000,0.0,0.0
2023-07-17 00:00:00-04:00,46.198988637465575,46.40558303240435,45.17398529828035,46.37065124511719,510488000,0.0,0.0
2023-07-18 00:00:00-04:00,46.6101959109385,47.80287207706954,45.64507706670889,47.40165328979492,569164000,0.0,0.0
2023-07-19 00:00:00-04:00,47.37171073363014,47.7250225002053,46.65111448328101,46.9854621887207,427502000,0.0,0.0
2023-07-20 00:00:00-04:00,46.416572252146125,46.99544633379389,44.974382199398164,45.43149185180664,537865000,0.0,0.0
2023-07-21 00:00:00-04:00,45.698979302609416,45.77683058262833,44.014261307837806,44.22285461425781,963769000,0.0,0.0
2023-07-24 00:00:00-04:00,44.644025212328465,45.02129240158318,43.95437069346409,44.5252571105957,382516000,0.0,0.0
2023-07-25 00:00:00-04:00,44.85362300335587,46.093204951452925,44.835656447425045,45.590187072753906,348081000,0.0,0.0
2023-07-26 00:00:00-04:00,45.93151847506049,45.96345774796509,44.54322423850326,45.363624572753906,364237000,0.0,0.0
2023-07-27 00:00:00-04:00,46.42855649018283,47.302852779891246,45.66105061247082,45.810760498046875,455976000,0.0,0.0
2023-07-28 00:00:00-04:00,46.57725828817055,46.93556140812505,46.290817578046465,46.65909957885742,331194000,0.0,0.0
2023-07-31 00:00:00-04:00,46.66309836248381,47.038366761861774,46.41557944946755,46.638145446777344,251055000,0.0,0.0
2023-08-01 00:00:00-04:00,46.36966307349115,46.808809981833214,45.9375063312931,46.41657257080078,237858000,0.0,0.0
2023-08-02 00:00:00-04:00,45.7418854140989,45.75086678713784,43.302637394351734,44.18292236328125,530142000,0.0,0.0
2023-08-03 00:00:00-04:00,43.71483776411609,45.03027593449394,43.71483776411609,44.42844772338867,324176000,0.0,0.0
2023-08-04 00:00:00-04:00,44.897531651391645,45.55325186395774,44.30668368202593,44.59312438964844,362666000,0.0,0.0
2023-08-07 00:00:00-04:00,45.02329618186399,45.45146298171195,44.47636125716046,45.32870101928711,322154000,0.0,0.0
2023-08-08 00:00:00-04:00,44.76579541158173,45.15403903929904,43.970344091683025,44.57716369628906,353843000,0.0,0.0
2023-08-09 00:00:00-04:00,44.18790919409857,44.22583731482129,42.05207094997095,42.471256256103516,586449000,0.0,0.0
2023-08-10 00:00:00-04:00,42.07803041712352,43.48928271463046,41.753661535765616,42.30558776855469,492705000,0.0,0.0
2023-08-11 00:00:00-04:00,41.66982393739307,41.936306917018776,40.55998646089097,40.77556610107422,533085000,0.0,0.0
2023-08-14 00:00:00-04:00,40.40728777661957,43.71484392430669,40.23262877049562,43.66793441772461,690286000,0.0,0.0
2023-08-15 00:00:00-04:00,44.473361921944495,45.17998551740348,43.62501232005784,43.85456466674805,676512000,0.0,0.0
2023-08-16 00:00:00-04:00,44.43344112151487,44.58813853982079,43.32160482572684,43.401451110839844,527451000,0.0,0.0
2023-08-17 00:00:00-04:00,43.884505920253574,43.97632609118521,42.91738827793847,43.25972366333008,452395000,0.0,0.0
2023-08-18 00:00:00-04:00,42.55209903416188,43.49326626137414,41.57899634242321,43.21480941772461,583768000,0.0,0.0
2023-08-21 00:00:00-04:00,44.407491420923556,46.97349186656967,44.13602090022551,46.87568283081055,692573000,0.0,0.0
2023-08-22 00:00:00-04:00,48.04141091720703,48.09331176452581,45.24486061801989,45.57920837402344,755293000,0.0,0.0
2023-08-23 00:00:00-04:00,45.77682903768783,47.10823512648874,45.12010736864763,47.02439880371094,779046000,0.0,0.0
2023-08-24 00:00:00-04:00,50.118361983877634,50.16826400478164,47.067306662299096,47.07129669189453,1156044000,0.0,0.0
2023-08-25 00:00:00-04:00,46.92059466008382,47.71205208326433,44.936457196698406,45.92852783203125,925341000,0.0,0.0
2023-08-28 00:00:00-04:00,46.391620353475034,46.88865315492435,44.800721716075714,46.743934631347656,685192000,0.0,0.0
2023-08-29 00:00:00-04:00,46.575266020642104,48.985571364963455,46.30079918990067,48.68914794921875,701397000,0.0,0.0
2023-08-30 00:00:00-04:00,48.94863943193041,49.82992198159772,48.330843509784565,49.168212890625,735206000,0.0,0.0
2023-08-31 00:00:00-04:00,49.28399374905417,49.64728445636799,48.86281334141854,49.25904083251953,528570000,0.0,0.0
2023-09-01 00:00:00-04:00,49.6652424618298,49.7031667765697,48.04838969224288,48.414676666259766,463830000,0.0,0.0
2023-09-05 00:00:00-04:00,48.1292368066892,48.75601791251672,47.76694364415611,48.45360565185547,382653000,0.0,0.0
2023-09-06 00:00:00-04:00,48.35081277739129,48.45860959750374,46.493277589942615,46.97338104248047,468670000,0.004,0.0
2023-09-07 00:00:00-04:00,45.440229441727205,46.25770462589442,45.067922908266546,46.1548957824707,433330000,0.0,0.0
2023-09-08 00:00:00-04:00,45.856458279277405,46.519219579428515,45.186706235848995,45.487144470214844,473069000,0.0,0.0
2023-09-11 00:00:00-04:00,46.062063171640766,46.07703462980452,44.229483586598796,45.0938720703125,473966000,0.0,0.0
2023-09-12 00:00:00-04:00,44.654699054902544,45.587959502588625,44.448083747449665,44.78645324707031,349256000,0.0,0.0
2023-09-13 00:00:00-04:00,44.516948715229006,45.844473946840324,44.420129217307256,45.40030288696289,398355000,0.0,0.0
2023-09-14 00:00:00-04:00,45.8644443208897,45.901374179979044,45.04696901136851,45.496131896972656,370097000,0.0,0.0
2023-09-15 00:00:00-04:00,45.25656332752661,45.514082288276775,43.726417212467545,43.8182487487793,506831000,0.0,0.0
2023-09-18 00:00:00-04:00,42.66839815481211,44.15961559349167,41.921789942113186,43.88412857055664,500271000,0.0,0.0
2023-09-19 00:00:00-04:00,43.7513779115944,43.8841296709857,42.921924053303314,43.438961029052734,373064000,0.0,0.0
2023-09-20 00:00:00-04:00,43.51881278602881,43.82124998391259,42.14437793528599,42.16034698486328,367108000,0.0,0.0
2023-09-21 00:00:00-04:00,41.505568360727295,42.021603947761406,40.903690569058845,40.94062042236328,450736000,0.0,0.0
2023-09-22 00:00:00-04:00,41.494589042058344,42.0365810200349,41.154224400495224,41.53252029418945,479236000,0.0,0.0
2023-09-25 00:00:00-04:00,41.51354991090628,42.456789851544556,41.100319388968366,42.143375396728516,419091000,0.0,0.0
2023-09-26 00:00:00-04:00,41.92279078773523,42.74026599878411,41.577434392681035,41.83295822143555,402282000,0.0,0.0
2023-09-27 00:00:00-04:00,42.2511801171412,42.79217068875673,41.55148521974545,42.388919830322266,444935000,0.0,0.0
2023-09-28 00:00:00-04:00,42.38093579889095,43.36509986355093,42.03658080053992,43.008766174316406,424663000,0.0,0.0
2023-09-29 00:00:00-04:00,43.74539144535937,44.061802514667,43.226359256277895,43.41800308227539,397830000,0.0,0.0
2023-10-02 00:00:00-04:00,43.94801356401108,45.09088199561907,43.77932952657343,44.69861602783203,433298000,0.0,0.0
2023-10-03 00:00:00-04:00,44.724558993956826,45.045961784832514,43.165467413747166,43.43596267700195,470850000,0.0,0.0
2023-10-04 00:00:00-04:00,43.66055277170503,44.06080708258773,43.21138991227506,43.9589958190918,361821000,0.0,0.0
2023-10-05 00:00:00-04:00,43.96797721587723,44.81639678263096,43.80628011216114,44.60478973388672,393483000,0.0,0.0
2023-10-06 00:00:00-04:00,44.11070601288464,45.70373466330227,43.944017177662325,45.67678451538086,434436000,0.0,0.0
2023-10-09 00:00:00-04:00,44.75850060605626,45.520080342411596,44.28538419676615,45.188697814941406,409675000,0.0,0.0
2023-10-10 00:00:00-04:00,45.22562871384522,46.17285906419018,45.004041982640686,45.71271896362305,368582000,0.0,0.0
2023-10-11 00:00:00-04:00,46.109976834306515,46.77174426177856,45.96424879463127,46.718841552734375,378137000,0.0,0.0
2023-10-12 00:00:00-04:00,46.68989566086201,47.52034710135052,46.24372943331202,46.857582092285156,481325000,0.0,0.0
2023-10-13 00:00:00-04:00,46.87255194030723,47.02826348384449,45.195680068516225,45.3763427734375,474115000,0.0,0.0
2023-10-16 00:00:00-04:00,44.97908693457242,46.13892190023753,44.82836714020883,46.0091667175293,375099000,0.0,0.0
2023-10-17 00:00:00-04:00,43.91807074145932,44.67066838631244,42.40090056802487,43.85618591308594,812333000,0.0,0.0
2023-10-18 00:00:00-04:00,42.51169662106801,43.138529469295314,41.747124044335536,42.117431640625,627294000,0.0,0.0
2023-10-19 00:00:00-04:00,42.731286777485096,43.216381906827145,41.8040157217801,42.02260971069336,501233000,0.0,0.0
2023-10-20 00:00:00-04:00,41.81199054712487,42.390912280968735,41.00150240429951,41.30992889404297,477266000,0.0,0.0
2023-10-23 00:00:00-04:00,41.15222297578524,43.16746417608584,40.868751447845426,42.89496994018555,478530000,0.0,0.0
2023-10-24 00:00:00-04:00,42.996784415979555,43.615628825296106,42.611505424258,43.58169174194336,401463000,0.0,0.0
2023-10-25 00:00:00-04:00,43.31718712471628,43.56872058494652,41.477620479123594,41.701202392578125,398379000,0.0,0.0
2023-10-26 00:00:00-04:00,41.775064849583806,42.17731428874224,39.80573926150373,40.25090789794922,541001000,0.0,0.0
2023-10-27 00:00:00-04:00,41.0534152286562,41.12927392659706,39.94048973150051,40.42458724975586,416784000,0.0,0.0
2023-10-30 00:00:00-04:00,41.01049849985918,41.68823125867914,40.405624059194345,41.08435821533203,388028000,0.0,0.0
2023-10-31 00:00:00-04:00,40.37467987980174,40.802881903079644,39.1569503913023,40.704063415527344,517969000,0.0,0.0
2023-11-01 00:00:00-04:00,40.80787782542213,42.30209223793461,40.79290636281734,42.24619674682617,437593000,0.0,0.0
2023-11-02 00:00:00-04:00,43.24731404731201,43.802278424689874,42.814124127350155,43.424983978271484,409172000,0.0,0.0
2023-11-03 00:00:00-04:00,43.93803330221259,45.22463078266812,43.641585445769095,44.921199798583984,424610000,0.0,0.0
2023-11-06 00:00:00-05:00,45.200677734191665,45.849468936509936,44.815394894536624,45.665809631347656,400733000,0.0,0.0
2023-11-07 00:00:00-05:00,45.63386992886557,46.13193749816825,45.073913725971586,45.86943054199219,343165000,0.0,0.0
2023-11-08 00:00:00-05:00,46.01416154146456,46.77973551029514,45.88240735230462,46.487281799316406,346719000,0.0,0.0
2023-11-09 00:00:00-05:00,47.3786111235174,48.14019083451283,46.662947187934414,46.86257553100586,540496000,0.0,0.0
2023-11-10 00:00:00-05:00,47.411547124751294,48.38173722144184,47.194952159011976,48.244991302490234,421245000,0.0,0.0
2023-11-13 00:00:00-05:00,48.230024106474055,49.02454332437156,48.00943495548385,48.52946472167969,384136000,0.0,0.0
2023-11-14 00:00:00-05:00,49.58749498042509,49.74120755867973,48.948687284637685,49.56353759765625,416954000,0.0,0.0
2023-11-15 00:00:00-05:00,49.84201782618033,49.86696898933371,48.11024794590893,48.796966552734375,475497000,0.0,0.0
2023-11-16 00:00:00-05:00,48.58835975878918,49.43278516309001,48.24001057724096,49.38786697387695,339756000,0.0,0.0
2023-11-17 00:00:00-05:00,49.43178439121729,49.62442581647781,48.9157487529458,49.206207275390625,325205000,0.0,0.0
2023-11-20 00:00:00-05:00,49.22017477900762,50.45387324372552,49.08941820057832,50.31513214111328,414120000,0.0,0.0
2023-11-21 00:00:00-05:00,50.03266205340574,50.422932832163035,49.130346021791986,49.85100173950195,565747000,0.0,0.0
2023-11-22 00:00:00-05:00,49.759164546453185,50.24126298029007,47.6011881616042,48.62527847290039,899420000,0.0,0.0
2023-11-24 00:00:00-05:00,48.37974638442562,48.829906801279186,47.656094105123046,47.68703842163086,294645000,0.0,0.0
2023-11-27 00:00:00-05:00,47.710986210138174,48.43962634923761,47.56326300329972,48.152164459228516,395662000,0.0,0.0
2023-11-28 00:00:00-05:00,48.14617697047183,48.233016759843025,47.38459731024166,47.73194885253906,401491000,0.0,0.0
2023-11-29 00:00:00-05:00,48.288914999950215,48.67120123627393,47.7708804254883,48.050357818603516,382005000,0.0,0.0
2023-11-30 00:00:00-05:00,47.934573676190574,48.02041588268528,46.335559349897565,46.68291091918945,526247000,0.0,0.0
2023-12-01 00:00:00-05:00,46.43836652084653,47.11210883022558,46.10099466756543,46.67791748046875,369317000,0.0,0.0
2023-12-04 00:00:00-05:00,45.99120422189831,45.99120422189831,44.926189637223715,45.42525863647461,437543000,0.0,0.0
2023-12-05 00:00:00-05:00,45.385328820380614,46.51731562556562,45.19067511548695,46.48337936401367,371718000,0.004,0.0
2023-12-06 00:00:00-05:00,47.13122835946555,47.30292406979546,45.331425953011845,45.422264099121094,380590000,0.0,0.0
2023-12-07 00:00:00-05:00,45.618907131547076,46.546259494756995,45.52307681120913,46.5133171081543,350823000,0.0,0.0
2023-12-08 00:00:00-05:00,46.5123243077979,47.65629078492983,46.467402174460815,47.42170715332031,359224000,0.0,0.0
2023-12-11 00:00:00-05:00,47.40673880790064,47.446664942684954,45.74868658721169,46.54426956176758,509728000,0.0,0.0
2023-12-12 00:00:00-05:00,45.96430321028968,47.581427820158346,45.96430321028968,47.572444915771484,372387000,0.0,0.0
2023-12-13 00:00:00-05:00,47.54449269431196,48.50778063121328,47.52353004634861,48.00267791748047,447792000,0.0,0.0
2023-12-14 00:00:00-05:00,48.30414732382806,48.5836493378029,47.33786621270835,48.264217376708984,391232000,0.0,0.0
2023-12-15 00:00:00-05:00,48.108492709816815,49.316344970250725,48.03462269335951,48.80325698852539,479948000,0.0,0.0
2023-12-18 00:00:00-05:00,49.3123545622575,50.343518919127504,49.062798119752,49.98815155029297,412587000,0.0,0.0
2023-12-19 00:00:00-05:00,49.33629886505029,49.61181008886036,48.808238224699814,49.5159797668457,464444000,0.0,0.0
2023-12-20 00:00:00-05:00,49.5668939044448,49.91028529819524,48.012657344636494,48.025634765625,397894000,0.0,0.0
2023-12-21 00:00:00-05:00,48.724392927903814,49.007889407965415,48.333086371904265,48.903076171875,300425000,0.0,0.0
2023-12-22 00:00:00-05:00,49.10770498591239,49.29537111268927,48.380996155276534,48.74335479736328,252507000,0.0,0.0
2023-12-26 00:00:00-05:00,48.88110985273242,49.51198840359391,48.873124626710656,49.191558837890625,244200000,0.0,0.0
2023-12-27 00:00:00-05:00,49.42315398247824,49.59185284551433,48.997907338293054,49.32931900024414,233648000,0.0,0.0
2023-12-28 00:00:00-05:00,49.554922947314495,49.795492674643874,49.324329994165225,49.43413543701172,246587000,0.0,0.0
2023-12-29 00:00:00-05:00,49.724619498674286,49.908294957673476,48.664503467597335,49.43413543701172,389293000,0.0,0.0
2024-01-02 00:00:00-05:00,49.1566219566508,49.20753015338818,47.51054964423797,48.0825309753418,411254000,0.0,0.0
2024-01-03 00:00:00-05:00,47.40074566328975,48.09850289557728,47.23603751691528,47.484596252441406,320896000,0.0,0.0
2024-01-04 00:00:00-05:00,47.68224124777032,48.413942329548256,47.42370194062123,47.91283416748047,306535000,0.0,0.0
2024-01-05 00:00:00-05:00,48.37601604637922,49.459090025386296,48.22029079492016,49.0098876953125,415039000,0.0,0.0
2024-01-08 00:00:00-05:00,49.424151981929796,52.18225008334284,49.39120958940494,52.16028594970703,642510000,0.0,0.0
2024-01-09 00:00:00-05:00,52.30802809263291,54.22861420741035,51.598287244233845,53.04571533203125,773100000,0.0,0.0
2024-01-10 00:00:00-05:00,53.52086794542818,54.50311934146144,53.39409057576156,54.253562927246094,533796000,0.0,0.0
2024-01-11 00:00:00-05:00,54.9014155282273,55.247799966123495,53.46496957614301,54.724727630615234,596759000,0.0,0.0
2024-01-12 00:00:00-05:00,54.523086018906326,54.87246729450568,54.23360346337735,54.6129264831543,352994000,0.0,0.0
2024-01-16 00:00:00-05:00,54.920385030235444,56.734158722808395,54.80259436306696,56.28196334838867,449580000,0.0,0.0
2024-01-17 00:00:00-05:00,56.24702168282456,56.37080221365978,54.642874592370525,55.95354461669922,474394000,0.0,0.0
2024-01-18 00:00:00-05:00,57.15840468720761,57.49780159403606,56.00745052096862,57.00567626953125,491650000,0.0,0.0
2024-01-19 00:00:00-05:00,57.88610325059809,59.39442372974931,57.12345894632279,59.385440826416016,543501000,0.0,0.0
2024-01-22 00:00:00-05:00,59.942452516713104,60.223953645882176,58.96518950299891,59.548152923583984,452955000,0.0,0.0
2024-01-23 00:00:00-05:00,59.46430561582059,59.803702511682395,58.48105267598879,59.76676940917969,294654000,0.0,0.0
2024-01-24 00:00:00-05:00,60.19700279855746,62.73748534909312,59.831651069260054,61.25312423706055,560271000,0.0,0.0
2024-01-25 00:00:00-05:00,62.23937252647403,62.607721109617174,60.742033936667,61.50767517089844,482777000,0.0,0.0
2024-01-26 00:00:00-05:00,60.85183724757184,61.67337885004867,60.465526677085045,60.92271041870117,390309000,0.0,0.0
2024-01-29 00:00:00-05:00,61.12335769472333,62.378127434562785,60.798937371656514,62.35417175292969,348733000,0.0,0.0
2024-01-30 00:00:00-05:00,62.78839260190601,63.38033889790534,62.14952501071203,62.66261291503906,410735000,0.0,0.0
2024-01-31 00:00:00-05:00,61.330983989988475,62.15851544921119,60.59229912426738,61.41783142089844,453795000,0.0,0.0
2024-02-01 00:00:00-05:00,61.98981538927627,63.07888305643791,61.54061686379006,62.9151725769043,369146000,0.0,0.0
2024-02-02 00:00:00-05:00,63.860476972116146,66.48181657897317,63.57698053493533,66.0426025390625,476578000,0.0,0.0
2024-02-05 00:00:00-05:00,68.10395378778126,69.3737001755538,67.08576682117494,69.20899200439453,680078000,0.0,0.0
2024-02-06 00:00:00-05:00,69.50645284574946,69.630233381063,66.18236704818828,68.1019515991211,683111000,0.0,0.0
2024-02-07 00:00:00-05:00,68.19778404882926,70.09541214076467,67.48005798042527,69.97462463378906,495575000,0.0,0.0
2024-02-08 00:00:00-05:00,69.9496558671256,70.66837949372972,69.33175856710787,69.51742553710938,414422000,0.0,0.0
2024-02-09 00:00:00-05:00,70.40785287358678,72.05692221360141,70.08742326576261,72.00502014160156,436637000,0.0,0.0
2024-02-12 00:00:00-05:00,72.4711925074671,74.4786262016981,71.12358918296164,72.11981964111328,613710000,0.0,0.0
2024-02-13 00:00:00-05:00,70.2750920169868,73.31967588505927,69.49647717607553,72.0000228881836,602580000,0.0,0.0
2024-02-14 00:00:00-05:00,73.0721231436502,74.10428513350574,71.81036588559786,73.76888275146484,504917000,0.0,0.0
2024-02-15 00:00:00-05:00,73.73792526857264,73.8437323619661,72.27153019209926,72.52906799316406,420122000,0.0,0.0
2024-02-16 00:00:00-05:00,73.96851471281462,74.2699807907232,72.37235296886776,72.4841537475586,495327000,0.0,0.0
2024-02-20 00:00:00-05:00,71.8193337960462,71.82832050697183,67.61381202197207,69.32876586914062,704833000,0.0,0.0
2024-02-21 00:00:00-05:00,67.88532873628714,68.76576751724065,66.13045246980936,67.35227966308594,673755000,0.0,0.0
2024-02-22 00:00:00-05:00,74.89189108055353,78.43558804957509,74.08831901858908,78.3986587524414,865100000,0.0,0.0
2024-02-23 00:00:00-05:00,80.64665337566204,82.24780364536768,77.4323654765101,78.67715454101562,829388000,0.0,0.0
2024-02-26 00:00:00-05:00,79.55858308487059,80.5029113343283,78.36570371037314,78.95166778564453,503973000,0.0,0.0
2024-02-27 00:00:00-05:00,79.24015705268404,79.338988045559,77.02509990421383,78.56136322021484,391705000,0.0,0.0
2024-02-28 00:00:00-05:00,77.48227691873889,78.7929431019633,76.98815248522881,77.52519989013672,393110000,0.0,0.0
2024-02-29 00:00:00-05:00,78.95366810218512,79.84807446200602,78.2109848648127,78.97163391113281,507289000,0.0,0.0
2024-03-01 00:00:00-05:00,79.85804776923267,82.15396968894088,79.29404786978826,82.13300323486328,479135000,0.0,0.0
2024-03-04 00:00:00-05:00,83.98070887832954,87.53938523582946,83.57044270492621,85.08574676513672,615616000,0.0,0.0
2024-03-05 00:00:00-05:00,85.12268939106258,85.94826418923283,83.27289368933285,85.81549072265625,520639000,0.004,0.0
2024-03-06 00:00:00-05:00,87.86995321567885,89.56900902315816,86.87966241798968,88.5467758178711,582520000,0.0,0.0
2024-03-07 00:00:00-05:00,90.00224735235656,92.60674140930558,89.44720809741612,92.5089111328125,608119000,0.0,0.0
2024-03-08 00:00:00-05:00,94.97364703765751,97.23174040772027,86.35655527181379,87.37679290771484,1142269000,0.0,0.0
2024-03-11 00:00:00-04:00,86.27967584138597,88.64358082553095,84.02058518168344,85.62580871582031,678364000,0.0,0.0
2024-03-12 00:00:00-04:00,87.8969031445505,91.80114256968415,86.0011815049168,91.75422668457031,668075000,0.0,0.0
2024-03-13 00:00:00-04:00,90.89769122292586,91.34591302025892,88.2822148639796,90.7309799194336,635713000,0.0,0.0
2024-03-14 00:00:00-04:00,89.42225831640668,90.48941185201531,86.45039611721776,87.79207611083984,602318000,0.0,0.0
2024-03-15 00:00:00-04:00,86.77983369344113,89.39131202190967,86.10799973550625,87.68526458740234,642086000,0.0,0.0
2024-03-18 00:00:00-04:00,90.23185202169164,92.24536587684682,86.9345566695886,88.30219268798828,668976000,0.0,0.0
2024-03-19 00:00:00-04:00,86.55022352343148,90.38758481674583,84.86314816147532,89.24356842041016,672171000,0.0,0.0
2024-03-20 00:00:00-04:00,89.64187768825083,90.25382534481801,88.07059918494765,90.21588897705078,479063000,0.0,0.0
2024-03-21 00:00:00-04:00,92.14054972284487,92.48794810720764,90.24881917443113,91.27703857421875,480372000,0.0,0.0
2024-03-22 00:00:00-04:00,90.9835495525749,94.61426754269417,90.67708069798141,94.12611389160156,586719000,0.0,0.0
2024-03-25 00:00:00-04:00,93.77871131394467,96.59882785449742,93.34845614456138,94.83787536621094,552136000,0.0,0.0
2024-03-26 00:00:00-04:00,95.68541767838448,96.20851455285562,92.34220396856466,92.4011001586914,513648000,0.0,0.0
2024-03-27 00:00:00-04:00,92.95114873658731,93.0789259717654,88.96904130951937,90.0940933227539,586067000,0.0,0.0
2024-03-28 00:00:00-04:00,89.8445252112995,91.1422825108375,89.03892009399118,90.19991302490234,435212000,0.0,0.0
2024-04-01 00:00:00-04:00,90.14301673764523,92.06568455405531,89.0499070749777,90.20690155029297,452441000,0.0,0.0
2024-04-02 00:00:00-04:00,88.29520668047454,89.93836697964663,87.46864171818919,89.29747772216797,433064000,0.0,0.0
2024-04-03 00:00:00-04:00,88.33115142365672,90.21788597554938,88.24729689318218,88.81031799316406,370067000,0.0,0.0
2024-04-04 00:00:00-04:00,90.24981545155312,90.47742601324012,85.73163346290652,85.756591796875,434965000,0.0,0.0
2024-04-05 00:00:00-04:00,86.71593161708087,88.32814710111496,85.77756069682601,87.85596466064453,399678000,0.0,0.0
2024-04-08 00:00:00-04:00,88.54676191015398,88.67654220104028,86.58216705957724,86.98247528076172,283220000,0.0,0.0
2024-04-09 00:00:00-04:00,87.29093308519522,87.48360044285332,82.87857107978263,85.20653533935547,501700000,0.0,0.0
2024-04-10 00:00:00-04:00,83.78102010903869,87.24901778988773,83.56439211342133,86.88864135742188,431929000,0.0,0.0
2024-04-11 00:00:00-04:00,87.26897200773683,90.58223837088431,86.77582976459976,90.4594497680664,431637000,0.0,0.0
2024-04-12 00:00:00-04:00,89.54403999734934,90.01922323878227,87.37878828439109,88.03365325927734,426805000,0.0,0.0
2024-04-15 00:00:00-04:00,88.94409019243535,90.45647254670295,85.78056565576352,85.8524398803711,443077000,0.0,0.0
2024-04-16 00:00:00-04:00,86.28368645109244,87.965773191981,85.91532822119116,87.26399230957031,370453000,0.0,0.0
2024-04-17 00:00:00-04:00,88.18738725935935,88.62164096734257,83.80497167986917,83.88983154296875,495400000,0.0,0.0
2024-04-18 00:00:00-04:00,84.82320627802973,86.0410998135889,82.25964198597137,84.52471923828125,447260000,0.0,0.0
2024-04-19 00:00:00-04:00,83.00637428065669,84.17834237736079,75.47540651529913,76.06837463378906,875198000,0.0,0.0
2024-04-22 00:00:00-04:00,77.96907171420484,79.93467203595871,76.26802061217705,79.38063049316406,596341000,0.0,0.0
2024-04-23 00:00:00-04:00,80.62946711947102,82.62601207910251,80.12534225900131,82.28060913085938,438559000,0.0,0.0
2024-04-24 00:00:00-04:00,83.80497344877082,83.93674919660243,79.0462101404743,79.53936004638672,512208000,0.0,0.0
2024-04-25 00:00:00-04:00,78.73175253009703,83.1790583894206,78.08787011237102,82.4892578125,424641000,0.0,0.0
2024-04-26 00:00:00-04:00,83.67320929669376,88.17841379736606,83.24295407183207,87.58344268798828,551011000,0.0,0.0
2024-04-29 00:00:00-04:00,87.44367738781547,87.83998710672722,85.11869845127212,87.60540008544922,388971000,0.0,0.0
2024-04-30 00:00:00-04:00,87.08929643239856,88.66557118869024,86.15092540038592,86.25274658203125,363709000,0.0,0.0
2024-05-01 00:00:00-04:00,84.93001509196907,85.85141694267458,81.11461218464028,82.89752960205078,559863000,0.0,0.0
2024-05-02 00:00:00-04:00,84.30311392551386,86.08802721004574,83.05627099401435,85.66875457763672,377898000,0.0,0.0
2024-05-03 00:00:00-04:00,87.63734759857738,89.12676696706856,86.88964093377092,88.6356201171875,398341000,0.0,0.0
2024-05-06 00:00:00-04:00,89.2355927661625,92.06070623129062,88.90117233789141,91.98084259033203,376203000,0.0,0.0
2024-05-07 00:00:00-04:00,90.94063437830519,91.62245320483287,88.8572415302883,90.39757537841797,437342000,0.0,0.0
2024-05-08 00:00:00-04:00,89.3284100650337,91.03645266362885,89.26551537048084,90.25580596923828,325721000,0.0,0.0
2024-05-09 00:00:00-04:00,90.37261598217049,90.91467725150264,88.07858911055452,88.59369659423828,378013000,0.0,0.0
2024-05-10 00:00:00-04:00,90.14898917811553,91.24309639621146,89.07284860877868,89.72272491455078,335325000,0.0,0.0
2024-05-13 00:00:00-04:00,90.32170192056742,90.84080791917694,88.37607119051684,90.24284362792969,289680000,0.0,0.0
2024-05-14 00:00:00-04:00,89.44422015487879,91.49267735254841,88.78036800318161,91.19818878173828,296507000,0.0,0.0
2024-05-15 00:00:00-04:00,92.31226052004403,94.69813133508781,91.44076747625896,94.4665298461914,417735000,0.0,0.0
2024-05-16 00:00:00-04:00,94.74604980958085,95.65347613046144,93.94043705092355,94.19599914550781,323952000,0.0,0.0
2024-05-17 00:00:00-04:00,94.20597874528181,94.57633241179128,91.64740285082287,92.3192367553711,359691000,0.0,0.0
2024-05-20 00:00:00-04:00,93.58805245494568,95.03554461976276,93.27859039868353,94.61627197265625,318764000,0.0,0.0
2024-05-21 00:00:00-04:00,93.43731390021196,95.23520530836203,93.01903897023965,95.22122955322266,328946000,0.0,0.0
2024-05-22 00:00:00-04:00,95.29408831779949,95.85411617010452,93.0879071432018,94.78596496582031,548648000,0.0,0.0
2024-05-23 00:00:00-04:00,101.85173814300114,106.13632317831666,101.34461252537659,103.61968231201172,835065000,0.0,0.0
2024-05-24 00:00:00-04:00,104.26855020743297,106.29105104139217,102.82205601462691,106.28506469726562,429494000,0.0,0.0
2024-05-28 00:00:00-04:00,110.05354384473526,114.74043237669933,109.69316745366345,113.7042236328125,652728000,0.0,0.0
2024-05-29 00:00:00-04:00,112.85471267036033,115.29248791517858,110.70942292973874,114.62664031982422,557442000,0.0,0.0
2024-05-30 00:00:00-04:00,114.4519291639937,115.61890828928476,109.47354532396147,110.30909729003906,484553000,0.0,0.0
2024-05-31 00:00:00-04:00,112.32561724375552,112.52228313915187,106.75526253688238,109.44361114501953,613263000,0.0,0.0
2024-06-03 00:00:00-04:00,113.42470752761051,114.80132293701172,111.80949898893368,114.80132293701172,438392000,0.0,0.0
2024-06-04 00:00:00-04:00,115.51610755402032,116.39857553569502,113.8479889155611,116.23585510253906,403324000,0.0,0.0
2024-06-05 00:00:00-04:00,118.16651413530396,122.2374646244509,117.26507420610801,122.22848510742188,528402000,0.0,0.0
2024-06-06 00:00:00-04:00,123.83370517037008,125.3700480295792,118.11560338652608,120.78897857666016,664696000,0.0,0.0
2024-06-07 00:00:00-04:00,119.56309618694148,121.48178065904402,117.81812234412239,120.67916870117188,412386000,0.0,0.0
2024-06-10 00:00:00-04:00,120.16206756268633,122.88734731323206,116.80787124184927,121.5796127319336,313434100,0.0,10.0
2024-06-11 00:00:00-04:00,121.56962984389475,122.66782593913159,118.54461678500223,120.71105194091797,222551200,0.01,0.0
2024-06-12 00:00:00-04:00,122.85749488714337,126.67120854134929,122.3683033445049,124.99397277832031,299595000,0.0,0.0
2024-06-13 00:00:00-04:00,129.17707407207072,129.58640302855855,126.95074804505506,129.39671325683594,260704500,0.0,0.0
2024-06-14 00:00:00-04:00,129.7461405645556,132.62139078984768,128.1088400079036,131.66297912597656,309320400,0.0,0.0
2024-06-17 00:00:00-04:00,132.77118307637525,133.5099557271365,129.3667902512595,130.7644805908203,288504400,0.0,0.0
2024-06-18 00:00:00-04:00,130.92420671975586,136.10566894087242,130.47495024767164,135.35690307617188,294335100,0.0,0.0
2024-06-20 00:00:00-04:00,139.56994988249141,140.52836158741297,129.30686774302006,130.56478881835938,517768400,0.0,0.0
2024-06-21 00:00:00-04:00,126.91083052082259,130.4150570517715,124.09547105255645,126.36173248291016,649445800,0.0,0.0
2024-06-24 00:00:00-04:00,123.03720520530106,124.25519890170064,117.84576490444155,117.9156494140625,476060900,0.0,0.0
2024-06-25 00:00:00-04:00,121.00056940292565,126.29185160793926,119.12366557563713,125.88252258300781,414192600,0.0,0.0
2024-06-26 00:00:00-04:00,125.92244899462368,127.90917229563556,122.39825886605338,126.19200897216797,362975900,0.0,0.0
2024-06-27 00:00:00-04:00,123.89579983596734,126.20200405764365,122.71774114608809,123.78598022460938,252571700,0.0,0.0
2024-06-28 00:00:00-04:00,124.3750052910358,127.49985213027985,122.54801473015355,123.33671569824219,315516700,0.0,0.0
2024-07-01 00:00:00-04:00,123.26683055595603,124.63457133754859,118.63446631453066,124.09546661376953,284885500,0.0,0.0
2024-07-02 00:00:00-04:00,120.93068040128533,123.20693510758652,120.83084647254137,122.46814727783203,218374000,0.0,0.0
2024-07-03 00:00:00-04:00,121.45980705227005,128.06890869140625,121.16029766804549,128.06890869140625,215749000,0.0,0.0
2024-07-05 00:00:00-04:00,127.17039258704797,128.63798252741702,125.47319299554034,125.6229476928711,214176700,0.0,0.0
2024-07-08 00:00:00-04:00,127.28019823232947,130.55480700867955,126.83094180644568,127.98902893066406,237677300,0.0,0.0
2024-07-09 00:00:00-04:00,130.1355144487565,133.59980576329167,128.43829962119838,131.163818359375,285366600,0.0,0.0
2024-07-10 00:00:00-04:00,133.80946190177127,134.87770860466375,132.20211043348235,134.68801879882812,248978600,0.0,0.0
2024-07-11 00:00:00-04:00,135.52662745493282,135.92596317348227,126.84094609019272,127.19036865234375,374782700,0.0,0.0
2024-07-12 00:00:00-04:00,128.04896049446677,131.70294212873284,127.01067837288572,129.02735900878906,252680500,0.0,0.0
2024-07-15 00:00:00-04:00,130.34519061646392,131.17382686725955,126.9707543839405,128.2286834716797,208326200,0.0,0.0
2024-07-16 00:00:00-04:00,128.22864817880884,128.82765170945768,124.37499938694933,126.15206909179688,214769500,0.0,0.0
2024-07-17 00:00:00-04:00,121.15030105949809,121.64947824360549,116.52792307672573,117.79582977294922,390086200,0.0,0.0
2024-07-18 00:00:00-04:00,121.64949097287113,122.19858897958201,116.36819489836525,120.89073944091797,320979500,0.0,0.0
2024-07-19 00:00:00-04:00,120.15197050658449,121.3999137142076,117.17687816504188,117.73595428466797,217223800,0.0,0.0
2024-07-22 00:00:00-04:00,120.15196240961751,123.86584236392231,119.66277083791101,123.33671569824219,258068900,0.0,0.0
2024-07-23 00:00:00-04:00,122.57797258109629,124.48483346113822,121.8990911705108,122.3882827758789,173911000,0.0,0.0
2024-07-24 00:00:00-04:00,118.97389854949489,119.75261380553808,113.2533317889684,114.06199645996094,327776900,0.0,0.0
2024-07-25 00:00:00-04:00,112.85398925547956,116.43807811661003,106.12508231687993,112.0952377319336,460067000,0.0,0.0
2024-07-26 00:00:00-04:00,115.9988170024744,116.00879506379749,111.39640194140975,112.87396240234375,293399100,0.0,0.0
2024-07-29 00:00:00-04:00,113.50293033164324,116.0886649396649,111.11686358531041,111.40637969970703,248152100,0.0,0.0
2024-07-30 00:00:00-04:00,111.33648541055072,111.80571322284378,102.37126667488353,103.55931091308594,486833300,0.0,0.0
2024-07-31 00:00:00-04:00,112.71421539482289,118.1452582531107,110.6975352036146,116.82743072509766,473174200,0.0,0.0
2024-08-01 00:00:00-04:00,117.3365974252001,119.96227450650746,106.63423649015627,109.03028869628906,523462300,0.0,0.0
2024-08-02 00:00:00-04:00,103.58925680976456,108.54109382170915,101.20319035397925,107.09347534179688,482027500,0.0,0.0
2024-08-05 00:00:00-04:00,91.90851949250676,103.23984998207244,90.54077860317504,100.28471374511719,552842400,0.0,0.0
2024-08-06 00:00:00-04:00,103.6691316762756,107.5327664843651,100.38455194570304,104.07846069335938,409012100,0.0,0.0
2024-08-07 00:00:00-04:00,107.63260292939728,108.62097943024764,98.52761419555756,98.74725341796875,411440400,0.0,0.0
2024-08-08 00:00:00-04:00,101.83215768316434,105.3263983879788,97.3595262295921,104.79727172851562,391910000,0.0,0.0
2024-08-09 00:00:00-04:00,105.46617163856445,106.42459107060563,103.2598090475883,104.57763671875,290844200,0.0,0.0
2024-08-12 00:00:00-04:00,106.14504508504662,110.88722873441804,106.08514625528547,108.8405990600586,325559900,0.0,0.0
2024-08-13 00:00:00-04:00,112.25497470709487,116.03873891622582,111.39638928672005,115.94888305664062,312646700,0.0,0.0
2024-08-14 00:00:00-04:00,118.33496052966188,118.40484504167927,113.88230026594151,117.88570404052734,339246400,0.0,0.0
2024-08-15 00:00:00-04:00,118.56457753138926,123.03720123653866,117.27669936691132,122.65782928466797,318086700,0.0,0.0
2024-08-16 00:00:00-04:00,121.73934484458584,124.79430704362497,120.98059332504539,124.375,302589900,0.0,0.0
2024-08-19 00:00:00-04:00,124.0754979878485,129.7860870361328,123.21691249503145,129.7860870361328,318333600,0.0,0.0
2024-08-20 00:00:00-04:00,128.18872825562596,129.66630407463035,125.68286362124519,127.0406265258789,300087400,0.0,0.0
2024-08-21 00:00:00-04:00,127.11048517418402,129.13715105648026,126.45157521398528,128.28854370117188,257883600,0.0,0.0
2024-08-22 00:00:00-04:00,129.80604926899383,130.5348437487765,122.89743071735391,123.536376953125,376189100,0.0,0.0
2024-08-23 00:00:00-04:00,125.65290085977209,129.38675225949072,125.01395457447234,129.15711975097656,323230300,0.0,0.0
2024-08-26 00:00:00-04:00,129.35679802537265,131.04400430992783,124.16535012958609,126.25190734863281,331964700,0.0,0.0
2024-08-27 00:00:00-04:00,124.84423039602758,128.98739538212007,123.6761498691349,128.08888244628906,303134600,0.0,0.0
2024-08-28 00:00:00-04:00,127.90917706049713,128.118838213882,122.43819852070378,125.40331268310547,448101100,0.0,0.0
2024-08-29 00:00:00-04:00,121.16030028839229,124.22524823697073,116.51795043355128,117.39649963378906,453023300,0.0,0.0
2024-08-30 00:00:00-04:00,119.33331674975315,121.54966504357485,117.02712020356385,119.173583984375,333751600,0.0,0.0
2024-09-03 00:00:00-04:00,115.8191103772934,116.01877823521122,107.1134577156826,107.8222885131836,477155100,0.0,0.0
2024-09-04 00:00:00-04:00,105.2365459269591,113.0836048738263,103.94866777615402,106.03522491455078,372470300,0.0,0.0
2024-09-05 00:00:00-04:00,104.8172363950656,109.46957200218677,104.58761912643209,107.03358459472656,306850700,0.0,0.0
2024-09-06 00:00:00-04:00,107.86221523834789,107.97203483673319,100.78387825686288,102.6607894897461,413638100,0.0,0.0
2024-09-09 00:00:00-04:00,104.70740474857429,106.3746623538231,103.51936821450626,106.29479217529297,273912000,0.0,0.0
2024-09-10 00:00:00-04:00,107.63258781478571,109.21997530676359,104.77729355808466,107.92211151123047,268283700,0.0,0.0
2024-09-11 00:00:00-04:00,109.20999122026392,116.99715887318843,107.24323176128858,116.71762084960938,441422400,0.0,0.0
2024-09-12 00:00:00-04:00,116.6577172050991,120.60155948017247,115.19999582839206,118.95413208007812,366052700,0.01,0.0
2024-09-13 00:00:00-04:00,118.8942191250157,119.77284345041441,117.41652479583126,118.9141845703125,238358300,0.0,0.0
2024-09-16 00:00:00-04:00,116.60779536966285,117.99562620382233,114.1815861384539,116.59780883789062,248772300,0.0,0.0
2024-09-17 00:00:00-04:00,117.98564481894722,118.61466685067687,114.65085910577872,115.40966796875,231925900,0.0,0.0
2024-09-18 00:00:00-04:00,115.70919560695407,117.51636932909096,113.04336298957726,113.19313049316406,310318900,0.0,0.0
2024-09-19 00:00:00-04:00,117.16691085083309,119.47331200503227,117.0670683927597,117.68610382080078,293506400,0.0,0.0
2024-09-20 00:00:00-04:00,116.87736694059126,118.43493829364436,115.2099742116256,115.81902313232422,382462400,0.0,0.0
2024-09-23 00:00:00-04:00,116.36816938577523,116.80747774675662,114.68080357526898,116.07862091064453,206228500,0.0,0.0
2024-09-24 00:00:00-04:00,116.33820757520982,121.60997636399935,115.19998675947464,120.68142700195312,354966800,0.0,0.0
2024-09-25 00:00:00-04:00,121.82963321276459,124.74508350925583,121.42027681497308,123.31731414794922,284692900,0.0,0.0
2024-09-26 00:00:00-04:00,126.60217747362803,127.47081527785902,121.6099781665842,123.84648132324219,302582900,0.0,0.0
2024-09-27 00:00:00-04:00,123.77659196922,123.83649592385486,119.07394109309165,121.21060180664062,271009200,0.0,0.0
2024-09-30 00:00:00-04:00,118.12541998168962,121.31044564232414,117.96567356169257,121.25054168701172,226553700,0.0,0.0
2024-10-01 00:00:00-04:00,121.58002164337385,122.24898215671047,115.60935538711523,116.81746673583984,302094500,0.0,0.0
2024-10-02 00:00:00-04:00,116.25834508658102,119.19375323018366,114.96037016184738,118.66458129882812,221845900,0.0,0.0
2024-10-03 00:00:00-04:00,120.73135113827638,124.16598683922703,120.15225416683853,122.65834045410156,277118000,0.0,0.0
2024-10-04 00:00:00-04:00,124.74509360984078,124.84493608439914,121.63994466087297,124.7251205444336,243678100,0.0,0.0
2024-10-07 00:00:00-04:00,124.79500006476454,130.43618698242878,124.7550615549546,127.52074432373047,346250200,0.0,0.0
2024-10-08 00:00:00-04:00,130.0567614433445,133.27173878303944,129.21807567689768,132.6826629638672,285722500,0.0,0.0
2024-10-09 00:00:00-04:00,133.9007832398008,134.31014727855833,131.1750464230449,132.44305419921875,246191600,0.0,0.0
2024-10-10 00:00:00-04:00,131.70421594134592,134.7893916948541,130.79563194093248,134.5996856689453,242311300,0.0,0.0
2024-10-11 00:00:00-04:00,133.80093033986074,135.5681732923908,133.4514855032485,134.58970642089844,170209500,0.0,0.0
2024-10-14 00:00:00-04:00,136.2570891265267,139.3822107684187,136.0873561782587,137.85459899902344,232347700,0.0,0.0
2024-10-15 00:00:00-04:00,137.654906403531,138.3538265330219,128.5391603262797,131.3946990966797,377831000,0.0,0.0
2024-10-16 00:00:00-04:00,133.77097927850218,136.40686011825153,131.37472950963348,135.50827026367188,264879700,0.0,0.0
2024-10-17 00:00:00-04:00,139.12261346955344,140.6701983777905,136.65646567187503,136.71636962890625,306435900,0.0,0.0
2024-10-18 00:00:00-04:00,138.45366668655112,138.6833036103306,137.06583575895257,137.7847137451172,176090200,0.0,0.0
2024-10-21 00:00:00-04:00,137.91449801128798,143.4857940673828,137.78469595874105,143.4857940673828,264554500,0.0,0.0
2024-10-22 00:00:00-04:00,142.68705023422552,144.194689003585,141.55880826832362,143.36598205566406,226311600,0.0,0.0
2024-10-23 00:00:00-04:00,141.80841766733155,142.20778753302577,137.24555525009052,139.34226989746094,285930000,0.0,0.0
2024-10-24 00:00:00-04:00,140.6003124972593,141.12948441968888,138.2439937495604,140.19094848632812,172354900,0.0,0.0
2024-10-25 00:00:00-04:00,140.71013437273555,143.90515439009727,140.5803475394567,141.31918334960938,205122100,0.0,0.0
2024-10-28 00:00:00-04:00,142.77690797567064,142.9166889544992,139.83151327072179,140.30078125,173586700,0.0,0.0
2024-10-29 00:00:00-04:00,140.0711235834401,142.0380513591214,138.68329276437913,141.02963256835938,157593600,0.0,0.0
2024-10-30 00:00:00-04:00,139.32230457284558,140.11108066863528,136.59656776236113,139.12261962890625,179418100,0.0,0.0
2024-10-31 00:00:00-04:00,137.38534807029694,137.39532698555524,131.9039070664443,132.55288696289062,270039600,0.0,0.0
2024-11-01 00:00:00-04:00,134.4898615442038,137.09579048755296,134.36007470728345,135.1887664794922,207127800,0.0,0.0
2024-11-04 00:00:00-05:00,136.9959472521015,138.74321710094807,135.3585064031532,135.83775329589844,187528200,0.0,0.0
2024-11-05 00:00:00-05:00,137.23555788662173,140.151000495864,137.11574997671616,139.6917266845703,160537400,0.0,0.0
2024-11-06 00:00:00-05:00,142.73696823952852,146.26145970555473,141.73852838547052,145.38282775878906,242043900,0.0,0.0
2024-11-07 00:00:00-05:00,146.1616297903136,148.69766066609404,145.9419717733186,148.6477508544922,207323300,0.0,0.0
2024-11-08 00:00:00-05:00,148.5378942315628,149.53633403774526,146.03180056765603,147.39967346191406,175665800,0.0,0.0
2024-11-11 00:00:00-05:00,148.44803352101476,148.6177817068004,143.3460203778287,145.0333709716797,182325600,0.0,0.0
2024-11-12 00:00:00-05:00,146.55098572515575,149.41650294104454,145.78218284955818,148.05862426757812,198634700,0.0,0.0
2024-11-13 00:00:00-05:00,148.83744386134128,149.09703275189045,145.6723759576151,146.04180908203125,191903300,0.0,0.0
2024-11-14 00:00:00-05:00,147.40968372724925,148.76756276185756,145.32294774490563,146.5310516357422,194463300,0.0,0.0
2024-11-15 00:00:00-05:00,144.64395883880698,145.01339189876805,139.86143923454313,141.7584686279297,250132900,0.0,0.0
2024-11-18 00:00:00-05:00,139.28235565663965,141.32916034590224,136.93601597273187,139.93133544921875,221205300,0.0,0.0
2024-11-19 00:00:00-05:00,141.09954425974988,146.90047806374457,140.77005724054902,146.78065490722656,227834900,0.0,0.0
2024-11-20 00:00:00-05:00,147.18003223590216,147.32979212988033,142.50732548898966,145.6623992919922,309871700,0.0,0.0
2024-11-21 00:00:00-05:00,149.11701974284432,152.65149063112756,140.4805046221909,146.44119262695312,400946600,0.0,0.0
2024-11-22 00:00:00-05:00,145.7023485163706,146.93044074143577,140.87989650374584,141.7285614013672,236406200,0.0,0.0
2024-11-25 00:00:00-05:00,141.76848775116036,141.82839170792872,135.60811535874635,135.80780029296875,344941900,0.0,0.0
2024-11-26 00:00:00-05:00,137.4851722903331,139.08268223719327,135.45834049580736,136.70639038085938,190287700,0.0,0.0
2024-11-27 00:00:00-05:00,134.7993582371888,137.00591700209634,131.59437486042492,135.12884521484375,226370900,0.0,0.0
2024-11-29 00:00:00-05:00,136.56662423239774,139.13262238748922,135.837767286179,138.03433227539062,141863200,0.0,0.0
2024-12-02 00:00:00-05:00,138.6134117376161,140.23087948399635,137.60499293345052,138.41372680664062,171682800,0.0,0.0
2024-12-03 00:00:00-05:00,138.04430354930304,140.32074544201365,137.73478959893222,140.0411834716797,164414000,0.0,0.0
2024-12-04 00:00:00-05:00,141.77847337465352,145.56255409442886,140.07113435104438,144.91357421875,231224300,0.0,0.0
2024-12-05 00:00:00-05:00,144.89361745373108,146.3214777724878,143.7353435501018,144.84368896484375,172621200,0.01,0.0
2024-12-06 00:00:00-05:00,144.38436733563313,145.4827177885172,141.09926510716357,142.2275848388672,188505600,0.0,0.0
2024-12-09 00:00:00-05:00,138.76274660606958,139.74128080496888,136.92549436926976,138.6029815673828,189308600,0.0,0.0
2024-12-10 00:00:00-05:00,138.80267178561354,141.6084936848826,133.59045579547387,134.86856079101562,210020900,0.0,0.0
2024-12-11 00:00:00-05:00,137.15514511831444,139.9609519122756,135.00835767243856,139.10223388671875,184905200,0.0,0.0
2024-12-12 00:00:00-05:00,136.8755708420711,138.23354324797214,135.59748095840345,137.1351776123047,159211400,0.0,0.0
2024-12-13 00:00:00-05:00,138.7327975455873,139.39181692680097,132.34233289302693,134.04978942871094,231514900,0.0,0.0
2024-12-16 00:00:00-05:00,133.97990349214524,134.19957664706322,130.22551588851704,131.80316162109375,237951100,0.0,0.0
2024-12-17 00:00:00-05:00,128.89747709842524,131.39374870651014,126.67080709010266,130.19554138183594,259410300,0.0,0.0
2024-12-18 00:00:00-05:00,133.6603731199009,136.49613412730267,128.08869283192976,128.71775817871094,277444500,0.0,0.0
2024-12-19 00:00:00-05:00,131.56348324328064,133.8301019554315,129.35678784338916,130.48509216308594,209719200,0.0,0.0
2024-12-20 00:00:00-05:00,129.61640819653473,135.07825184796977,128.02878306565836,134.49911499023438,306528600,0.0,0.0
2024-12-23 00:00:00-05:00,136.07677163513355,139.58153187306692,134.91849782504636,139.4617156982422,176053500,0.0,0.0
2024-12-24 00:00:00-05:00,139.7912368716414,141.68839756334225,138.44324385025058,140.0109100341797,105157000,0.0,0.0
2024-12-26 00:00:00-05:00,139.4916759779926,140.6399702368576,137.52461242783102,139.72132873535156,116205600,0.0,0.0
2024-12-27 00:00:00-05:00,138.34337590905767,138.81267619141968,134.50910636621433,136.8056640625,170582600,0.0,0.0
2024-12-30 00:00:00-05:00,134.628921256616,140.06081067569033,133.82013169900247,137.2849578857422,167734700,0.0,0.0
2024-12-31 00:00:00-05:00,137.82416524884428,137.8641141320975,133.63043143330796,134.08973693847656,155659200,0.0,0.0
2025-01-02 00:00:00-05:00,135.7971917031726,138.67290181477085,134.4292395740467,138.10374450683594,198247200,0.0,0.0
2025-01-03 00:00:00-05:00,139.80120658589456,144.6839138332244,139.5216253508109,144.2545623779297,229322500,0.0,0.0
2025-01-06 00:00:00-05:00,148.36839446450836,151.93307760587138,147.59955378526087,149.20713806152344,265377400,0.0,0.0
2025-01-07 00:00:00-05:00,152.80177547515166,152.9016324332477,139.80118875754107,139.93099975585938,351782200,0.0,0.0
2025-01-08 00:00:00-05:00,142.36736432306787,143.7353162901366,137.35484666292894,139.9010467529297,227349900,0.0,0.0
2025-01-10 00:00:00-05:00,137.24501786219508,139.71133557177419,134.0198390250661,135.7073211669922,207602500,0.0,0.0
2025-01-13 00:00:00-05:00,129.79615256902926,133.29093305056014,129.31685741876072,133.03131103515625,204808900,0.0,0.0
2025-01-14 00:00:00-05:00,135.84710238324766,136.1766120600162,129.85605059334506,131.56349182128906,195590500,0.0,0.0
2025-01-15 00:00:00-05:00,133.45068552943664,136.2465130176968,131.09420431967888,136.03683471679688,185217300,0.0,0.0
2025-01-16 00:00:00-05:00,138.4332346192246,138.54307117698642,133.2909213149963,133.3708038330078,209235600,0.0,0.0
2025-01-17 00:00:00-05:00,136.4861555399997,138.29345383465838,135.25799411499426,137.504638671875,201188800,0.0,0.0
2025-01-21 00:00:00-05:00,138.95247218370304,141.6184885428412,136.88555189361048,140.61997985839844,197749000,0.0,0.0
2025-01-22 00:00:00-05:00,144.4442829463215,147.56960504936464,143.45575377479585,146.85069274902344,237651400,0.0,0.0
2025-01-23 00:00:00-05:00,144.83369562852502,147.0104373660888,143.50567717742842,147.00045776367188,155915500,0.0,0.0
2025-01-24 00:00:00-05:00,148.14874363197046,148.74785499769604,141.66843136501245,142.40731811523438,234657600,0.0,0.0
2025-01-27 00:00:00-05:00,124.61389107098998,128.20851331467108,116.52596435964819,118.24340057373047,818830900,0.0,0.0
2025-01-28 00:00:00-05:00,121.62835222502514,128.80763280108368,116.07664583818587,128.7976531982422,579666400,0.0,0.0
2025-01-29 00:00:00-05:00,126.31135328562937,126.70077107762197,119.8709750783515,123.5155258178711,467120600,0.0,0.0
2025-01-30 00:00:00-05:00,122.91641979157204,124.81358785050304,117.92387627755191,124.464111328125,392925500,0.0,0.0
2025-01-31 00:00:00-05:00,123.59540412169352,127.6593341751579,119.01225290264883,119.89093780517578,388161100,0.0,0.0
2025-02-03 00:00:00-05:00,114.57887527254843,118.39317826666118,112.84147223806173,116.48603057861328,371235700,0.0,0.0
2025-02-04 00:00:00-05:00,116.78557092036435,121.01924546805154,116.52595653802958,118.47305297851562,256550000,0.0,0.0
2025-02-05 00:00:00-05:00,121.57842315704723,124.8135892575584,120.57991444298676,124.64384460449219,262230800,0.0,0.0
2025-02-06 00:00:00-05:00,127.22999771870256,128.57799078053569,125.02329404175714,128.4881134033203,251483600,0.0,0.0
2025-02-07 00:00:00-05:00,129.02729180363133,130.17557068191934,124.8135839892709,129.6463623046875,228186300,0.0,0.0
2025-02-10 00:00:00-05:00,129.89598286165247,134.79866384787866,129.76618710141213,133.3708038330078,216989100,0.0,0.0
2025-02-11 00:00:00-05:00,132.38230132778313,134.27946199343057,130.8246300046561,132.6019744873047,178902400,0.0,0.0
2025-02-12 00:00:00-05:00,129.8261026458349,132.04279313100764,128.88750205027108,130.94442749023438,160278600,0.0,0.0
2025-02-13 00:00:00-05:00,131.36380821970238,136.29644386397356,130.9743904181038,135.08824157714844,197430000,0.0,0.0
2025-02-14 00:00:00-05:00,136.2764682668825,139.04234173663804,135.29793396994222,138.6429443359375,195479600,0.0,0.0
2025-02-18 00:00:00-05:00,141.05934526698334,143.2261075780513,137.72431422880837,139.19212341308594,219176600,0.0,0.0
2025-02-19 00:00:00-05:00,139.3019353271886,141.14918241151278,137.01535723812603,139.02235412597656,167536000,0.0,0.0
2025-02-20 00:00:00-05:00,139.8211642330671,140.45022955446439,136.58599074078032,139.9010467529297,143903600,0.0,0.0
2025-02-21 00:00:00-05:00,139.83114145453473,141.2490371129211,133.83011008980694,134.22950744628906,228217600,0.0,0.0
2025-02-24 00:00:00-05:00,136.35635785611953,138.38332947991822,129.88602516626045,130.08572387695312,251381100,0.0,0.0
2025-02-25 00:00:00-05:00,129.78614928447132,130.0058224050398,124.25441810041912,126.44114685058594,271428700,0.0,0.0
2025-02-26 00:00:00-05:00,129.79615892181477,133.53057192522448,128.29839578499454,131.084228515625,322553800,0.0,0.0
2025-02-27 00:00:00-05:00,134.7986782828192,134.80865788512716,119.83103458283094,119.9708251953125,443175800,0.0,0.0
2025-02-28 00:00:00-05:00,117.84399213493025,124.90344826210318,116.2264129341289,124.73370361328125,389091100,0.0,0.0
2025-03-03 00:00:00-05:00,123.32581202011416,123.51552349340123,112.11255593535711,113.88990020751953,411381400,0.0,0.0
2025-03-04 00:00:00-05:00,110.48498404782327,119.13206502689525,109.94578846070081,115.8170166015625,398163300,0.0,0.0
2025-03-05 00:00:00-05:00,117.40464986998916,118.10360288358513,114.33922859376143,117.12506866455078,284337900,0.0,0.0
2025-03-06 00:00:00-05:00,113.3606904001891,115.17797591196373,110.05562907278994,110.40510559082031,321181900,0.0,0.0
2025-03-07 00:00:00-05:00,111.08409477767312,113.31077256873955,107.39959517379882,112.5219497680664,341755500,0.0,0.0
2025-03-10 00:00:00-04:00,109.73610869113334,111.68319762733589,105.30272758345134,106.82046508789062,366487400,0.0,0.0
2025-03-11 00:00:00-04:00,106.83044416478043,112.0726148635708,104.6137536218378,108.59780883789062,354865700,0.0,0.0
2025-03-12 00:00:00-04:00,113.96030532134075,116.59661034457649,112.72203506897391,115.57803344726562,323857500,0.01,0.0
2025-03-13 00:00:00-04:00,116.86621875800482,117.59520049683546,113.63075517539951,115.41825103759766,299033100,0.0,0.0
2025-03-14 00:00:00-04:00,118.44401014075397,121.70943054003341,117.98465480860956,121.49972534179688,277593500,0.0,0.0
2025-03-17 00:00:00-04:00,122.56823120330081,122.71802281178023,117.86482345684047,119.36272430419922,255501500,0.0,0.0
2025-03-18 00:00:00-04:00,117.83485847417,118.85342762738914,114.37970167383446,115.2684555053711,299686900,0.0,0.0
2025-03-19 00:00:00-04:00,117.10587965509883,120.2814296141779,115.51810848491796,117.35552978515625,273426200,0.0,0.0
2025-03-20 00:00:00-04:00,116.38688818380663,120.0317738155389,116.30699831746894,118.3641128540039,248829700,0.0,0.0
2025-03-21 00:00:00-04:00,116.77634740953133,117.82487338576216,115.25847035053427,117.5352783203125,266498500,0.0,0.0
2025-03-24 00:00:00-04:00,119.71223179694545,122.04896105750126,119.17298658297102,121.24009704589844,228452500,0.0,0.0
2025-03-25 00:00:00-04:00,120.38129943766901,121.12026171196634,118.75357566400419,120.52110290527344,167447200,0.0,0.0
2025-03-26 00:00:00-04:00,118.5638454632065,118.6736845133834,112.55226594608844,113.60079956054688,293463300,0.0,0.0
2025-03-27 00:00:00-04:00,111.19417323533278,114.28983351449122,110.50514401476981,111.27406311035156,236902100,0.0,0.0
2025-03-28 00:00:00-04:00,111.33397804410711,112.71205173921601,108.91736643615505,109.51652526855469,229872500,0.0,0.0
2025-03-31 00:00:00-04:00,104.98287310192077,110.80471613819729,103.50494855407659,108.22832489013672,299212700,0.0,0.0
2025-04-01 00:00:00-04:00,108.36812587384452,110.04577506451116,106.32099936404416,109.995849609375,222614000,0.0,0.0
2025-04-02 00:00:00-04:00,107.1398479774266,111.82328673498283,106.64054773013802,110.26546478271484,220601200,0.0,0.0
2025-04-03 00:00:00-04:00,103.36513764192576,105.48216577993983,101.45780707139131,101.65753173828125,338769400,0.0,0.0
2025-04-04 00:00:00-04:00,98.7715853475697,99.98987163475934,91.98109847139008,94.17801666259766,532273800,0.0,0.0
2025-04-07 00:00:00-04:00,87.33759621246332,101.60759784636036,86.4987754744505,97.50334930419922,611041300,0.0,0.0
2025-04-08 00:00:00-04:00,103.6647139576977,105.70185986228381,94.3278009423825,96.16522979736328,476243400,0.0,0.0
2025-04-09 00:00:00-04:00,98.75160385221358,114.93891720962625,97.39350654873371,114.16999816894531,612918300,0.0,0.0
2025-04-10 00:00:00-04:00,109.21694044618194,110.70485307181585,99.01124202201945,107.4194564819336,437812400,0.0,0.0
2025-04-11 00:00:00-04:00,108.34815778630501,111.39389245819964,107.32958859529616,110.7747573852539,313417300,0.0,0.0
2025-04-14 00:00:00-04:00,113.9503045917023,114.1300529879136,108.91735711650354,110.55506134033203,264705000,0.0,0.0
2025-04-15 00:00:00-04:00,110.81470199440513,113.46099492172469,110.3453585264742,112.04297637939453,228966900,0.0,0.0
2025-04-16 00:00:00-04:00,104.40369410395131,106.64055727885454,100.30942561460589,104.3437728881836,397016900,0.0,0.0
2025-04-17 00:00:00-04:00,104.30382580885471,104.32380208660638,99.90998942448081,101.34796905517578,292517500,0.0,0.0
2025-04-21 00:00:00-04:00,98.63177356997639,99.3008417327631,94.90699776234818,96.77438354492188,288501100,0.0,0.0
2025-04-22 00:00:00-04:00,98.64176312999923,99.6703204985673,97.1438622743251,98.7516098022461,241004800,0.0,0.0
2025-04-23 00:00:00-04:00,104.37372584399631,104.6533403969428,101.87722447592722,102.5662612915039,247526000,0.0,0.0
2025-04-24 00:00:00-04:00,103.33519062293911,106.39090593763933,102.96570566827415,106.28105926513672,220815000,0.0,0.0
2025-04-25 00:00:00-04:00,106.70047033928225,111.76337496991529,105.58204256681438,110.85465240478516,251064700,0.0,0.0
2025-04-28 00:00:00-04:00,109.53649833991803,110.21554702841466,105.8716284785824,108.57784271240234,207708500,0.0,0.0
2025-04-29 00:00:00-04:00,107.51932238432487,110.04578062718967,107.2896485179105,108.867431640625,170444300,0.0,0.0
2025-04-30 00:00:00-04:00,104.32379376082015,108.76756286621094,103.93434018163836,108.76756286621094,235044600,0.0,0.0
2025-05-01 00:00:00-04:00,112.92174799120272,114.7791455573913,111.14424029465428,111.45380401611328,236121500,0.0,0.0
2025-05-02 00:00:00-04:00,114.02021557227994,115.23850951002053,113.21135153306962,114.33976745605469,190194800,0.0,0.0
2025-05-05 00:00:00-04:00,112.75199823422925,114.50952981770942,112.50234808238875,113.66072082519531,133163200,0.0,0.0
2025-05-06 00:00:00-04:00,111.32399638135878,114.57942879752297,110.66491633937942,113.38111114501953,158525600,0.0,0.0
2025-05-07 00:00:00-04:00,112.89179643623137,117.51531428959993,112.12286973799952,116.89617919921875,206758800,0.0,0.0
2025-05-08 00:00:00-04:00,118.08451525459601,118.51391379663416,115.68787240644632,117.20574951171875,198428100,0.0,0.0
2025-05-09 00:00:00-04:00,117.18577270674557,118.06454606438504,115.04876814493281,116.48675537109375,132972200,0.0,0.0
2025-05-12 00:00:00-04:00,121.79931583574867,122.82787322998047,120.11167839159091,122.82787322998047,225023300,0.0,0.0
2025-05-13 00:00:00-04:00,124.8051066300396,131.03637225526788,124.29581818961599,129.7481689453125,330430100,0.0,0.0
2025-05-14 00:00:00-04:00,133.01358451331882,135.25045513495294,131.49570747587302,135.1505889892578,281180800,0.0,0.0
2025-05-15 00:00:00-04:00,134.10205882491402,136.1092556474961,132.47435031815246,134.6413116455078,226632600,0.0,0.0
2025-05-16 00:00:00-04:00,136.02937003025397,136.15919297953724,133.27323795943153,135.21051025390625,226542500,0.0,0.0
2025-05-19 00:00:00-04:00,132.20470706939753,135.6798322139183,132.20470706939753,135.38026428222656,193154600,0.0,0.0
2025-05-20 00:00:00-04:00,134.10203943343691,134.3916420789913,132.43437861355363,134.19192504882812,161514200,0.0,0.0
2025-05-21 00:00:00-04:00,132.87378601013486,137.2077087161811,130.40724144628157,131.6155548095703,270608700,0.0,0.0
2025-05-22 00:00:00-04:00,132.0449376190489,134.0621148614722,131.3658966044825,132.64410400390625,187344000,0.0,0.0
2025-05-23 00:00:00-04:00,129.81807417545411,132.49431639064062,128.97925335315108,131.10626220703125,198821300,0.0,0.0
2025-05-27 00:00:00-04:00,133.96224703921547,135.47014350181522,133.1234263008756,135.31036376953125,192953600,0.0,0.0
2025-05-28 00:00:00-04:00,135.83963178227697,137.05792567392893,134.60136161311598,134.621337890625,304021100,0.0,0.0
2025-05-29 00:00:00-04:00,142.0509238917618,143.28919402135628,137.71700129433316,138.99520874023438,369241900,0.0,0.0
2025-05-30 00:00:00-04:00,138.5258751739265,139.42460961066672,132.73398869983464,134.94090270996094,333170900,0.0,0.0
2025-06-02 00:00:00-04:00,135.30038976970178,137.9266987725352,135.21050414256473,137.187744140625,197663100,0.0,0.0
2025-06-03 00:00:00-04:00,138.58576663563605,141.80126124338923,137.7569264491721,141.02235412597656,225578800,0.0,0.0
2025-06-04 00:00:00-04:00,141.99101618842522,142.19073325311263,139.34471555965237,141.7213897705078,167120800,0.0,0.0
2025-06-05 00:00:00-04:00,141.97103980754113,143.79848066110154,138.63571759363617,139.79409790039062,231397900,0.0,0.0
2025-06-06 00:00:00-04:00,142.31053984611202,143.06948591448216,141.31193942977922,141.5216522216797,153986200,0.0,0.0
2025-06-09 00:00:00-04:00,142.98961854621228,144.7970831461155,141.74136782943543,142.43040466308594,185114500,0.0,0.0
2025-06-10 00:00:00-04:00,142.4903028059026,144.08805440763362,141.33192260937975,143.75852966308594,155881900,0.0,0.0
2025-06-11 00:00:00-04:00,144.41764573923192,144.79714515361243,141.6812848999734,142.6400146484375,167694000,0.01,0.0
2025-06-12 00:00:00-04:00,141.78116046611606,144.80712890625,141.6613249598906,144.80712890625,162365000,0.0,0.0
2025-06-13 00:00:00-04:00,142.29045926636147,143.38900206786707,140.6626379640278,141.78114318847656,180820600,0.0,0.0
2025-06-16 00:00:00-04:00,143.159329390418,145.98555166191812,143.00951976951112,144.49754333496094,183133700,0.0,0.0
2025-06-17 00:00:00-04:00,144.2978018718573,145.0268265438421,143.58873962374116,143.92828369140625,139108000,0.0,0.0
2025-06-18 00:00:00-04:00,143.81843788371728,145.4562558084884,142.92962233744194,145.28648376464844,161494100,0.0,0.0
2025-06-20 00:00:00-04:00,145.2565234707711,146.00552584195606,142.46024490398213,143.65866088867188,242956200,0.0,0.0
2025-06-23 00:00:00-04:00,142.31046402404658,144.58743022935184,141.84108794116847,143.97824096679688,154308900,0.0,0.0
2025-06-24 00:00:00-04:00,145.36636355778856,147.7631800544848,145.30644581210706,147.7032470703125,187566100,0.0,0.0
2025-06-25 00:00:00-04:00,149.0714619384952,154.24456476496755,149.06146548674553,154.10475158691406,269146500,0.0,0.0
2025-06-26 00:00:00-04:00,155.77251147358507,156.5115326130379,153.795149532093,154.8137969970703,198145700,0.0,0.0
2025-06-27 00:00:00-04:00,155.83244416127852,158.4989061985097,155.05348286000648,157.54017639160156,263234500,0.0,0.0
2025-06-30 00:00:00-04:00,158.1893045239527,158.4489684480595,155.7525627920192,157.7798614501953,194580300,0.0,0.0
2025-07-01 00:00:00-04:00,156.08211312403307,156.9909063970138,151.2885097592641,153.09609985351562,213143600,0.0,0.0
2025-07-02 00:00:00-04:00,152.77650803107835,157.39037305932783,152.7665268185242,157.04083251953125,171224100,0.0,0.0
2025-07-03 00:00:00-04:00,158.15934077500395,160.76586971787668,157.56014800239086,159.1280517578125,143716100,0.0,0.0
2025-07-07 00:00:00-04:00,157.98957042846925,159.09809459400483,157.1307137305003,158.02952575683594,140139000,0.0,0.0
2025-07-08 00:00:00-04:00,159.11806346268276,160.00687898854957,158.17931139836438,159.78717041015625,138133000,0.0,0.0
2025-07-09 00:00:00-04:00,161.0055497766517,164.2012901564699,160.9456320255445,162.66334533691406,183656400,0.0,0.0
2025-07-10 00:00:00-04:00,164.10143771292147,164.28119097215313,161.3950357038234,163.88172912597656,167704100,0.0,0.0
2025-07-11 00:00:00-04:00,163.50223698698784,167.66668863474402,163.25256951238498,164.7006378173828,193633300,0.0,0.0
2025-07-14 00:00:00-04:00,165.15003478890583,165.2698855378492,161.80449980139463,163.85177612304688,136975800,0.0,0.0
2025-07-15 00:00:00-04:00,170.96229989605533,172.17068192225182,168.97494134085255,170.4729461669922,230627400,0.0,0.0
2025-07-16 00:00:00-04:00,170.83247408910898,171.52155877211666,168.67534340451815,171.14205932617188,158831500,0.0,0.0
2025-07-17 00:00:00-04:00,171.79120519874627,173.92835823409905,170.60278554683865,172.7698974609375,160841100,0.0,0.0
2025-07-18 00:00:00-04:00,173.40903901870553,174.01822826089457,171.03219980516573,172.18067932128906,146456400,0.0,0.0
2025-07-21 00:00:00-04:00,172.52022673163836,173.1493936504508,170.77255439137573,171.1520538330078,123126100,0.0,0.0
2025-07-22 00:00:00-04:00,171.11211125862738,171.16204780548466,164.36110765827524,166.80784606933594,193114300,0.0,0.0
2025-07-23 00:00:00-04:00,169.30450383433347,171.03219846298632,167.74658125695927,170.55284118652344,154082200,0.0,0.0
2025-07-24 00:00:00-04:00,172.21063723590794,173.59878776513457,171.07215417768242,173.5089111328125,128984600,0.0,0.0
2025-07-25 00:00:00-04:00,173.37908037175941,174.4876045602178,172.72995103806022,173.26922607421875,122316800,0.0,0.0
2025-07-28 00:00:00-04:00,173.78852820706248,176.7645600358027,173.7385916678285,176.514892578125,140023500,0.0,0.0
2025-07-29 00:00:00-04:00,177.72328828972238,179.14139760883538,174.7871965738649,175.2765350341797,154077500,0.0,0.0
2025-07-30 00:00:00-04:00,176.27521653092245,179.65072563032518,175.80584046425426,179.03155517578125,174312200,0.0,0.0
2025-07-31 00:00:00-04:00,182.65671589592668,183.05619299307685,175.69598557745124,177.63340759277344,221685400,0.0,0.0
2025-08-01 00:00:00-04:00,173.85844036702034,176.3051785902702,170.66269971388826,173.4889373779297,204529000,0.0,0.0
2025-08-04 00:00:00-04:00,174.9270307365029,179.9603205403546,174.28788258302183,179.76058959960938,148174600,0.0,0.0
2025-08-05 00:00:00-04:00,179.38107983649965,180.0202279532499,175.6660266458598,178.02288818359375,156407600,0.0,0.0
2025-08-06 00:00:00-04:00,176.09546439011424,179.66070799076476,176.01556896990587,179.1813507080078,137192300,0.0,0.0
2025-08-07 00:00:00-04:00,181.32851054269395,183.6354356942093,178.5621905082108,180.52957153320312,151878400,0.0,0.0
2025-08-08 00:00:00-04:00,181.30853636067604,183.0562088106772,180.16005675043576,182.45700073242188,123396700,0.0,0.0
2025-08-11 00:00:00-04:00,181.80784410502207,183.59545638109407,180.01023537809715,181.8178253173828,138323200,0.0,0.0
2025-08-12 00:00:00-04:00,182.7166509044063,184.234618174838,179.22130626788388,182.9163818359375,145485700,0.0,0.0
2025-08-13 00:00:00-04:00,182.37709375214726,183.72530422356274,179.11145412417423,181.3484649658203,179871700,0.0,0.0
2025-08-14 00:00:00-04:00,179.5108931379294,182.77654758863486,179.22128560637054,181.7778778076172,129554000,0.0,0.0
2025-08-15 00:00:00-04:00,181.6380820439347,181.658044469753,177.8031781362909,180.20997619628906,156602200,0.0,0.0
2025-08-18 00:00:00-04:00,180.3597704757432,182.69665413107447,180.34977402519155,181.76788330078125,132008000,0.0,0.0
2025-08-19 00:00:00-04:00,182.1873336556069,182.25724785967336,175.25657768801665,175.4063720703125,185229200,0.0,0.0
2025-08-20 00:00:00-04:00,174.93699721113848,175.76589502196344,168.57547509149074,175.16668701171875,215142700,0.0,0.0
2025-08-21 00:00:00-04:00,174.61742144674352,176.66468235557974,173.57879631630271,174.7472381591797,140040900,0.0,0.0
2025-08-22 00:00:00-04:00,172.38041630972646,178.35245819257523,170.9722880586796,177.75326538085938,172789400,0.0,0.0
2025-08-25 00:00:00-04:00,178.11278178635797,181.6680441727565,176.33515059315872,179.57083129882812,163012800,0.0,0.0
2025-08-26 00:00:00-04:00,179.82049655621498,182.14739921043056,178.57215920342722,181.52822875976562,168688200,0.0,0.0
2025-08-27 00:00:00-04:00,181.7379436715125,182.24727507184866,178.86178472902657,181.35845947265625,235518900,0.0,0.0
2025-08-28 00:00:00-04:00,180.57950348224864,184.22464261974775,176.17536544772958,179.93035888671875,281787800,0.0,0.0
2025-08-29 00:00:00-04:00,177.87308356836775,177.91302365652732,172.91967451951007,173.94830322265625,243257900,0.0,0.0
2025-09-02 00:00:00-04:00,169.77387989783634,172.15071909272382,166.99757884564528,170.55284118652344,231164900,0.0,0.0
2025-09-03 00:00:00-04:00,170.83248363379096,172.18069419661035,168.65539040087648,170.39306640625,164424900,0.0,0.0
2025-09-04 00:00:00-04:00,170.34313981864827,171.6314173426514,169.18467902530818,171.4316864013672,141670100,0.0,0.0
2025-09-05 00:00:00-04:00,167.8065180303181,168.8051880252559,163.85179338392152,166.79786682128906,224441400,0.0,0.0
2025-09-08 00:00:00-04:00,167.32713700266137,170.73260486035574,167.12740607965867,168.08612060546875,163769100,0.0,0.0
2025-09-09 00:00:00-04:00,168.86507540993838,170.75256075129445,166.51821048710502,170.53285217285156,157548400,0.0,0.0
2025-09-10 00:00:00-04:00,176.4050468150653,179.05151589898875,175.2366048852674,177.09413146972656,226852000,0.0,0.0
2025-09-11 00:00:00-04:00,179.45113345293117,180.0503753259473,176.25521235533765,176.9443359375,151159300,0.01,0.0
2025-09-12 00:00:00-04:00,177.5435512454145,178.37249577533527,176.22522541777622,177.59349060058594,124911000,0.0,0.0
2025-09-15 00:00:00-04:00,175.44623766911022,178.62219505337407,174.28771156721004,177.52359008789062,147061600,0.0,0.0
2025-09-16 00:00:00-04:00,176.77453647764895,177.27389957504343,174.15787872389456,174.65724182128906,140737800,0.0,0.0
2025-09-17 00:00:00-04:00,172.42008695754546,172.97937117956877,168.1954794867923,170.0730743408203,211843800,0.0,0.0
2025-09-18 00:00:00-04:00,173.7583871307785,176.87442336525442,172.73969733735942,176.01551818847656,191763300,0.0,0.0
2025-09-19 00:00:00-04:00,175.54609885389235,177.8531538116004,174.95683884616588,176.4449462890625,237182100,0.0,0.0
2025-09-22 00:00:00-04:00,175.07670180251023,184.31491893588398,174.48745701577195,183.37611389160156,269637000,0.0,0.0
2025-09-23 00:00:00-04:00,181.73821238324945,182.18763613663097,175.9855548133895,178.2027130126953,192559600,0.0,0.0
2025-09-24 00:00:00-04:00,179.54100413716742,179.5509859124944,175.17656050171237,176.74456787109375,143564100,0.0,0.0
2025-09-25 00:00:00-04:00,174.2577508730865,180.03038734713982,172.90947958662534,177.4636688232422,191586700,0.0,0.0
2025-09-26 00:00:00-04:00,177.94304916264082,179.54101721374016,174.70717071687335,177.96302795410156,148573700,0.0,0.0
2025-09-29 00:00:00-04:00,180.20017297627672,183.7656330630971,180.09032771672483,181.61837768554688,193063500,0.0,0.0
2025-09-30 00:00:00-04:00,181.848063160254,187.11135435179565,181.2488213615314,186.3423309326172,236981000,0.0,0.0
2025-10-01 00:00:00-04:00,185.00404300205486,187.90034282726023,183.6657383394342,187.00149536132812,173844900,0.0,0.0
2025-10-02 00:00:00-04:00,189.35850113919957,190.80665113886596,187.82045419605362,188.64939880371094,136805800,0.0,0.0
2025-10-03 00:00:00-04:00,188.9490194719917,190.11752734214045,185.14387494216948,187.38101196289062,137596900,0.0,0.0
2025-10-06 00:00:00-04:00,185.2637075602064,186.9914995955013,183.09647356463947,185.30364990234375,157678100,0.0,0.0
2025-10-07 00:00:00-04:00,185.99277739696944,188.8191743935438,183.76562222076905,184.80429077148438,140088000,0.0,0.0
2025-10-08 00:00:00-04:00,186.33235229407293,189.35849142592937,186.30237648821537,188.86911010742188,130168900,0.0,0.0
2025-10-09 00:00:00-04:00,191.9851285494953,195.05122522476873,190.816620752273,192.32470703125,182997200,0.0,0.0
2025-10-10 00:00:00-04:00,193.26350393527704,195.37081685366852,181.81811007166195,182.92669677734375,268774400,0.0,0.0
2025-10-13 00:00:00-04:00,187.73056363822363,189.8678370807686,185.72312947730666,188.0801239013672,153482800,0.0,0.0
2025-10-14 00:00:00-04:00,184.53462639606815,184.5645869600227,179.47107773683655,179.8006591796875,205641400,0.0,0.0
2025-10-15 00:00:00-04:00,184.56460739230218,184.63451030281777,177.06416377208902,179.60093688964844,214450500,0.0,0.0
2025-10-16 00:00:00-04:00,181.99787810828644,183.0465437061986,179.5410200965125,181.5784149169922,179723300,0.0,0.0
2025-10-17 00:00:00-04:00,179.9504818191574,183.86550198639478,179.52103686227596,182.9866180419922,173135200,0.0,0.0
2025-10-20 00:00:00-04:00,182.89672994644732,184.96408521149223,181.4985041529273,182.4073486328125,128544700,0.0,0.0
2025-10-21 00:00:00-04:00,182.55714296878105,182.55714296878105,179.5709615871908,180.92922973632812,124240200,0.0,0.0
2025-10-22 00:00:00-04:00,180.9092591258601,183.20633238125785,176.53483359319367,180.05035400390625,162249600,0.0,0.0
2025-10-23 00:00:00-04:00,180.19017423035882,182.7968501503985,179.5609718650331,181.92796325683594,111363700,0.0,0.0
2025-10-24 00:00:00-04:00,183.60580497197222,187.23118563906056,183.26624175096782,186.02272033691406,131296700,0.0,0.0
2025-10-27 00:00:00-04:00,189.74798924630224,191.75542334831323,188.18996363054165,191.24607849121094,153452700,0.0,0.0
2025-10-28 00:00:00-04:00,192.80410966447576,202.89123585796654,191.66556232510956,200.77394104003906,297986200,0.0,0.0
2025-10-29 00:00:00-04:00,207.715080745974,211.9197249544373,204.51915980095313,206.77627563476562,308829600,0.0,0.0
2025-10-30 00:00:00-04:00,204.88867704045037,205.89740027142088,201.1534507471854,202.63156127929688,178864400,0.0,0.0
2025-10-31 00:00:00-04:00,206.18701808603035,207.70508615602077,201.81260775338424,202.23207092285156,179802200,0.0,0.0
2025-11-03 00:00:00-05:00,207.81493866642379,211.07078042213968,205.29814450690722,206.61647033691406,180267300,0.0,0.0
2025-11-04 00:00:00-05:00,202.7414122562426,203.71017785907821,197.67786326579136,198.43690490722656,188919300,0.0,0.0
2025-11-05 00:00:00-05:00,198.51681234435117,202.66152000582164,194.40205001057666,194.9613494873047,171350300,0.0,0.0
2025-11-06 00:00:00-05:00,196.169796348482,197.36826472822915,186.1425921093966,187.84042358398438,223029800,0.0,0.0
2025-11-07 00:00:00-05:00,184.66447901682176,188.08013622996737,178.68211848431696,187.91033935546875,264942300,0.0,0.0
2025-11-10 00:00:00-05:00,194.8614791513322,199.68532876518447,193.5431531870904,198.7964630126953,198897100,0.0,0.0
2025-11-11 00:00:00-05:00,194.91140808059743,195.17107140540628,191.05632435423007,192.91395568847656,176483300,0.0,0.0
2025-11-12 00:00:00-05:00,195.4706988945922,195.64048052491762,190.88654915774768,193.5531463623047,154935300,0.0,0.0
2025-11-13 00:00:00-05:00,190.80662838449902,191.1961309619508,183.61580336420005,186.62196350097656,207423100,0.0,0.0
2025-11-14 00:00:00-05:00,182.62706393415107,190.76667594021126,180.34996953708986,189.92774963378906,186591900,0.0,0.0
2025-11-17 00:00:00-05:00,185.73310233977776,188.75924133892028,184.08521029684528,186.3623046875,173628900,0.0,0.0
2025-11-18 00:00:00-05:00,183.14641371605563,184.5646030780414,179.42115405263684,181.1289825439453,213598900,0.0,0.0
2025-11-19 00:00:00-05:00,184.5546024199349,187.62069907956393,182.5971076589588,186.28240966796875,247246400,0.0,0.0
2025-11-20 00:00:00-05:00,195.70039225393623,195.7503316108911,179.62090987236718,180.40989685058594,343504800,0.0,0.0
2025-11-21 00:00:00-05:00,181.00913979899244,184.32490281868388,172.70971237567008,178.6521453857422,346926200,0.0,0.0
2025-11-24 00:00:00-05:00,179.2613745727385,183.26626122561635,176.25519889972114,182.31747436523438,256618300,0.0,0.0
2025-11-25 00:00:00-05:00,174.68719385821646,177.93305383278917,169.33402110596253,177.59349060058594,320600300,0.0,0.0
2025-11-26 00:00:00-05:00,181.3986455127995,182.67701383620675,178.01296428701193,180.03038024902344,183852000,0.0,0.0
2025-11-28 00:00:00-05:00,178.7819702942556,179.0616124091028,176.27517303639212,176.7745361328125,121332800,0.0,0.0
2025-12-01 00:00:00-05:00,174.53739527000454,180.07034727044882,173.45876908321011,179.69082641601562,188131000,0.0,0.0
2025-12-02 00:00:00-05:00,181.52845696763603,185.42349804109853,179.77070445469002,181.22885131835938,182632200,0.0,0.0
2025-12-03 00:00:00-05:00,180.8493441127912,182.21759414523953,178.88185225801445,179.36123657226562,165138000,0.0,0.0
2025-12-04 00:00:00-05:00,181.3987504426599,184.2952268834804,179.74078419330877,183.1566162109375,167364900,0.01,0.0
2025-12-05 00:00:00-05:00,183.66598269849337,184.43504894381925,180.6896172324408,182.1877899169922,143971100,0.0,0.0
2025-12-08 00:00:00-05:00,182.41751577930148,187.7709870845105,182.17780264974235,185.323974609375,204378100,0.0,0.0
2025-12-09 00:00:00-05:00,185.33395229946427,185.4937610485011,183.09669077375298,184.7446746826172,144719700,0.0,0.0
2025-12-10 00:00:00-05:00,184.74467463147755,185.2540478736652,181.8182359713298,183.55612182617188,162785400,0.0,0.0
2025-12-11 00:00:00-05:00,180.060377409269,181.09911899111663,176.40483245042134,180.70957946777344,182136600,0.0,0.0
2025-12-12 00:00:00-05:00,180.88937065842447,182.59729422559735,174.40727135263347,174.80679321289062,204274900,0.0,0.0
2025-12-15 00:00:00-05:00,177.7232402429772,178.20265125135413,174.8167814768023,176.0752410888672,164775600,0.0,0.0
2025-12-16 00:00:00-05:00,176.0452813318811,178.27257580423,174.68693742218818,177.50350952148438,148588100,0.0,0.0
2025-12-17 00:00:00-05:00,175.88548356566727,175.91544580087532,170.10252832729947,170.7317657470703,222775500,0.0,0.0
2025-12-18 00:00:00-05:00,174.3173807251694,175.93540231223645,171.6106906687844,173.9278564453125,176096000,0.0,0.0
2025-12-19 00:00:00-05:00,176.45477147838753,181.2289470656948,176.12517166919682,180.76951599121094,324925900,0.0,0.0
2025-12-22 00:00:00-05:00,183.6959478478248,183.935660967629,182.1278683380167,183.4662322998047,129064400,0.0,0.0
2025-12-23 00:00:00-05:00,182.7471036477755,189.099356383118,182.67718160782493,188.97950744628906,174873600,0.0,0.0
2025-12-24 00:00:00-05:00,187.71105179508496,188.67987134928,186.36269028434322,188.38023376464844,65528500,0.0,0.0
2025-12-26 00:00:00-05:00,189.68863982420257,192.45526970950266,187.7709805748158,190.2978973388672,139740300,0.0,0.0
2025-12-29 00:00:00-05:00,187.4813341773615,188.53004285167208,185.68352392965699,187.99070739746094,120006100,0.0,0.0
2025-12-30 00:00:00-05:00,188.01069817319677,188.75978454971104,186.70228116711607,187.31153869628906,97687300,0.0,0.0
2025-12-31 00:00:00-05:00,189.33907943283364,190.32786369396138,186.26282955778902,186.27281188964844,120100500,0.0,0.0
2026-01-02 00:00:00-05:00,189.60873357074172,192.69496568024334,188.03065649528438,188.6199493408203,148240500,0.0,0.0
2026-01-05 00:00:00-05:00,191.52640398377517,193.39413642527967,185.9232371396652,187.89083862304688,183529700,0.0,0.0
2026-01-06 00:00:00-05:00,190.2879203285983,191.935904267691,186.5924305704924,187.0119171142578,176862600,0.0,0.0
2026-01-07 00:00:00-05:00,188.34028795646717,191.13686475404677,186.3327268208183,188.87962341308594,153543200,0.0,0.0
2026-01-08 00:00:00-05:00,188.87963997886857,189.31910643994627,183.48622397884648,184.81459045410156,172457000,0.0,0.0
2026-01-09 00:00:00-05:00,184.8545293482555,186.1129888751533,183.44624341374129,184.63479614257812,131327500,0.0,0.0
2026-01-12 00:00:00-05:00,182.99680052530172,186.89204340473577,182.79704721562317,184.71470642089844,137968500,0.0,0.0
2026-01-13 00:00:00-05:00,184.7746378408776,187.88084992986475,183.17658082293008,185.58364868164062,160128900,0.0,0.0
2026-01-14 00:00:00-05:00,184.0954557419801,184.23528457453645,180.57973978602013,182.91688537597656,159586100,0.0,0.0
2026-01-15 00:00:00-05:00,186.27281050248445,189.46890929684608,186.103019420931,186.8221435546875,206188600,0.0,0.0
2026-01-16 00:00:00-05:00,188.84966224271636,190.20800608356458,185.85331687968656,186.0031280517578,187967200,0.0,0.0
2026-01-20 00:00:00-05:00,181.67839380225757,182.1578200140757,177.39362681050815,177.8530731201172,223345300,0.0,0.0
2026-01-21 00:00:00-05:00,178.8318922054109,185.15418310637224,178.18267486272933,183.09669494628906,200381000,0.0,0.0
2026-01-22 00:00:00-05:00,184.52493568425237,185.94320399708803,183.70592730123704,184.6148223876953,139636600,0.0,0.0
2026-01-23 00:00:00-05:00,187.27158465782284,189.3690325020707,186.59242035942677,187.44137573242188,142748100,0.0,0.0
2026-01-26 00:00:00-05:00,186.93200550896393,188.88960930416175,185.76343263076708,186.2428436279297,124799600,0.0,0.0
2026-01-27 00:00:00-05:00,187.01190478720812,189.76853699604698,185.47377232125424,188.29034423828125,143711600,0.0,0.0
2026-01-28 00:00:00-05:00,191.03700193406064,192.1156881225865,189.60873601436586,191.2866973876953,148552700,0.0,0.0
2026-01-29 00:00:00-05:00,191.10690928022157,193.244301759811,185.83334250366076,192.27548217773438,171764400,0.0,0.0
2026-01-30 00:00:00-05:00,190.97707539362895,194.25307849059112,189.23918956869622,190.8971710205078,179489500,0.0,0.0
2026-02-02 00:00:00-05:00,186.97195532434574,190.0681850900544,184.6547894061738,185.38389587402344,165794100,0.0,0.0
2026-02-03 00:00:00-05:00,186.01312186532803,186.04308409913696,176.01530661894333,180.12030029296875,204019600,0.0,0.0
2026-02-04 00:00:00-05:00,179.24138264216026,179.36123157735668,171.70057725198066,173.97779846191406,207014100,0.0,0.0
2026-02-05 00:00:00-05:00,174.71688060291817,176.604592702014,170.82163795446576,171.6706085205078,206312900,0.0,0.0
2026-02-06 00:00:00-05:00,176.47474973392875,186.77218713146127,174.3872995354016,185.1841278076172,231346200,0.0,0.0
2026-02-09 00:00:00-05:00,184.03552934237337,193.42408742490235,183.7259094221984,189.80848693847656,196387400,0.0,0.0
2026-02-10 00:00:00-05:00,191.1468699498802,192.24552080983682,187.89083145679504,188.31031799316406,136764800,0.0,0.0
2026-02-11 00:00:00-05:00,192.2155516352278,193.0245624433192,188.54004197866425,189.8184814453125,144192700,0.0,0.0
2026-02-12 00:00:00-05:00,192.79485804306626,193.3741533411549,186.28279615580217,186.7122802734375,189932500,0.0,0.0
2026-02-13 00:00:00-05:00,187.25162028422807,187.27160018883805,181.36879569323744,182.58731079101562,161888000,0.0,0.0
2026-02-17 00:00:00-05:00,181.5285959992061,186.92201173748992,178.9617194034806,184.7446746826172,162276900,0.0,0.0
2026-02-18 00:00:00-05:00,188.52005804720127,190.13807962880853,186.53247684939709,187.75099182128906,164749100,0.0,0.0
2026-02-19 00:00:00-05:00,186.8321237354349,188.20044994409497,185.43383529156333,187.6710968017578,126554500,0.0,0.0
2026-02-20 00:00:00-05:00,186.342734664171,190.09814888521723,185.71349722992974,189.58877563476562,178422300,0.0,0.0
2026-02-23 00:00:00-05:00,191.16683922839312,193.71373598373438,189.3490641935772,191.31666564941406,171584800,0.0,0.0
2026-02-24 00:00:00-05:00,191.2567378902843,193.53395924081437,187.171708627792,192.61508178710938,175123600,0.0,0.0
2026-02-25 00:00:00-05:00,194.2131137016724,197.38924768090467,193.5539140704845,195.32176208496094,250637100,0.0,0.0
2026-02-26 00:00:00-05:00,194.03334246429932,194.0533071271398,184.09546670933034,184.66476440429688,360807900,0.0,0.0
2026-02-27 00:00:00-05:00,181.0292033274304,182.36756729714082,176.1651407824763,176.97415161132812,311636500,0.0,0.0
2026-03-02 00:00:00-05:00,174.79680413295333,183.2365228635074,174.42725972943845,182.25770568847656,209095300,0.0,0.0
2026-03-03 00:00:00-05:00,178.27256086028186,180.67961330625172,176.70446619030554,179.83065795898438,178099400,0.0,0.0
2026-03-04 00:00:00-05:00,180.22019302825058,184.47499807110998,179.84065106191534,182.8170166015625,177731200,0.0,0.0
2026-03-05 00:00:00-05:00,180.94929874286032,183.83577756501342,177.6633132926684,183.1166534423828,198779700,0.0,0.0
2026-03-06 00:00:00-05:00,179.6209064601764,182.5373473445644,176.60459654479845,177.60337829589844,189021900,0.0,0.0
2026-03-09 00:00:00-04:00,176.61458806542097,182.68718325690133,175.34613090826778,182.427490234375,177213600,0.0,0.0
2026-03-10 00:00:00-04:00,182.17779858894656,186.21288569214076,181.7882742872215,184.544921875,179118500,0.0,0.0
2026-03-11 00:00:00-04:00,185.6935753620157,187.40157611978597,184.23526832414757,185.8134307861328,145280400,0.01,0.0
2026-03-12 00:00:00-04:00,183.83574790315467,184.72471123223085,181.53842231669145,182.9268035888672,155762700,0.0,0.0
2026-03-13 00:00:00-04:00,184.70472270189353,185.87335881208497,179.73052445930352,180.0401611328125,160988400,0.0,0.0
2026-03-16 00:00:00-04:00,182.7570048934839,188.66012868968363,181.19882333613754,183.0067138671875,217307400,0.0,0.0
2026-03-17 00:00:00-04:00,184.8445618023411,185.1841623368753,181.4684917186082,181.71820068359375,182497800,0.0,0.0
2026-03-18 00:00:00-04:00,182.26756764801692,183.16652908726184,180.12007659614625,180.1899871826172,156683100,0.0,0.0
2026-03-19 00:00:00-04:00,177.80276430906588,179.77047215436778,175.5853475010711,178.3521270751953,170968500,0.0,0.0
2026-03-20 00:00:00-04:00,177.79278016290237,178.05247199547227,171.52009228430225,172.4989471435547,241323500,0.0,0.0
2026-03-23 00:00:00-04:00,177.0536408486584,178.16234927411983,174.55655117338722,175.43553161621094,182836300,0.0,0.0
2026-03-24 00:00:00-04:00,174.6264683383626,176.01484951930743,173.777451794472,174.99603271484375,147667800,0.0,0.0
2026-03-25 00:00:00-04:00,176.89383761026875,181.00903649280792,176.64412864426953,178.47198486328125,162602100,0.0,0.0
2026-03-26 00:00:00-04:00,175.86504388946904,176.30451888215924,170.9407749866337,171.04066467285156,186152200,0.0,0.0
2026-03-27 00:00:00-04:00,169.80209026823204,170.77096223786808,166.81556566439232,167.32498168945312,196212700,0.0,0.0
2026-03-30 00:00:00-04:00,168.58352034150624,169.25273855906806,164.07877596313077,164.97772216796875,185627000,0.0,0.0
2026-03-31 00:00:00-04:00,166.77563225072552,174.41672082635512,166.7656493784466,174.1969757080078,226181300,0.0,0.0
2026-04-01 00:00:00-04:00,175.79511913229018,177.16351944386196,174.54657425208924,175.54541015625,168132000,0.0,0.0
2026-04-02 00:00:00-04:00,171.97954556798163,177.28337661769746,171.170490985778,177.18348693847656,143143200,0.0,0.0
2026-04-06 00:00:00-04:00,176.953760088437,177.58301630024127,175.55538077559635,177.43319702148438,107564300,0.0,0.0
2026-04-07 00:00:00-04:00,175.52541836668527,178.0225079733855,173.4578360976707,177.89266967773438,132534900,0.0,0.0
2026-04-08 00:00:00-04:00,184.28522303450282,185.0443328296099,180.09011531444295,181.8680419921875,147732700,0.0,0.0
2026-04-09 00:00:00-04:00,181.6283100364998,183.86570786090292,180.40972906189933,183.69590759277344,116428500,0.0,0.0
2026-04-10 00:00:00-04:00,184.09543736125556,189.77881591864653,184.08545448929232,188.41041564941406,160459500,0.0,0.0
2026-04-13 00:00:00-04:00,185.81343445538195,189.43921351677633,185.52377876103736,189.08961486816406,133648200,0.0,0.0
2026-04-14 00:00:00-04:00,190.61783708872017,196.28123474121094,190.54792650193752,196.28123474121094,161307000,0.0,0.0
2026-04-15 00:00:00-04:00,196.31119931453722,200.166706463506,195.5121427945441,198.63848876953125,185338400,0.0,0.0
2026-04-16 00:00:00-04:00,197.20015246424893,199.6173486077875,195.58204328148997,198.1190948486328,134012900,0.0,0.0
2026-04-17 00:00:00-04:00,199.66727910555997,201.46518667284232,199.03802288778024,201.44520568847656,160324400,0.0,0.0
2026-04-20 00:00:00-04:00,199.7471876833392,201.9346406188145,197.6096795882359,201.82476806640625,119381400,0.0,0.0
2026-04-21 00:00:00-04:00,201.89470437258373,202.51397775047528,198.76834314349978,199.64732360839844,107945300,0.0,0.0
2026-04-22 00:00:00-04:00,200.75603026628932,202.26426696777344,198.76834136586132,202.26426696777344,107501000,0.0,0.0
2026-04-23 00:00:00-04:00,202.22431724671497,203.59271751351986,196.99041179336916,199.4075927734375,113561800,0.0,0.0
2026-04-24 00:00:00-04:00,199.72721882416832,210.70441481695215,199.57738430538978,208.0275421142578,214134400,0.0,0.0
2026-04-27 00:00:00-04:00,209.4059296471886,216.5775789683675,207.13858324348888,216.3578338623047,187172400,0.0,0.0
2026-04-28 00:00:00-04:00,209.24613572912838,214.4800260296235,207.95762889823203,212.92184448242188,180275400,0.0,0.0
2026-04-29 00:00:00-04:00,212.4523894424142,212.47237042757808,207.33835459433345,209.00640869140625,123711800,0.0,0.0
2026-04-30 00:00:00-04:00,209.68560172993963,210.05518135667162,198.46867945247158,199.33767700195312,225239200,0.0,0.0
2026-05-01 00:00:00-04:00,201.0456862731779,202.76368521944246,196.89052532216473,198.21897888183594,128647000,0.0,0.0
2026-05-04 00:00:00-04:00,199.26774870200734,201.49514834231712,194.51329562325486,198.24893188476562,125368100,0.0,0.0
2026-05-05 00:00:00-04:00,199.06798360144137,200.00689171848026,195.80178617585554,196.271240234375,113406600,0.0,0.0
2026-05-06 00:00:00-04:00,199.65729931010404,208.0275486883452,198.37879062945476,207.5880584716797,188362800,0.0,0.0
2026-05-07 00:00:00-04:00,208.0974592073836,213.95063795079753,206.25960488465944,211.2537841796875,168307900,0.0,0.0
2026-05-08 00:00:00-04:00,212.7820061205359,217.5464575316693,212.642169707093,214.94947814941406,136421400,0.0,0.0
2026-05-11 00:00:00-04:00,213.79081709888328,222.04121091513153,213.64099781886503,219.18453979492188,160685800,0.0,0.0
2026-05-12 00:00:00-04:00,218.29558003818886,223.48952345691538,214.6698009927987,220.52297973632812,159176600,0.0,0.0
2026-05-13 00:00:00-04:00,224.6681467194947,227.57476278227756,221.3120728008497,225.56710815429688,150405400,0.0,0.0
2026-05-14 00:00:00-04:00,229.58243343997336,236.26463268418732,229.03307065698914,235.465576171875,180782900,0.0,0.0
2026-05-15 00:00:00-04:00,229.49252726355346,231.23050718880455,223.97896415639156,225.05770874023438,180977600,0.0,0.0
2026-05-18 00:00:00-04:00,229.60240180074675,229.7322553439391,218.1157890335498,222.0612030029297,146280900,0.0,0.0
2026-05-19 00:00:00-04:00,219.36432694236115,224.21866983705235,217.6563261548179,220.35317993164062,140948200,0.0,0.0
2026-05-20 00:00:00-04:00,222.9201831873553,225.8667612103758,220.2433103590018,223.20985412597656,184201600,0.0,0.0
2026-05-21 00:00:00-04:00,222.03121805596584,227.13526994336974,217.6762930684293,219.25445556640625,203381800,0.0,0.0
2026-05-22 00:00:00-04:00,220.64283833374193,220.75271088945502,214.54994865072538,215.07933044433594,169275700,0.0,0.0
2026-05-26 00:00:00-04:00,216.28791550863897,217.92600574795006,211.75320730356688,214.60987854003906,187202600,0.0,0.0
2026-05-27 00:00:00-04:00,213.87072806866348,213.90069192498567,208.53694826896,212.35250854492188,167601200,0.0,0.0
2026-05-28 00:00:00-04:00,211.03403615445995,215.2691056248748,210.97410844231206,214.00057983398438,143996000,0.0,0.0
2026-05-29 00:00:00-04:00,214.33020874183248,217.6063892667686,210.88422794322287,210.8942108154297,289410600,0.0,0.0
2026-06-01 00:00:00-04:00,215.47885750139108,224.60821672379726,215.44889364463796,224.09881591796875,212850700,0.0,0.0
2026-06-02 00:00:00-04:00,226.91551751623658,232.00958636747916,221.09231801448135,222.56060791015625,193362900,0.0,0.0
2026-06-03 00:00:00-04:00,221.46188713313538,222.56061267075634,214.2602739078757,214.5,160907000,0.0,0.0
2026-06-04 00:00:00-04:00,213.91000366210938,221.60000610351562,210.97000122070312,218.66000366210938,169022200,0.25,0.0
2026-06-05 00:00:00-04:00,214.52999877929688,214.8699951171875,204.3300018310547,205.10000610351562,219655500,0.0,0.0
2026-06-08 00:00:00-04:00,210.17999267578125,210.47000122070312,206.0,208.63999938964844,138372800,0.0,0.0
2026-06-09 00:00:00-04:00,210.6199951171875,211.39999389648438,199.33999633789062,208.19000244140625,180962500,0.0,0.0
2026-06-10 00:00:00-04:00,204.42999267578125,207.22000122070312,199.9199981689453,200.4199981689453,161746600,0.0,0.0
2026-06-11 00:00:00-04:00,201.49000549316406,205.66000366210938,199.5399932861328,204.8699951171875,158643200,0.0,0.0
2026-06-12 00:00:00-04:00,204.86000061035156,207.07000732421875,203.44000244140625,205.19000244140625,112001800,0.0,0.0
2026-06-15 00:00:00-04:00,208.9199981689453,212.7100067138672,208.33999633789062,212.4499969482422,149936700,0.0,0.0
2026-06-16 00:00:00-04:00,211.17999267578125,211.49000549316406,207.2899932861328,207.41000366210938,125694100,0.0,0.0
2026-06-17 00:00:00-04:00,208.52999877929688,209.2100067138672,203.0800018310547,204.64999389648438,128363500,0.0,0.0
2026-06-18 00:00:00-04:00,207.3300018310547,211.38999938964844,206.5,210.69000244140625,241272000,0.0,0.0
2026-06-22 00:00:00-04:00,211.44000244140625,213.99000549316406,207.72000122070312,208.64999389648438,122041400,0.0,0.0
2026-06-23 00:00:00-04:00,202.1699981689453,203.77000427246094,200.0,200.0399932861328,153496200,0.0,0.0
2026-06-24 00:00:00-04:00,200.1199951171875,201.6699981689453,196.5800018310547,199.0,151810700,0.0,0.0
2026-06-25 00:00:00-04:00,200.0800018310547,200.8000030517578,192.1300048828125,195.74000549316406,149550000,0.0,0.0
2026-06-26 00:00:00-04:00,193.1199951171875,195.5500030517578,191.22000122070312,192.52999877929688,179304100,0.0,0.0
2026-06-29 00:00:00-04:00,193.85000610351562,196.17999267578125,189.8000030517578,194.97000122070312,148835700,0.0,0.0
2026-06-30 00:00:00-04:00,197.24000549316406,200.6300048828125,195.11000061035156,200.08999633789062,166476700,0.0,0.0
2026-07-01 00:00:00-04:00,196.1999969482422,199.85000610351562,193.4499969482422,197.5800018310547,146147600,0.0,0.0
2026-07-02 00:00:00-04:00,197.13999938964844,200.05999755859375,192.35000610351562,194.8300018310547,142068700,0.0,0.0
2026-07-06 00:00:00-04:00,194.4199981689453,197.5500030517578,193.99000549316406,195.5500030517578,108999000,0.0,0.0
2026-07-07 00:00:00-04:00,192.3699951171875,198.41000366210938,191.13999938964844,196.92999267578125,124154600,0.0,0.0
2026-07-08 00:00:00-04:00,195.17999267578125,205.16000366210938,195.05999755859375,204.1199951171875,147419100,0.0,0.0
2026-07-09 00:00:00-04:00,204.4600067138672,204.58999633789062,198.9600067138672,202.77999877929688,132037400,0.0,0.0
2026-07-10 00:00:00-04:00,202.0,211.0,201.9199981689453,210.9600067138672,148421000,0.0,0.0
2026-07-13 00:00:00-04:00,208.5399932861328,210.57000732421875,203.0,203.52999877929688,121411000,0.0,0.0
2026-07-14 00:00:00-04:00,208.1999969482422,212.5500030517578,203.8000030517578,211.8000030517578,124379600,0.0,0.0
2026-07-15 00:00:00-04:00,211.9600067138672,213.80999755859375,206.0399932861328,212.5,124797200,0.0,0.0
2026-07-16 00:00:00-04:00,210.1699981689453,211.0800018310547,205.85000610351562,207.39999389648438,122986100,0.0,0.0
2026-07-17 00:00:00-04:00,202.63999938964844,206.64999389648438,197.97000122070312,202.80999755859375,144281900,0.0,0.0
2026-07-20 00:00:00-04:00,205.8699951171875,207.74000549316406,202.27999877929688,203.27999877929688,88701500,0.0,0.0
2026-07-21 00:00:00-04:00,207.5399932861328,208.64999389648438,204.00999450683594,207.2899932861328,108685600,0.0,0.0
2026-07-22 00:00:00-04:00,205.80999755859375,214.38999938964844,204.9499969482422,212.05999755859375,137645600,0.0,0.0
2026-07-23 00:00:00-04:00,209.4600067138672,210.8699951171875,205.9600067138672,208.75999450683594,110505300,0.0,0.0
2026-07-24 00:00:00-04:00,207.4499969482422,211.91000366210938,204.80999755859375,206.83999633789062,114836800,0.0,0.0
2026-07-27 00:00:00-04:00,208.1999969482422,208.75,195.44000244140625,196.50999450683594,154353700,0.0,0.0
2026-07-28 00:00:00-04:00,195.0,198.6999969482422,192.74000549316406,197.00999450683594,134111500,0.0,0.0
2026-07-29 00:00:00-04:00,195.85000610351562,197.07000732421875,190.00999450683594,190.00999450683594,147680800,0.0,0.0
2026-07-30 00:00:00-04:00,193.4499969482422,197.25,191.52000427246094,195.0399932861328,129010200,0.0,0.0
2026-07-31 00:00:00-04:00,198.44000244140625,202.0,194.9499969482422,200.75,139961200,0.0,0.0
2026-08-03 00:00:00-04:00,197.69000244140625,208.74000549316406,196.85000610351562,206.63999938964844,128406900,0.0,0.0
2026-08-04 00:00:00-04:00,211.3000030517578,213.05999755859375,209.0500030517578,211.94000244140625,134922000,0.0,0.0
2026-08-05 00:00:00-04:00,216.86000061035156,222.22000122070312,216.39999389648438,219.22000122070312,158187400,0.0,0.0
2026-08-06 00:00:00-04:00,221.52999877929688,223.6300048828125,217.0,218.99000549316406,113940600,0.0,0.0
2026-08-07 00:00:00-04:00,221.5399932861328,224.75999450683594,220.66000366210938,223.9600067138672,105669400,0.0,0.0
2026-08-10 00:00:00-04:00,223.39999389648438,224.13999938964844,216.77000427246094,217.5500030517578,115846600,0.0,0.0
2026-08-11 00:00:00-04:00,222.1699981689453,222.1999969482422,216.1999969482422,217.5,101273100,0.0,0.0
2026-08-12 00:00:00-04:00,221.0399932861328,225.10000610351562,220.1999969482422,224.08999633789062,108783600,0.0,0.0
2026-08-13 00:00:00-04:00,225.05999755859375,227.22999572753906,223.7100067138672,225.3000030517578,98867200,0.0,0.0
2026-08-14 00:00:00-04:00,226.77000427246094,227.49000549316406,224.5,225.16000366210938,75680900,0.0,0.0
2026-08-17 00:00:00-04:00,225.97999572753906,227.9199981689453,224.86000061035156,225.00999450683594,93678700,0.0,0.0
2026-08-18 00:00:00-04:00,220.4499969482422,221.63999938964844,218.69000244140625,219.74000549316406,103128200,0.0,0.0
2026-08-19 00:00:00-04:00,221.6699981689453,222.8699951171875,216.75999450683594,217.55999755859375,96797300,0.0,0.0
2026-08-20 00:00:00-04:00,218.36000061035156,219.86000061035156,215.66000366210938,216.85000610351562,92457000,0.0,0.0
2026-08-21 00:00:00-04:00,218.4199981689453,218.74000549316406,214.5,214.72000122070312,98869300,0.0,0.0
2026-08-24 00:00:00-04:00,215.52999877929688,215.58999633789062,207.25,208.47999572753906,134796300,0.0,0.0
